,SPY,M0,M1,M2,M3,M4,M5,M6,M7,M_Unified
2018-01-30 00:00:00+00:00,1.0201371423295058,0.9992668914221641,0.999436402599716,0.9994364025997159,0.9992767615851812,0.9992687735373745,0.9993559367651261,0.9993999156826929,0.9998381700105436,0.9993532782182885
2018-01-31 00:00:00+00:00,1.050273043593432,1.0316487804743606,1.0353516445728916,1.0353516445728914,1.0317997146079003,1.0316672772081878,1.0314724082371223,1.0322577912916588,1.0399336812103164,1.0364326879748764
2018-02-01 00:00:00+00:00,1.0348725344844316,1.0155612178184596,1.0175630473677668,1.0175630473677661,1.0156059718607569,1.015576580205716,1.0153178392592705,1.0148067303315562,1.0204885006496227,1.0147455336532378
2018-02-02 00:00:00+00:00,1.0385293130749442,1.0226247983176306,1.0270681652369233,1.0270681652369231,1.0228350643892055,1.0226414621083746,1.0216795132435401,1.0225801389927003,1.0247352933467528,1.026859303804435
2018-02-05 00:00:00+00:00,1.058437473207546,1.0447745453154853,1.049380499060795,1.0493804990607947,1.0449606200096344,1.0447933885288507,1.0443527234507934,1.0447629325002188,1.0476883403667436,1.0499029920098597
2018-02-06 00:00:00+00:00,1.0647016179202817,1.0495843367897837,1.0532519155014886,1.0532519155014883,1.049703219085639,1.0496029532238091,1.0492520660312072,1.0487281925850234,1.0543196718175227,1.050788698786843
2018-02-07 00:00:00+00:00,1.0833588300544206,1.0700020374883277,1.0760302813134588,1.0760302813134583,1.070232657613404,1.0700272497699297,1.069713646053459,1.0692655876510428,1.081091957598984,1.075990430107966
2018-02-08 00:00:00+00:00,1.090301462813579,1.0779628939343875,1.0850692453797774,1.085069245379777,1.0782439367575771,1.0780002271079925,1.0777222232642498,1.0767682410240556,1.090599698695694,1.0834683513576162
2018-02-09 00:00:00+00:00,1.0826207052387549,1.0709452961356063,1.079672308422288,1.0796723084222875,1.071324780398549,1.0709742547594547,1.0707364234629941,1.0700558392276684,1.0793480699061968,1.079213610808728
2018-02-12 00:00:00+00:00,1.077845748487419,1.0668805983444336,1.0760932407406865,1.0760932407406862,1.067310459855124,1.066901328603545,1.066692731087001,1.0662746520103203,1.0720894412834783,1.0757463279732509
2018-02-13 00:00:00+00:00,1.0877103225515914,1.0794587947743783,1.0891342843482612,1.0891342843482608,1.0798865542710896,1.0794877700064827,1.0792946386669897,1.0789574312854022,1.0834801966641658,1.0907054421328735
2018-02-14 00:00:00+00:00,1.0863771048994946,1.0782794068487955,1.0884611661688273,1.0884611661688266,1.0787181252689106,1.0783133657108976,1.0781569207849575,1.0780654704131125,1.0811642234780063,1.09235643045276
2018-02-15 00:00:00+00:00,1.0961093015921213,1.0885909713392468,1.1001630015226718,1.1001630015226709,1.0891177797576228,1.0886185709177483,1.088465176298858,1.088501999914144,1.090446919415485,1.1041518860215864
2018-02-16 00:00:00+00:00,1.0922731246490667,1.0874075332055395,1.099408108242152,1.0994081082421514,1.08798234563438,1.0874494747113164,1.087251943128417,1.0875021548294024,1.0898249280713197,1.1047388119703354
2018-02-19 00:00:00+00:00,1.1053729767228548,1.1006445890907346,1.1143216025488596,1.114321602548859,1.1013444597698652,1.1006824196886948,1.100455370757903,1.1010023354541878,1.1046179411198274,1.120130498278376
2018-02-20 00:00:00+00:00,1.067033788420314,1.0603129017933401,1.070920718465959,1.0709207184659582,1.0608692009599063,1.0603827496719838,1.0600776928108546,1.0605493203182863,1.063022550256208,1.0726052713057197
2018-02-21 00:00:00+00:00,1.069883302188125,1.0630286128606787,1.0734864078500865,1.0734864078500856,1.0635616016698717,1.0631056879097813,1.0627676818810001,1.0636945721270834,1.0652389996305212,1.075207761498907
2018-02-22 00:00:00+00:00,1.060884794453419,1.0530159173185059,1.0596064957607523,1.0596064957607514,1.053325871436906,1.0530849420695758,1.052713418423836,1.053293702938667,1.0519394538076754,1.0573542786076566
2018-02-23 00:00:00+00:00,1.039911164490131,1.0305342166412377,1.036492644891563,1.0364926448915621,1.0308168077121949,1.0305682989800329,1.0302082340946124,1.030767833225751,1.0202719988628275,1.0345824859033184
2018-02-26 00:00:00+00:00,1.0242469263880103,1.013704305783619,1.0197325924527634,1.0197325924527625,1.0139598677220254,1.013764447090608,1.013476755005004,1.013855616995618,1.0089847310872944,1.0175801534332023
2018-02-27 00:00:00+00:00,1.0183292079008615,1.00696818306251,1.0129983618118288,1.0129983618118281,1.0072223714775053,1.007015693204426,1.00670648283146,1.0076037026745703,0.9967123880348046,1.0132793662072805
2018-02-28 00:00:00+00:00,1.0298247653884498,1.020852688844507,1.0253874002969976,1.0250362441246834,1.020973763091343,1.0209028447806197,1.0206161896380288,1.0209083371684204,1.0173649181843343,1.026846572208889
2018-03-01 00:00:00+00:00,1.031370001580886,1.0221418332412728,1.02668383749057,1.0261517672328253,1.0223130772989653,1.0221908071190104,1.0219102347309852,1.0221389866597759,1.0182093330707136,1.0267378542743824
2018-03-02 00:00:00+00:00,1.0142319179296908,1.002945251007924,1.0056116158316628,1.0160360940914754,1.003009027508065,1.0029875942877466,1.002704068937377,1.0024814272929408,1.0062400707650543,1.0122584255894838
2018-03-05 00:00:00+00:00,1.0197377012092022,1.0080851396305095,1.0116697279300806,1.0187168860502915,1.0081692602283918,1.0081310267611678,1.0078738508725613,1.0077773510165753,1.0104810987288126,1.0157962462036956
2018-03-06 00:00:00+00:00,1.0351828944189299,1.0257907412695633,1.031098613792322,1.0280599644467758,1.0259596134995086,1.0258294331061457,1.0255072307692144,1.0259262906235784,1.0180737486740647,1.028298876663424
2018-03-07 00:00:00+00:00,1.029259179097714,1.0227897214499682,1.0282352392808947,1.0265200983086766,1.0229642223550084,1.0228334953741567,1.0225790643979364,1.023191376412674,1.0183420390479885,1.0272806730173745
2018-03-08 00:00:00+00:00,1.0212280429817553,1.0154925760290787,1.0201981547605046,1.0223045361587768,1.015612891540808,1.015537606810531,1.0153297491306623,1.0156909178440712,1.012750056981077,1.0219101912082784
2018-03-09 00:00:00+00:00,0.9992158941689344,0.9902685420064767,0.9921280114876151,1.0090136355479293,0.9902477629767414,0.9903066342639821,0.990059445924965,0.9901305831677556,0.9974850876470291,1.0061225299755125
2018-03-12 00:00:00+00:00,1.0113544252105815,1.0019955503246527,1.004933536533203,1.0153473925804108,1.0020315285340877,1.0020323888530571,1.0017724940243173,1.0018420157418833,1.0031962468799338,1.0127480144615861
2018-03-13 00:00:00+00:00,0.9856161618918343,0.9743076992788356,0.9749819563312973,1.0009109495034538,0.9742625862541962,0.9743420361062588,0.9740696373022911,0.9740206669646747,0.985090109003216,0.9947099399618955
2018-03-14 00:00:00+00:00,0.9839318895810575,0.9715431663092666,0.9714642441435676,0.9995027736652132,0.971478875000712,0.9715788882124939,0.9712720370835193,0.9709139543477383,0.9826740872864183,0.9920892634544812
2018-03-15 00:00:00+00:00,0.9881269473681624,0.9764402899662791,0.978397562392178,1.0028273889483126,0.9764964823396148,0.9764827526020419,0.9762189919453184,0.9763042817792964,0.9876612347378453,0.9971455757374486
2018-03-16 00:00:00+00:00,0.9938892277911174,0.9849419969212246,0.9888621593557506,1.0074552248694812,0.9850532603288902,0.9849857818888151,0.9847138714214486,0.9855756442856342,0.9943278665777076,1.0046953708955837
2018-03-19 00:00:00+00:00,1.0092702770826807,1.0016792994102999,1.0063893819614125,1.015989420710944,1.0017984274758243,1.0017307832231979,1.0015268576380034,1.0019767908998731,1.0064528517334492,1.0124834007916497
2018-03-20 00:00:00+00:00,1.0122809673725233,1.0019080035281394,1.005790636792033,1.0155960316384172,1.0019659824841927,1.0019582675613135,1.0017724031676283,1.0018997940365397,1.006390152557789,1.0108111875003138
2018-03-21 00:00:00+00:00,0.9951664545842299,0.9835026063315964,0.985591214773286,1.0059092698317664,0.9835019926674679,0.983548597029643,0.9834000751706206,0.9831872992800953,0.9972042637129306,0.9992932898146266
2018-03-22 00:00:00+00:00,0.9836634512791815,0.9734438077420532,0.9755623677941867,1.0008963372029172,0.9734427566893615,0.9734898496209026,0.9733759671566836,0.97335878542952,0.9908380570236699,0.9936333773537758
2018-03-23 00:00:00+00:00,0.9647358250099465,0.9517122338663282,0.9520720308777872,0.9896545340088271,0.9517017384685722,0.9517511959765704,0.9516260155916093,0.951663255004041,0.9782686865866824,0.9810440403239387
2018-03-26 00:00:00+00:00,0.9593807688925162,0.9475163775456478,0.9462481795226987,0.9869814896579883,0.9474123075857612,0.947558786618141,0.9474287974489773,0.9475427811068349,0.9757267548986343,0.9780915781963251
2018-03-27 00:00:00+00:00,0.9598788560493345,0.9506653047814867,0.9501889995865582,0.9889557263384072,0.950591131618103,0.9507062380302728,0.9505527096106983,0.9504103955736641,0.9768715143322206,0.9792872872856807
2018-03-28 00:00:00+00:00,0.9680481354508782,0.9599561468191244,0.9616692297057883,0.9942500254757463,0.9599762400981934,0.9599909142497266,0.9597962304951191,0.9601499018511619,0.9797713576655573,0.9865617479408704
2018-03-29 00:00:00+00:00,0.964377438771628,0.9567624955301963,0.9580508157672293,0.992635768146057,0.9567829158156357,0.95680162144031,0.9565910160949576,0.9570724285466012,0.976963018546655,0.9849509227872806
2018-03-30 00:00:00+00:00,0.9645292342932017,0.9570754166305833,0.9582457296272201,0.9928314609569531,0.9570907300386999,0.9571229564741113,0.9569213963543567,0.9570456025450003,0.9768277254851906,0.9841675875052202
2018-04-02 00:00:00+00:00,0.9672514943305208,0.9618574992956594,0.962932932639362,0.9952542208469413,0.9618718427257431,0.9619085099704175,0.9617505522697689,0.9620144229574207,0.9811756651034416,0.9884052711865464
2018-04-03 00:00:00+00:00,0.9614300379285302,0.9554212177190383,0.9567906909294004,0.9921505378519249,0.9554711759487422,0.9554792369743902,0.9553047625876042,0.9556402215711377,0.9766749600050271,0.9849562370910511
2018-04-04 00:00:00+00:00,0.9707711292026556,0.9670989041893183,0.9711776873974484,0.9989192371719973,0.9672313345837993,0.9671606694866716,0.9670290356846045,0.9676371350551672,0.9850394316970397,0.9923543793351276
2018-04-05 00:00:00+00:00,0.9658608993726496,0.962554976562927,0.965629147357397,0.9962714505878197,0.9626166919220456,0.9626094880639039,0.9624282184576766,0.9631886667988245,0.9802814266547173,0.9890189255962997
2018-04-06 00:00:00+00:00,0.9686683666914896,0.964966739322538,0.96794056455977,0.9975990518557731,0.9650287810683772,0.965016740980982,0.9647729913654342,0.9651602570866669,0.9818811696492402,0.9889283142970893
2018-04-09 00:00:00+00:00,0.9816244461415113,0.9794531470547334,0.9832593229019814,1.005251798481711,0.9795441870346774,0.9795094337155834,0.9792739666752996,0.9800348043024576,0.9880532582931494,0.9975500682681356
2018-04-10 00:00:00+00:00,0.9931266488117593,0.9936245492079366,1.0003683885380035,1.0133427341867913,0.9938349410485365,0.9936818800828812,0.9934726824531565,0.9946749589353714,0.9969279069385726,1.0073262540704382
2018-04-11 00:00:00+00:00,0.9743577689613568,0.9749335572264451,0.9795040403190473,1.00363382813531,0.9750959725803137,0.974985455888859,0.9747829456244478,0.9763324413191687,0.9836914625439914,0.9978327072399867
2018-04-12 00:00:00+00:00,0.9901901408350798,0.9932708519816398,1.0003364863562447,1.013490853931611,0.99355235102874,0.9933292841112331,0.9931320033066219,0.9947364549898186,0.9960367432770421,1.0083286138984964
2018-04-13 00:00:00+00:00,0.9875331113787894,0.9892222411885871,0.9944849026828582,1.0111633286278996,0.9894947683320043,0.9892823847197932,0.989077841603038,0.9899018790027592,0.9940262671798176,1.004071665399781
2018-04-16 00:00:00+00:00,0.9550023316399912,0.9554157602110094,0.9578266834704648,0.99378479718935,0.9555864670633437,0.9554686417522502,0.9552728236984491,0.9556161203327179,0.9712809785687129,0.9836743151607975
2018-04-17 00:00:00+00:00,0.9566081536668907,0.9576888281706207,0.9602823797864071,0.9948235059351699,0.9578514238255909,0.9577367742233583,0.9575364507427371,0.958139707266842,0.9704154420028622,0.9852851315131852
2018-04-18 00:00:00+00:00,0.9634284361868009,0.9673068705526855,0.9700226153944603,0.9995799688508248,0.9674372454928503,0.9673547530145231,0.967173132131887,0.9675210474242125,0.9779011855417241,0.9894006238095868
2018-04-19 00:00:00+00:00,0.9700289168660032,0.9761051631718821,0.9788826300430012,1.0038009955475709,0.9761997915423423,0.9761589759689873,0.9760148612471037,0.9757718954107851,0.984418717889491,0.9916147735120876
2018-04-20 00:00:00+00:00,0.9561265961950038,0.9602076889667122,0.9595765015204134,0.9947365498450442,0.9601316437829817,0.9602561698293666,0.9601063309134455,0.9592248459458597,0.9730029740932088,0.9802257546233843
2018-04-23 00:00:00+00:00,0.9895494307456111,0.9967886099650884,0.9978885938518949,1.0133978416075977,0.9967463214050449,0.9968352860211221,0.9966628573072279,0.9958592810967986,0.9935041047245414,1.0010586734881581
2018-04-24 00:00:00+00:00,0.9917864375650262,1.0009874234959,1.0006030395334933,1.0139895806236743,1.0008560240509479,1.0010271179996277,1.0008432129340457,0.9997285922587438,0.9944720801677195,1.000849779751397
2018-04-25 00:00:00+00:00,0.9983717042382456,1.0096494591749121,1.009503278166262,1.0267099218825562,1.0095065556745726,1.0096866257036672,1.0094927296636336,1.0084709154276692,1.0053826053008066,1.0110377330084854
2018-04-26 00:00:00+00:00,1.0081122278210681,1.0204204934840144,1.021238052683297,1.0424852305147407,1.0203475914338207,1.0204659130667462,1.0202800177194769,1.0196529734792124,1.0239554154187842,1.0266977595775393
2018-04-27 00:00:00+00:00,0.9871009605976495,0.9980028097050078,0.997436145288051,1.0100360306113367,0.9978523828990935,0.998045664497218,0.9978479797311036,0.9975809950196503,0.9945971539411445,0.9985645185604197
2018-04-30 00:00:00+00:00,1.0004363341867315,1.0117798221179681,1.012509557746305,1.025272378665642,1.0117158846513739,1.0118255872086837,1.011627741474587,1.011504443670886,1.0147063772081857,1.0170624898281337
2018-05-01 00:00:00+00:00,0.9833100889624019,0.9912222341018474,0.9912830133214823,1.0043458871883635,0.9911476413037945,0.9912574688195812,0.9910561293300412,0.9908543198964821,1.0005280822348799,1.0042658169376426
2018-05-02 00:00:00+00:00,0.9861669160110816,0.9939191634367655,0.9941588857699726,1.0082813103316661,0.9938427584269051,0.9939670349622667,0.9937557566540361,0.9930485031978453,1.010220782255677,1.0059800141474873
2018-05-03 00:00:00+00:00,0.9661669210915268,0.9729168492974961,0.9714816358774396,0.9773566622610395,0.9727909240843663,0.9729646361746056,0.9727627565537738,0.9720667461411135,0.9782889041642953,0.9747854085775376
2018-05-04 00:00:00+00:00,0.9705952087133124,0.978230833545651,0.9777812613163116,0.9852118854519527,0.9781677637007056,0.9782840574120134,0.9780976175302895,0.9772192498675458,0.9827936928660267,0.977590685504618
2018-05-07 00:00:00+00:00,0.9718134665481892,0.9798537386899197,0.9797386484687409,0.9859502788867073,0.9797855237999648,0.9799055005617764,0.9797346208078715,0.9786690630487644,0.982795596734561,0.977984429160321
2018-05-08 00:00:00+00:00,0.9871410377884178,0.9961781124860087,0.9981035785306026,0.9943883694291579,0.9961810555048204,0.9962284636952699,0.9960310977056334,0.9954295577331196,0.9895141947201298,0.989811449252454
2018-05-09 00:00:00+00:00,0.999988352570853,1.0068257356255772,1.008054351365897,0.9990430052541937,1.0067474088466373,1.0068756336799374,1.0066765788219034,1.005425690178483,0.9956360711139314,0.9936120275221386
2018-05-10 00:00:00+00:00,1.0012782190951215,1.0074086220332905,1.0067649091185367,0.9977327641946858,1.007194098906978,1.007447171156892,1.0072361752333665,1.0056063172994605,0.9960072799898577,0.9921924629540922
2018-05-11 00:00:00+00:00,0.9946205271286266,1.0007654270208821,0.9990822881554284,0.98676956003659,1.0004981295484172,1.000793503391959,1.0005914315963442,0.9987492285144979,0.9909030717199514,0.987623190142906
2018-05-14 00:00:00+00:00,0.9926515204055842,0.99681118197159,0.9932393200334643,0.9808174643941528,0.996444606679315,0.9968398879745758,0.996623716767571,0.9943270109217945,0.9881856292730118,0.9835651401338578
2018-05-15 00:00:00+00:00,1.0020107548598032,1.0065263037205976,1.00312966469713,0.9853710195644146,1.0061723472896387,1.0065564209987055,1.0063176514562542,1.0036957332714145,0.9916505226162219,0.9888336578712398
2018-05-16 00:00:00+00:00,0.999866844516246,1.0068328318418505,1.005701677148902,0.9893015440004872,1.006617732566142,1.0068639486787883,1.0066485479181682,1.0039622713017813,0.9862457844964295,0.9912663131377734
2018-05-17 00:00:00+00:00,0.9938284041568713,1.0000163075386315,0.9984742942183336,0.9796151015036325,0.9998044927451954,1.000049632628993,0.999869945840778,0.9971429512503299,0.9761854716716182,0.982124041680226
2018-05-18 00:00:00+00:00,1.0017281200119266,1.0089815275940455,1.0065759515059003,0.989643160298798,1.0087115035322545,1.0090024549822125,1.0088006352389813,1.0061552134069662,0.9825760379677528,0.9920150452491839
2018-05-21 00:00:00+00:00,0.9944502026482651,1.0001338342294221,0.9953953267369547,0.9734381383805615,0.9997497086542569,1.000154466805566,0.99994469789042,0.9968502462707435,0.970896590535029,0.9728076814621429
2018-05-22 00:00:00+00:00,1.0168638704890602,1.0247148821943208,1.0214255665236327,1.0068188367934827,1.0244164234966144,1.0247335950175438,1.024467175652406,1.0214070211579216,0.9834244989258171,0.9892344548956733
2018-05-23 00:00:00+00:00,1.0100714237982742,1.019558700118973,1.0164105510756474,1.003630095151759,1.0192383285388018,1.0195768266956435,1.0192964184657582,1.0167087855198655,0.9811100405176139,0.987278938679989
2018-05-24 00:00:00+00:00,0.9965416642680384,1.004078780270338,0.9998447352928121,0.9820771115679703,1.0036808589607198,1.0040928179665842,1.003771439940578,1.0018813919975944,0.9704902269357929,0.9778600895026385
2018-05-25 00:00:00+00:00,0.9885708097041568,0.9965951735793218,0.9910286880114552,0.9697678838835576,0.9961318969484761,0.9966093182242989,0.9962913231854134,0.9943619453817112,0.9660059154323072,0.9724112972882444
2018-05-28 00:00:00+00:00,0.9675885408650464,0.9760699011570085,0.9701356631694287,0.9603677138040927,0.9756684108896866,0.976082670374872,0.9757431406361189,0.9738200082255565,0.9529477165449246,0.9593562429885588
2018-05-29 00:00:00+00:00,0.9648100867864531,0.975400141540938,0.9692699625299298,0.9596354223801123,0.9749679692054625,0.9754191792559279,0.9751495283619511,0.972842052679374,0.9524477509849244,0.95763774105548
2018-05-30 00:00:00+00:00,0.971412993794906,0.9841683400276965,0.978759699035952,0.9638475949648763,0.9837430768212948,0.9841928024200653,0.9839410941091341,0.981885636950691,0.9586380669933967,0.9638389835483944
2018-05-31 00:00:00+00:00,0.9901991055923317,1.0017148771125446,0.9983708816106793,0.9728676787941809,1.001364683338605,1.0017363707683988,1.0014887705893902,0.9997458867189689,0.9670794564438796,0.9751527471160852
2018-06-01 00:00:00+00:00,0.9986434290509634,1.0108486426493877,1.0084640194611036,0.9771546073193462,1.0105566331893174,1.0108705137938814,1.0106133792079723,1.0090861120505672,0.9707050343802794,0.9812911497281809
2018-06-04 00:00:00+00:00,0.9874567350651368,1.000708262967841,0.9964866694261478,0.9608082002118438,1.0003307202123934,1.000728336007623,1.0004559754975737,0.9985410344673807,0.9643398218594973,0.9727167685701943
2018-06-05 00:00:00+00:00,0.9764902513366481,0.9883726972497032,0.9833498594174815,0.9441404563284972,0.9879598836659591,0.9883829337294567,0.9880722945992962,0.986080561135505,0.9434374046037132,0.9563709259028514
2018-06-06 00:00:00+00:00,0.9765262617355768,0.9866368449900951,0.9819980524319496,0.9422089731608342,0.9862580974398087,0.9866536784035185,0.986354995174723,0.9843539443421518,0.942204312712399,0.9553423688769732
2018-06-07 00:00:00+00:00,0.9773500337252554,0.9905075046662454,0.9883469614386516,0.9445193885513602,0.9902417857063076,0.9905236238127929,0.9902262488462102,0.9886890255517872,0.9428580246776335,0.960192369560722
2018-06-08 00:00:00+00:00,0.9739515788915174,0.98737504458027,0.9824539828458498,0.9423194322589457,0.9869641725204374,0.9873900562350241,0.9871043812538363,0.9851634670628111,0.9398839027047146,0.9560854503269954
2018-06-11 00:00:00+00:00,0.9958574749432871,1.012936745753054,1.0089459134279086,0.9546804725294792,1.0125477207220321,1.0129710090044333,1.01270492094924,1.0109733838041939,0.9549941953004983,0.9720447086888879
2018-06-12 00:00:00+00:00,0.9926965004649063,1.009722343340892,1.0038284571434426,0.952543687222679,1.0092214948563445,1.0097443403921298,1.0094365764913769,1.0075705848870875,0.9511681541043236,0.9697394415596843
2018-06-13 00:00:00+00:00,0.9886116237015661,1.0062106612724628,0.9999786812749615,0.9505013587795881,1.0056947513171512,1.0062306877835858,1.0059397406368185,1.003862403779923,0.9495171332485526,0.966392495344603
2018-06-14 00:00:00+00:00,0.9904628982518126,1.0060759906030514,1.0003527580251623,0.9506060582035274,1.0055931106634253,1.0060954676287976,1.0058116171157536,1.0040724091262256,0.9480397880474257,0.9673459421177075
2018-06-15 00:00:00+00:00,0.986629232243212,1.0031211328462366,0.9966807396635853,0.9489349593206967,1.0025931851520657,1.0031319177750355,1.0028271689093389,1.000835722353666,0.9450758112121378,0.9649671420119054
2018-06-18 00:00:00+00:00,0.9900811061391788,1.007834578987573,1.000751496466544,0.9508282547860212,1.0072904951486918,1.0078516178948747,1.007554582038331,1.005086556056074,0.9478781878348119,0.9657866629780231
2018-06-19 00:00:00+00:00,0.9939543317933177,1.0099608129231052,1.0037134638407286,0.9520777041470556,1.009438151364797,1.0099709313708565,1.009658962023525,1.0071471906442884,0.9476103203347873,0.9670097579328569
2018-06-20 00:00:00+00:00,1.0045895682291677,1.0228812718311941,1.0164039065486976,0.957815944848979,1.022297225784277,1.0229009345016438,1.0225761184842725,1.0197847216105238,0.9551227125631649,0.9726555621982613
2018-06-21 00:00:00+00:00,0.9991147730753236,1.018569162194526,1.0100128044862537,0.9551731358517127,1.0178706233564385,1.0185733022114196,1.0182497277942484,1.014628174046833,0.9512288964931455,0.9683040311112818
2018-06-22 00:00:00+00:00,1.0170089530235613,1.0390684198181024,1.0332377715162135,0.9653271469081945,1.038477324483744,1.039080825416571,1.0387934451047998,1.035172877893889,0.964273404766156,0.9800638554718825
2018-06-25 00:00:00+00:00,1.0168582602288905,1.039669011418754,1.0336652648589308,0.9650551461328879,1.0390780883037898,1.039680275121842,1.0394238647089569,1.0354184884539521,0.9646623231857501,0.9801253222383752
2018-06-26 00:00:00+00:00,1.0158922566592383,1.0373776660644527,1.0308399965931034,0.9617001530887985,1.0367437575946343,1.0373887076121355,1.0371540518311158,1.0328053366938306,0.9602221304876888,0.9768943511420132
2018-06-27 00:00:00+00:00,1.004155295416581,1.0261858937879542,1.0191822613128052,0.9471777799478995,1.025529754497361,1.0261946013748071,1.0259378388040865,1.0217409246718403,0.9453094503095615,0.9636945515457095
2018-06-28 00:00:00+00:00,1.0197641906183423,1.0423045892210998,1.0365436320888932,0.9685384982647146,1.041708785582494,1.0423145852563551,1.042088973386008,1.0377216060125358,0.9690553522153643,0.9844033791253723
2018-06-29 00:00:00+00:00,1.0198765209938834,1.0430084865167741,1.03604896207608,0.9669758102580054,1.0423527354443836,1.043006929324436,1.0427378209473823,1.0381238604082073,0.9722536499353728,0.9796192607351801
2018-07-02 00:00:00+00:00,1.0353848119343843,1.0611978566583158,1.0556361459749344,0.9914345240256819,1.0606179581085184,1.0611979384661288,1.0608894588488906,1.0564111446179374,0.9950295673454778,1.0043672008424847
2018-07-03 00:00:00+00:00,1.0474265694219178,1.0706858212039083,1.0656010673905838,1.0040636554728843,1.0701223847187542,1.0706992641132926,1.070411450402284,1.0665150918893596,1.0011703516068202,1.0120327681722094
2018-07-04 00:00:00+00:00,1.0510257038985504,1.0741842645144484,1.069654203495841,1.008338776962056,1.0736463980266953,1.0741979175126872,1.073912983951881,1.0707756380242495,1.000523788305139,1.0184274556517339
2018-07-05 00:00:00+00:00,1.0454013857024496,1.0690961530932777,1.0654060626483366,1.0020312504376947,1.0686620627944539,1.0691052838055943,1.0687795566684544,1.0664827652834918,0.9918309152116421,1.0162412421667708
2018-07-06 00:00:00+00:00,1.0468863668034107,1.0691225692222834,1.0650395135816486,1.0004046296002431,1.0686872810062282,1.0691349777009282,1.0688522107422156,1.0656985218461719,0.9933916573229148,1.011318046690088
2018-07-09 00:00:00+00:00,1.0489768095312468,1.0703721712748426,1.0682935218998886,1.0057759549257956,1.070075437190049,1.0703881471663843,1.070147059075074,1.0674301586096295,0.9969508362264103,1.0196023708576774
2018-07-10 00:00:00+00:00,1.0483502273871295,1.0700608165713743,1.0686220629825354,1.006341760348993,1.069826007600381,1.0700768328597774,1.0698266045712554,1.066755464522776,0.9975749092260076,1.019247064765965
2018-07-11 00:00:00+00:00,1.0743567903041735,1.0964167386947419,1.0980822079060284,1.043207653055299,1.096388393530365,1.0964378643769654,1.0962252014700045,1.0937792848052055,1.0119289703415026,1.0382225022452525
2018-07-12 00:00:00+00:00,1.0638957834809153,1.0872191924087038,1.088510796401681,1.0315243269040042,1.0871707056865536,1.0872389321193245,1.087030900443757,1.0844983354331106,1.007897031995989,1.032944740179703
2018-07-13 00:00:00+00:00,1.0584081764039948,1.0817337608576656,1.0803769521228666,1.0202821688280903,1.0815145949316551,1.0817527970130503,1.0815551099053053,1.0787667408482449,1.0054102982338164,1.0268905036100218
2018-07-16 00:00:00+00:00,1.0765969147113728,1.1027491374306393,1.1015701167198901,1.0463353673842544,1.1025280308596328,1.1027768895934769,1.1026175534939169,1.0996683391418274,1.0368697133012295,1.05184561588109
2018-07-17 00:00:00+00:00,1.0940504399215238,1.1199048165108063,1.1213576085882067,1.0714262689122727,1.1198651900622554,1.119940841558696,1.119826228744558,1.1166769470239581,1.0616267849933012,1.0770786936537071
2018-07-18 00:00:00+00:00,1.0919276240901612,1.1181787960794962,1.1182804477095007,1.0671802260703847,1.1180533284288765,1.1182101290107704,1.1180202248277247,1.1149754548532866,1.0599299209637203,1.0729683035960769
2018-07-19 00:00:00+00:00,1.098946146503752,1.1257704962898696,1.1270583599686022,1.0773775090142939,1.1257545847824084,1.1257950540126802,1.1256110529515853,1.1238108212681672,1.064611161545301,1.0890886171031624
2018-07-20 00:00:00+00:00,1.0996055250936216,1.1242059629673047,1.1238039845095762,1.072063672704833,1.1240840643218621,1.1242240863135766,1.1240213190518993,1.121797752089713,1.0561038782222536,1.0819566961278568
2018-07-23 00:00:00+00:00,1.1023671459558135,1.1273965143735456,1.1294666274074345,1.0793462964483125,1.1274590632092714,1.1274168353478338,1.1272189877636682,1.1255219070318128,1.0623707693203124,1.0917398446404252
2018-07-24 00:00:00+00:00,1.093126856645147,1.1206955881532827,1.1187890928673394,1.0641345493578556,1.120492350544396,1.120720244959587,1.1205040831884303,1.118228338200531,1.0505174458022712,1.0728676771162982
2018-07-25 00:00:00+00:00,1.113681807441927,1.1429968043419554,1.13894737022359,1.0881103438356698,1.1426230662150338,1.1430263817681168,1.142828788590175,1.139652204093557,1.0632789712270139,1.0827732641136927
2018-07-26 00:00:00+00:00,1.1137825841049211,1.1435121116162839,1.1398260161939437,1.089503837415721,1.143170320334383,1.1435396281726575,1.1433690032127495,1.1395317802423337,1.06726952778435,1.0822885447150699
2018-07-27 00:00:00+00:00,1.1310036270292738,1.16292068899483,1.1593312693105544,1.1080446156687256,1.1625575447764585,1.1629470009387304,1.162766447566824,1.1585660381531402,1.0888004328628087,1.1072740198418802
2018-07-30 00:00:00+00:00,1.1264236901289495,1.157758518741977,1.1541216370034026,1.1012089687977507,1.1574034084080282,1.1577791123021144,1.1576138647452476,1.153447829872507,1.0829508643365742,1.1027242910159434
2018-07-31 00:00:00+00:00,1.1403267755422541,1.1731471591155556,1.171867026605276,1.1228645626323968,1.172960033785712,1.1731647386060953,1.1729985886640653,1.1689694658768213,1.0972150977421211,1.1250192177261176
2018-08-01 00:00:00+00:00,1.1343822439812934,1.1630146676478044,1.1617336083323657,1.1106363004700202,1.162829618360857,1.1630236654612154,1.1628192606711307,1.1591457077841807,1.0911417540829065,1.1196818203973224
2018-08-02 00:00:00+00:00,1.1070424270739183,1.1327642312274246,1.1278792432968456,1.0677849982420755,1.1323664626031638,1.132774161639281,1.1325904335721706,1.1271560139838817,1.0728469630859556,1.0946683555915648
2018-08-03 00:00:00+00:00,1.1174629916794545,1.1462412985122914,1.141253981269998,1.0846981672538587,1.1458237931252746,1.1462495293779533,1.146119769487236,1.1396371143880044,1.0774588000337224,1.1021461324068527
2018-08-06 00:00:00+00:00,1.1035964400803495,1.129322970350045,1.1229326388117558,1.0620318644946927,1.1287970030550387,1.1293321716697533,1.1291645395972396,1.12291196825128,1.0692678956758643,1.0904776462555916
2018-08-07 00:00:00+00:00,1.1131521668031388,1.1434443031520685,1.1385134573921798,1.0814476117231262,1.142990090668426,1.1434491225847618,1.1433087770959662,1.1374480772731148,1.0827921717017326,1.115444497661379
2018-08-08 00:00:00+00:00,1.094629048619116,1.1227532168195744,1.118052355046162,1.055785099500396,1.1223815650860445,1.1227622210871877,1.1226273575560934,1.117086158506907,1.0553126571977263,1.0877765247655777
2018-08-09 00:00:00+00:00,1.0734028281095178,1.0977101479388525,1.0926211742532628,1.0234558675924361,1.0973269687187925,1.097716710405773,1.097559200610327,1.092581714098844,1.0171790462101262,1.0546131771246603
2018-08-10 00:00:00+00:00,1.066801071653233,1.090508687744548,1.0858288212565672,1.0164919488489277,1.0901078901439951,1.0905136564990898,1.0903651848264577,1.0853952578014496,1.0063834912668446,1.0495223030981482
2018-08-13 00:00:00+00:00,1.057275915504747,1.0801561447736032,1.0753401248510435,1.0123101968767547,1.0798363494639585,1.0801611491252288,1.0800038954755398,1.0748239116011256,1.0018630074419979,1.041865316128403
2018-08-14 00:00:00+00:00,1.0428808356677153,1.0639226326620603,1.0568124449529162,1.0041827729414008,1.0634965253311308,1.0639252999192328,1.0637670410043234,1.057984623501097,0.9945280935147226,1.0282071403785602
2018-08-15 00:00:00+00:00,1.041367553877071,1.0641942930870782,1.0583003823834936,1.0046910146734718,1.0638311271985488,1.064198197011395,1.0640190186260903,1.0587107727520628,0.9943885473371188,1.0300388081631864
2018-08-16 00:00:00+00:00,1.0340731142779251,1.052462379038327,1.046943648025399,0.9991022840442414,1.052109179206845,1.0524642809830609,1.0522892603646716,1.0471729522244173,0.9870858782765675,1.0241450999930133
2018-08-17 00:00:00+00:00,1.0273411307186648,1.0435247585695417,1.0380922614960462,0.995183704585295,1.043223201942583,1.0435269871348436,1.0433822550146636,1.038300706782103,0.9823771036547777,1.0199198443635025
2018-08-20 00:00:00+00:00,1.0581133811675194,1.0773854173066182,1.074163300674228,1.011395379640602,1.0771321860231342,1.0773924998871685,1.0773438869832106,1.0721430092897521,1.002804316849076,1.0406780603777834
2018-08-21 00:00:00+00:00,1.0723389989401044,1.0926938059462945,1.091504004818632,1.0191176311086634,1.0925439658858935,1.0927070112739923,1.0926635768351909,1.0879832675086396,1.010468270902756,1.0517262802125056
2018-08-22 00:00:00+00:00,1.081991158807331,1.1052057460466502,1.1055692632838583,1.0245456318021637,1.1050562649884048,1.1052220659705783,1.1051719869078005,1.1005018976630785,1.0167645452188252,1.0586848572867502
2018-08-23 00:00:00+00:00,1.090579647729559,1.1139609632133427,1.114107636107008,1.0283188321189705,1.1137741753659993,1.1139841195135693,1.1139556697295216,1.109038699773501,1.0224272725437353,1.0621918884971147
2018-08-24 00:00:00+00:00,1.0922414639715847,1.1175543871256368,1.118338875106188,1.030108058745923,1.1173746513970089,1.1175792375524911,1.1175202020017738,1.112544821041032,1.025476747075696,1.063937791381229
2018-08-27 00:00:00+00:00,1.1070561200138513,1.1341721806238632,1.1358589381604198,1.0379247832428926,1.13403947358575,1.1341964381870802,1.1341263409076892,1.1289798128339759,1.0336627498850115,1.0729584176117977
2018-08-28 00:00:00+00:00,1.1018227378369219,1.1309319331308476,1.1321598142809581,1.0361198723955594,1.130761929279292,1.1309525388349773,1.1308617406788386,1.1250021294316894,1.0315970219143782,1.06960561673762
2018-08-29 00:00:00+00:00,1.1188382344553773,1.1487724969847235,1.1520551101973628,1.0449185111211186,1.1487172462552682,1.1487891853247825,1.1486566840406454,1.1432271715015294,1.0404042406228398,1.0812284231056863
2018-08-30 00:00:00+00:00,1.092737667063159,1.1195240703637006,1.1196580515322794,1.03088625415133,1.1193244108176645,1.1195390969652876,1.1194227406626815,1.1132708054177258,1.0242981027529554,1.0629641360182436
2018-08-31 00:00:00+00:00,1.1130642089991176,1.1437178065728288,1.145677184546986,1.0420670593588235,1.143581520212261,1.1437332341161228,1.143657754417071,1.1369333463865279,1.0367717729498183,1.0757229766412346
2018-09-03 00:00:00+00:00,1.1093494836695246,1.1404857277095262,1.1426180289896095,1.0406094155715813,1.140359196408627,1.140504388979586,1.1404430323146408,1.1338222011150831,1.0366207466767963,1.0739713805598654
2018-09-04 00:00:00+00:00,1.121236082372765,1.1518277204474308,1.153818100538197,1.0454997981055474,1.1516754520783485,1.151845290308282,1.1518085348695748,1.1446824690150863,1.0412727338291963,1.0784936795917628
2018-09-05 00:00:00+00:00,1.1064556766189513,1.1343942128937277,1.1359781855280886,1.0378509372182176,1.1342530215476143,1.1344073198766822,1.1343303511407856,1.1281120957866362,1.0317482442396788,1.0721967629370643
2018-09-06 00:00:00+00:00,1.1144720899924005,1.1411545744841307,1.1439968399766756,1.0407360979285087,1.141086177220453,1.1411663129525984,1.1411259148927542,1.1350252426265255,1.0330545816400591,1.0757128717015156
2018-09-07 00:00:00+00:00,1.1284888268097155,1.159795549243447,1.1645439744979218,1.0579180976975082,1.1598164075305464,1.159805275953709,1.1598030663639625,1.1537818489983216,1.040623276818071,1.0862144946126535
2018-09-10 00:00:00+00:00,1.1384822779870878,1.1675236699305105,1.1736233498428272,1.0678541879875811,1.167653536123905,1.1675308063561498,1.1675519143335578,1.162111043742163,1.0467644787176058,1.0975640200779568
2018-09-11 00:00:00+00:00,1.1588888918492095,1.189629223090737,1.1989686485723416,1.0978946975894328,1.189970776103974,1.1896411409757501,1.189664507056232,1.1845030762303697,1.0577821282878734,1.1111403242146156
2018-09-12 00:00:00+00:00,1.152348895109502,1.1830124073013204,1.19144042961559,1.0878396844580407,1.1832983130958064,1.1830270071892546,1.1830442427644239,1.178034170928462,1.051790051221047,1.1037150262550481
2018-09-13 00:00:00+00:00,1.1733006375767312,1.2028900857298732,1.2124039042514407,1.113213422992535,1.2032219016096444,1.202905660415456,1.2028698265970967,1.1980505393025682,1.0609841292715396,1.1156617541526013
2018-09-14 00:00:00+00:00,1.1840060590039758,1.2115831159939199,1.2207768802720487,1.1219530574476186,1.2118840485510565,1.2116006448101375,1.2115412799926673,1.205792231346349,1.0710561221078334,1.120673899824245
2018-09-17 00:00:00+00:00,1.1496728653891122,1.1775462376489823,1.184871973409981,1.0908724462016104,1.1777739559525386,1.1775618242879407,1.1774659629536215,1.1724143714933493,1.054593245005998,1.1012894094775973
2018-09-18 00:00:00+00:00,1.1401326876978362,1.1681214847862476,1.1739035974914087,1.0767227884932737,1.1682862671864218,1.1681392182483366,1.1680378513987555,1.1629506085096566,1.0524380706035894,1.094297949027884
2018-09-19 00:00:00+00:00,1.1499205182489074,1.1827647021572465,1.1882736178131967,1.0933855447167935,1.1828775259212576,1.1827836199553954,1.182742712655576,1.176905145148875,1.058748424481302,1.1009999028122417
2018-09-20 00:00:00+00:00,1.1418676638946437,1.1739161416186372,1.1777607000049966,1.0803983708654314,1.173900123238408,1.1739385114846288,1.1738691104972756,1.1679348701471575,1.047778368750561,1.0865601650090608
2018-09-21 00:00:00+00:00,1.1412057157849442,1.1739588821407025,1.1783978650111806,1.0804828765382606,1.1740107474305366,1.1739757993506277,1.1738922523747786,1.1683122811964735,1.046574945297789,1.0855425228886526
2018-09-24 00:00:00+00:00,1.1300882740382896,1.1611407122712993,1.1632507131242436,1.0609861597382015,1.161090735209469,1.1611415377809844,1.1609633480587151,1.155372243376389,1.0221472041961035,1.0641393793541731
2018-09-25 00:00:00+00:00,1.119460175141096,1.1486820974390415,1.1494751622325576,1.0442683785620905,1.1485645292107012,1.148691479220142,1.1485004203630085,1.1429054856434104,1.007991914400566,1.046088042621509
2018-09-26 00:00:00+00:00,1.109904674886535,1.1381517550161786,1.1407163128894933,1.033564549508954,1.1381911810772052,1.1381601647997373,1.1379455755103103,1.1333858406036195,0.9983752159343791,1.040024588221807
2018-09-27 00:00:00+00:00,1.1072786520788538,1.1342742369799226,1.137010152423627,1.0289701881135094,1.1343516087447676,1.1342804016830497,1.1340519164393086,1.1295096219923186,0.9922225449207306,1.0336487439992454
2018-09-28 00:00:00+00:00,1.108703546762397,1.1344345983335185,1.1385632696648056,1.0288658954229057,1.1345922866863327,1.1344440957858,1.1342562852128522,1.1298008407830245,0.9920769974694683,1.0354990002637463
2018-10-01 00:00:00+00:00,1.0878614436990854,1.1129602181961054,1.1166595334871336,1.0020975924115938,1.113126953824235,1.112973270093389,1.1128105356083795,1.108226675411505,0.9825627938397149,1.0224851455341395
2018-10-02 00:00:00+00:00,1.1015628369694002,1.1272431526821913,1.130320463605933,1.0078981761361916,1.1273380130113735,1.1272515106132952,1.127050472999817,1.1220524874564302,0.9892472268557095,1.0287487366615586
2018-10-03 00:00:00+00:00,1.096126077952678,1.1184486457661864,1.1203504130864834,1.0036595631973801,1.118475857564849,1.1184611090408332,1.118241012322981,1.1125489685671264,0.9847620606805482,1.0206978957120922
2018-10-04 00:00:00+00:00,1.0902390198387435,1.1128987966158514,1.1156171547348865,1.0013727361110885,1.1129876742507103,1.1129076290689675,1.112713263545198,1.1074774075261775,0.9812529595255294,1.019825729199248
2018-10-05 00:00:00+00:00,1.0828507547530712,1.10493035337187,1.105078785817586,0.9970654891825844,1.1049095827399271,1.1049377400727172,1.1047952063877056,1.0990905362891359,0.9771865178826005,1.0133026463430785
2018-10-08 00:00:00+00:00,1.0711659982091652,1.0918181715538213,1.0923258152751307,0.9918837431284064,1.0918906167321514,1.0918244683967298,1.0917139333837846,1.0864365186181764,0.9705782977817494,1.0084500595934696
2018-10-09 00:00:00+00:00,1.0896084150283787,1.1101973207382063,1.1139374247632772,1.0007970332118796,1.1104244744090874,1.110207412634984,1.1101092793154717,1.1047723918462364,0.9803763986938782,1.0196544213310563
2018-10-10 00:00:00+00:00,1.0809470304209223,1.1012509307568792,1.1036092332167968,0.9960849853595258,1.101399828484674,1.1012707096115097,1.1012250733405125,1.0958475274004624,0.9785335772237551,1.0143234002286785
2018-10-11 00:00:00+00:00,1.0953083832996253,1.1200470870042192,1.1256706610438174,1.0048956277526897,1.1203242806390623,1.1200696835618926,1.120076425662101,1.1149119586302876,0.9873988801519016,1.0251296454352576
2018-10-12 00:00:00+00:00,1.0733042728599298,1.0944455260131887,1.096539036866422,0.9933098843843609,1.094629563540498,1.0944617982156803,1.0944442597399617,1.0890629516350088,0.9727242447624275,1.011370273853577
2018-10-15 00:00:00+00:00,1.0854211816816073,1.11007456912914,1.1136228096619856,1.000641289520845,1.1102975854898975,1.110089871567938,1.1100534960788881,1.1045080348584406,0.9817033071585723,1.0191772886881303
2018-10-16 00:00:00+00:00,1.1059421526452766,1.1310582699592613,1.1369576242461679,1.010512100584052,1.1313923021427899,1.1310762107545884,1.1310631561510793,1.1254253555336218,0.9923345799789522,1.030959954738193
2018-10-17 00:00:00+00:00,1.1037559266010168,1.1288274542580004,1.1355214136989737,1.009766870247733,1.1292111519098162,1.128842170424017,1.128822846173135,1.123085405692682,0.9904391662202783,1.0301581306621699
2018-10-18 00:00:00+00:00,1.097826651352195,1.1271189120629461,1.134946009042781,1.0089119795131565,1.1275460227045189,1.127135856747302,1.1271293034484617,1.1215692272379016,0.9910037805789161,1.0294772227893654
2018-10-19 00:00:00+00:00,1.1053597327245488,1.135336396364035,1.1464595679958376,1.0130463541350851,1.135892955183495,1.1353586718162474,1.1353915854092365,1.1299854614911637,0.9948805737594342,1.0342875198679726
2018-10-22 00:00:00+00:00,1.0890689387618138,1.114077877150372,1.1229084892230554,1.003528482439438,1.1145600109105942,1.1140990573505407,1.1140780147729714,1.1084451883367692,0.984013716488544,1.022866633947572
2018-10-23 00:00:00+00:00,1.0873147168302566,1.1126262837104863,1.1231553455579655,1.0033745714824283,1.113214025471465,1.1126489240323625,1.1126130047016634,1.1072131749672032,0.9836057364093321,1.0229589727436954
2018-10-24 00:00:00+00:00,1.0894977148703322,1.1151949396577046,1.1253848505237887,1.0037015447461466,1.1156945897123558,1.1152156673994758,1.115219410207475,1.1093147855306111,0.9850422659735172,1.021428756348386
2018-10-25 00:00:00+00:00,1.10286685555382,1.1314625947788999,1.1436279499232735,1.0116347884977588,1.132079619705163,1.1314829006376064,1.1314450915302652,1.1259380378462602,0.9910750649177494,1.0318527968890563
2018-10-26 00:00:00+00:00,1.1056660484461318,1.1352611310325806,1.1467542488551363,1.0127952212378184,1.135801039056988,1.135279140449761,1.13521651407594,1.1295070263603495,0.9916852173861648,1.0318923551672565
2018-10-29 00:00:00+00:00,1.1089804063292399,1.137152851303439,1.1503911545736163,1.0142433087053506,1.1378080085176174,1.1371706524366234,1.1370671474793201,1.132204681072865,0.994292497563318,1.0353936499792262
2018-10-30 00:00:00+00:00,1.1052982204098303,1.1314772253176888,1.143248657021972,1.0111725128884161,1.1320798035462052,1.1314950017023189,1.1313953796575735,1.1262868600089833,0.9919917260480435,1.031848638880643
2018-10-31 00:00:00+00:00,1.0822684282674035,1.1065124311408348,1.11454895388987,0.9872907400644437,1.1068975594665855,1.1065296365345778,1.1064221276031323,1.1013999628428996,0.9813750817817414,1.0185574627294336
2018-11-01 00:00:00+00:00,1.0535791746586967,1.073464670357163,1.0784238298245103,0.9723033698221362,1.0737078253711583,1.0734724940624012,1.073337701680761,1.0684919128896306,0.9619518649839961,1.0017709039349871
2018-11-02 00:00:00+00:00,1.0380815156047665,1.055197574208466,1.0580833692928415,0.9636717801741681,1.0553554488751653,1.0552078531496798,1.0550902727479274,1.0500766931932042,0.9525340409994425,0.9908356285244051
2018-11-05 00:00:00+00:00,1.0446948721725893,1.0630441155852144,1.0679795752163648,0.9679995256550505,1.0633582195414737,1.0630623683560558,1.063006153142465,1.0582245961381302,0.9588142419918085,0.9973436871973386
2018-11-06 00:00:00+00:00,1.0449432507848893,1.0636952336369008,1.0666947909496993,0.967660753660611,1.063887565115743,1.0637053292527332,1.0636265631398065,1.0583214569026707,0.9580090477713019,0.9956410667802417
2018-11-07 00:00:00+00:00,1.0510617090207004,1.071363440362002,1.075805453200296,0.9711420402305053,1.0716005043274495,1.0713700071166634,1.0712763911401098,1.066269099084159,0.960139742514326,1.0001449033856697
2018-11-08 00:00:00+00:00,1.052726724557197,1.0714851775196053,1.075579863513656,0.9711504592999253,1.0717182611314404,1.0714882880519014,1.0713585153290026,1.0666988465464236,0.9594468322512022,1.0008589930919154
2018-11-09 00:00:00+00:00,1.0491711441485316,1.0672670581799795,1.0702217561796608,0.9689189435600024,1.0674375853126394,1.0672647137727582,1.0671514136452636,1.0615314147868047,0.9564643647137826,0.9950186842466441
2018-11-12 00:00:00+00:00,1.0436932439123976,1.0621988438023198,1.0640851956145536,0.9658675372563307,1.0622733320071147,1.0621876588310626,1.062062122419493,1.0561127264817183,0.9520518003695566,0.9898718390809098
2018-11-13 00:00:00+00:00,1.0298117053974698,1.0482797032437177,1.048947669181492,0.9593660430498496,1.0483160566867324,1.0482543894518772,1.0480661900871742,1.0419825683534731,0.9412859741239763,0.9820316441043188
2018-11-14 00:00:00+00:00,1.0412085287988804,1.0580763253821042,1.057821661467387,0.96356637485968,1.0580684491400931,1.0580459756799936,1.0578286446912766,1.0512047349738698,0.9450046901325215,0.9857844437515664
2018-11-15 00:00:00+00:00,1.0382077848515707,1.0559113966614129,1.055732817857323,0.9630008137526302,1.055954472290796,1.0558719069485047,1.0556555781344652,1.0490305378159834,0.9436337050795593,0.9857440142391741
2018-11-16 00:00:00+00:00,1.021939833510147,1.0387496963159153,1.0378843252258874,0.9556390687030184,1.0388327912991204,1.0387095862181739,1.0384993639755378,1.0317844054691951,0.9365267994135995,0.9778995832500121
2018-11-19 00:00:00+00:00,1.0586176680028827,1.078649199148087,1.0792127884320852,0.9736856993367656,1.078738213425934,1.078611533751294,1.0784080153259472,1.0714638356694253,0.9575974828629487,0.998871534104689
2018-11-20 00:00:00+00:00,1.0556812556266617,1.0771835220155699,1.0771963693836069,0.9728684333386316,1.0772685260579486,1.0771442853964355,1.0769193838526478,1.070199880675204,0.9554102060581507,0.9987275004644041
2018-11-21 00:00:00+00:00,1.0588643101976487,1.0803405555159686,1.0810454621761512,0.9746320439283239,1.0804753430644205,1.0802858499101138,1.0800153502666126,1.073585873074325,0.9562598141582649,1.0019203680335946
2018-11-22 00:00:00+00:00,1.0873419213251578,1.1119633647301754,1.1154258219306228,0.9892163284307366,1.1122433442918145,1.1119192719509885,1.1116196341277547,1.105029179226729,0.9723652482100973,1.0184097927663631
2018-11-23 00:00:00+00:00,1.068406870970455,1.0925447362751006,1.094898775667569,0.9805096312617587,1.0927673883648013,1.0925078987314647,1.09221809313851,1.0859226114134213,0.9635608835409075,1.0089903803430613
2018-11-26 00:00:00+00:00,1.059675714086635,1.0832034811850708,1.0865629039058247,0.977037585785284,1.0835182371112249,1.083158099892757,1.0828417899573821,1.077462147465123,0.957137516296969,1.0064247132014514
2018-11-27 00:00:00+00:00,1.0660433160816036,1.0921279207397152,1.096288910640187,0.9813383864013098,1.0925089021203311,1.0920892671188511,1.0917899280304646,1.086831775501045,0.9631235746264069,1.0129148972368982
2018-11-28 00:00:00+00:00,1.0856425913004908,1.115048954953421,1.1211921556828695,0.9914622515472149,1.1154935294148687,1.1150084319437814,1.1147259767595785,1.109523342016248,0.9754665463278801,1.023513665809231
2018-11-29 00:00:00+00:00,1.0856520843523878,1.114657934010678,1.119984491257974,0.9911258297925742,1.1150706281855298,1.1146215804628923,1.1143473579225993,1.108524428385798,0.9757642710174644,1.0222708727362877
2018-11-30 00:00:00+00:00,1.0599548086190709,1.0835585047946479,1.0855077994774045,0.9772512969677152,1.0838205809220551,1.0835186852709437,1.0832524913052806,1.0771388835153746,0.956149406757948,1.0059863042622572
2018-12-03 00:00:00+00:00,1.0547611952356346,1.076080480980537,1.077484322722413,0.9681098051598377,1.0762699961420568,1.0760394180013133,1.0757645564069,1.0699667304105813,0.9448806036002012,0.9971794910966267
2018-12-04 00:00:00+00:00,1.064509197306436,1.0873897706590918,1.0911351651990957,0.9851482397669078,1.0876887674742926,1.08734852643913,1.0870896445242542,1.0813587867831171,0.9548693785632378,1.0106538618889875
2018-12-05 00:00:00+00:00,1.0522016599387196,1.0732254266046943,1.0768355575940094,0.9717028401609691,1.0735101850927058,1.0731797682167332,1.0729192749987544,1.0673241520508312,0.9452702651991718,1.0031039963700206
2018-12-06 00:00:00+00:00,1.0609613260770965,1.0822901202543014,1.0890460681888596,0.9864118657722212,1.0827478622830344,1.0822446201114595,1.0819976096073325,1.0770706060107424,0.9566062333099979,1.020843382053678
2018-12-07 00:00:00+00:00,1.0893972294995595,1.113947629063103,1.1225444255148787,1.0007807881008697,1.1144700766956417,1.1138965503278577,1.1136607785057442,1.1083515108412223,0.9700960655356801,1.038252684440408
2018-12-10 00:00:00+00:00,1.095838322865079,1.121068081861327,1.1300418890398443,1.0033771868247043,1.1216013504918627,1.1210061214999238,1.1207906247581823,1.115099482627553,0.9696267455388354,1.041463186337244
2018-12-11 00:00:00+00:00,1.0754814288405885,1.0988009506858567,1.1061218271345803,0.9750823202468232,1.0992491201516432,1.0987400932295543,1.0985310801658645,1.0931339338350428,0.9568736987718214,1.027595071115048
2018-12-12 00:00:00+00:00,1.0872401248014916,1.1114286881558326,1.1189670087425192,0.9901697315895673,1.1118582119257503,1.1113678974435044,1.1111751626458897,1.1048950703193512,0.9695348608766425,1.0397402653461285
2018-12-13 00:00:00+00:00,1.0945586576621011,1.1209907701623683,1.1305301120509808,1.0045455211772512,1.1215150415130926,1.120927272242954,1.1207324206881026,1.1151150718640133,0.9712599931126916,1.047798756231002
2018-12-14 00:00:00+00:00,1.077494032417273,1.10021395109885,1.1088350987339073,0.9791391194919934,1.1006936225730777,1.1001530898709817,1.099960221199363,1.0943050293182421,0.9448086241347252,1.0219386453959292
2018-12-17 00:00:00+00:00,1.0825467124073083,1.105259621322518,1.1146996473082924,0.9862882061963558,1.1057611078099474,1.1052005211659837,1.1049742049889586,1.0992555653379263,0.9466757193017721,1.0256285695158707
2018-12-18 00:00:00+00:00,1.0795436238411396,1.1036920309954326,1.113056709524187,0.9844987662578641,1.1041973921292665,1.1036286995179965,1.1033912000953805,1.097704364518568,0.9421684021910692,1.024462986053429
2018-12-19 00:00:00+00:00,1.0715597419461442,1.0935803551030203,1.104307088968288,0.9755389904203784,1.0941920473046371,1.0935172689786603,1.093269652730489,1.087576885084087,0.9333544457176385,1.0161549289075338
2018-12-20 00:00:00+00:00,1.083810563295141,1.106808227742114,1.11855580786064,0.9928415788997474,1.107441720967049,1.1067331458242464,1.1065291988189527,1.0997513283688594,0.9479991003405115,1.0315756137410115
2018-12-21 00:00:00+00:00,1.0842823683596097,1.108770263547762,1.1209435614480452,0.9951400427675051,1.1094252722896873,1.1086943820978603,1.1084701967985156,1.1017957324184497,0.9494145130166719,1.0342542011047506
2018-12-24 00:00:00+00:00,1.0757524507509277,1.1009543949904705,1.1114913584280566,0.9909996757008914,1.1015174728958257,1.1008818838807974,1.1006468948556403,1.0938409377024385,0.9471976070838055,1.0271199696017683
2018-12-25 00:00:00+00:00,1.0799511625982374,1.1083414392846018,1.1183893793129256,0.9992884361992848,1.1088432933076204,1.1082597054993246,1.10803689926755,1.1006354544281076,0.9506088404782127,1.0298626863049862
2018-12-26 00:00:00+00:00,1.0655980598979018,1.0913177122503546,1.0995352052610066,0.9771380450884397,1.09171097649324,1.091237139498621,1.0909973859770201,1.0831480872259471,0.9248002985043692,1.003037465681949
2018-12-27 00:00:00+00:00,1.0582345107049809,1.0843719071231255,1.0912421368679854,0.9652786015223555,1.0847249856606052,1.0842837471399684,1.0840356663753714,1.0765841358165467,0.9089865482344947,0.9929696059104078
2018-12-28 00:00:00+00:00,1.0504513271816196,1.0754625718404835,1.0823848935002576,0.9615821365965225,1.0758352938776636,1.0753817724284347,1.0751031474672044,1.0680191561740984,0.9050273278959372,0.9875577522957211
2018-12-31 00:00:00+00:00,1.061156639042219,1.0889316826125381,1.0957937855697477,0.9671753615096189,1.089277204711362,1.0888435278815118,1.0886285795458817,1.0808183264972475,0.9096028933937207,0.9923408616241459
2019-01-01 00:00:00+00:00,1.0694503607945889,1.096826255960828,1.1039804043213608,0.970483787290452,1.0971691474863974,1.096737358358893,1.0965183210502265,1.0885879369060414,0.913113151938693,0.9960784588417867
2019-01-02 00:00:00+00:00,1.0887014010632106,1.1154889421300962,1.1230217199998782,0.9784753873303536,1.115811297557888,1.1153898252998258,1.1151856485718947,1.1066412084167774,0.9195145477344592,1.0047068511554396
2019-01-03 00:00:00+00:00,1.0755423208424446,1.0988983193784674,1.104266865222375,0.9706033737117431,1.099165448891495,1.0988099792307697,1.0986114310106685,1.0902260612757213,0.9106235466892247,0.9960284487540235
2019-01-04 00:00:00+00:00,1.076130269440094,1.1021765028507657,1.1087041528808457,0.9764945040862112,1.102491460971012,1.1020846591433016,1.1018317975033374,1.0932562267310681,0.9163788040662321,0.99934441807112
2019-01-07 00:00:00+00:00,1.0867699747296091,1.1167539887932019,1.1241178013784368,0.9943066392932121,1.1170555224039134,1.1166663631339802,1.116418513013341,1.1072326974962443,0.923588179940035,1.006475827980629
2019-01-08 00:00:00+00:00,1.096188446187447,1.1284436829700144,1.1378240921410525,1.0000978926241006,1.128851754800396,1.1283381638813659,1.128128218329845,1.1194007197526037,0.9288130884909652,1.0153095037817927
2019-01-09 00:00:00+00:00,1.099449783342417,1.1324361426943266,1.1405967917035942,1.0011474455653364,1.1327589893992212,1.1323342026138312,1.132127710229382,1.1227469910214485,0.9285864887363113,1.0156706742304213
2019-01-10 00:00:00+00:00,1.0875298305644083,1.1196459031015515,1.1265740201736212,0.9833108772888779,1.1199220670945638,1.119545478340359,1.119312767804138,1.1096394224600379,0.9112756507702406,0.9982695553163795
2019-01-11 00:00:00+00:00,1.0828058944079695,1.1151603378754,1.12195100301842,0.9778090105831071,1.1154286911719546,1.115059953219548,1.1148421914838298,1.1053495883566178,0.9082168890405657,0.9935761947430948
2019-01-14 00:00:00+00:00,1.0808715509439395,1.1123843147591923,1.1194016942059182,0.97657881397456,1.1126742242061858,1.112287387631444,1.112083379456383,1.1025001895346807,0.9075075419513183,0.9926305298789782
2019-01-15 00:00:00+00:00,1.0836206734470468,1.115827504361972,1.1210151331889566,0.977699037306495,1.1160282348001294,1.1157309123073018,1.115505272906615,1.1055110069141847,0.9081542666764437,0.9924181911964268
2019-01-16 00:00:00+00:00,1.0637018494991997,1.0963029801818542,1.101197148946468,0.9692087266131301,1.0965852356457864,1.0962070922916725,1.0960214156215453,1.0859498875344387,0.896687439044901,0.9814227749485058
2019-01-17 00:00:00+00:00,1.0882195947676978,1.1234645132858576,1.1307083266290028,0.9814926619608146,1.1238355722350983,1.1233736430364771,1.123207575570907,1.1132104113068886,0.909626055166337,0.9973547554720601
2019-01-18 00:00:00+00:00,1.1087399209445816,1.1450872997973731,1.153028659662723,0.9906604269735948,1.145468094509392,1.1449958932601492,1.1448663883157713,1.1341284840100523,0.9188105829285443,1.0062485020913443
2019-01-21 00:00:00+00:00,1.122405081575218,1.1618155310950198,1.1720536423725774,0.9979643686212564,1.162323883552407,1.1617514824351716,1.1615903995330281,1.1515897454332316,0.9289815349719648,1.0176273403651883
2019-01-22 00:00:00+00:00,1.119914155249826,1.1599229876996553,1.1696408493240316,0.9961436618736657,1.160366970785626,1.159852583462953,1.1597205064793688,1.1496015365930314,0.9231910720476144,1.0140284064728529
2019-01-23 00:00:00+00:00,1.123752978363279,1.1642652628984926,1.1743560821188992,1.00149660164617,1.1647480603981888,1.1641951886125996,1.1640535036198858,1.153267212536155,0.9241730793328923,1.0143800866441792
2019-01-24 00:00:00+00:00,1.13357333409667,1.1755255208511999,1.18760411411289,1.0163451180022702,1.1761430101700066,1.1754513438999494,1.1753207453301189,1.1652890884251497,0.9351536042843821,1.0317057370099776
2019-01-25 00:00:00+00:00,1.1460346306721652,1.1897107215480558,1.202391849699515,1.0327089283429578,1.1903478742569085,1.1896376421828185,1.1895265061428593,1.179356382421543,0.941462649264459,1.0386802386023175
2019-01-28 00:00:00+00:00,1.1337190538387796,1.1781726895360085,1.1901642742720364,1.0182095432561367,1.1787766450379704,1.1780985311619732,1.1779643535682363,1.1685166963341165,0.9249747661096712,1.0268555608710586
2019-01-29 00:00:00+00:00,1.110770639986899,1.1525475215585612,1.1636422698122961,0.9887164622405267,1.1531022591672224,1.1524707845169277,1.1523063361193502,1.143155220517486,0.8918055943426968,0.9976906875450592
2019-01-30 00:00:00+00:00,1.1292076466048553,1.1751069545148491,1.1890329481599218,1.0172429955071323,1.17582083911285,1.1750556547135829,1.1749449059857848,1.1657787016195684,0.9185842005224758,1.0295072253324702
2019-01-31 00:00:00+00:00,1.1192201848540704,1.1605983310821915,1.1724533252805283,0.9985607854332368,1.161183751622675,1.1604854375154368,1.1603236012932179,1.1516751478987965,0.894940244382472,1.0111295461105252
2019-02-01 00:00:00+00:00,1.1091039191984853,1.148305486471209,1.1604226165420073,0.9851139299232258,1.1489380069410997,1.148189346824935,1.1480168897317775,1.1396364163987822,0.8861249417944981,1.0052778062235481
2019-02-04 00:00:00+00:00,1.1068429503894632,1.1417886476308896,1.153582381373547,0.9786649537711032,1.1424065089066822,1.1416550385535968,1.1414496822249844,1.1331712227829327,0.8760594250468827,0.9974473875324088
2019-02-05 00:00:00+00:00,1.1158950431746162,1.1522505928394435,1.1647867913643934,0.9913976129627626,1.1528826033435597,1.152116679252551,1.1518971712888333,1.1439497227894286,0.8810826042907093,1.0043059718540068
2019-02-06 00:00:00+00:00,1.1291877851339862,1.1689712478397802,1.1838380917813331,1.0123229863959107,1.169783818144516,1.168838272718725,1.1686555990187784,1.1612874153397892,0.8900707876924464,1.0169073970708868
2019-02-07 00:00:00+00:00,1.1543613628722398,1.1965464939174824,1.2139899392590037,1.045564794391825,1.1975374246450918,1.19643402911253,1.1962497348165624,1.188614452892692,0.9034843813010336,1.0329452983001663
2019-02-08 00:00:00+00:00,1.1697960759185215,1.214649307736572,1.2329296366844524,1.066639767037511,1.2156804969319843,1.2145670300109648,1.2143957729483486,1.2061374333529349,0.9226859818938822,1.0521182946504408
2019-02-11 00:00:00+00:00,1.1725474554463917,1.2168363285361905,1.2354068222927064,1.0692387932190193,1.217899413912582,1.2167484694742121,1.2165861780652507,1.2087287328818823,0.9229951269638288,1.0523994625664184
2019-02-12 00:00:00+00:00,1.1954021913828312,1.2418596865148472,1.261976001289585,1.1000635481457426,1.242989492504676,1.2417687185681208,1.2415988984485629,1.233119701813864,0.9500358389370265,1.0804102462110652
2019-02-13 00:00:00+00:00,1.1909179474856324,1.238203783583706,1.2573094536106653,1.094081059828478,1.2392907610324597,1.23811031738755,1.2379296980997931,1.2292754615971115,0.9447353472680248,1.0726803151890676
2019-02-14 00:00:00+00:00,1.2119960952853432,1.2622836348340511,1.2847430721227402,1.1256518040272696,1.2636079939278622,1.2621888083731316,1.2620254851934316,1.253853250806188,0.9557258454784956,1.0891697938447196
2019-02-15 00:00:00+00:00,1.228191611147727,1.2796781483086388,1.3041086565690179,1.14718305582097,1.28116327270195,1.2795848202311026,1.2794550834641234,1.271446722493356,0.9804081877084234,1.1128449942388408
2019-02-18 00:00:00+00:00,1.2220194863923615,1.2723826339996138,1.2953883265834736,1.1355175689373165,1.2738191498406295,1.2722782655869602,1.2721617895672321,1.2640351285450553,0.9696963395211073,1.1012578442746603
2019-02-19 00:00:00+00:00,1.2319241207197864,1.2840290233342526,1.3087964381838308,1.1507305230255147,1.2855601733191389,1.283912377195293,1.2838051747687333,1.276144524685048,0.9804960858754607,1.118840609654641
2019-02-20 00:00:00+00:00,1.2318937825855238,1.2811034494693498,1.3061944888492756,1.1468866062080607,1.2826819879283966,1.2809852592056157,1.2808839401648509,1.2733463409217487,0.9774807690668718,1.1156812470262119
2019-02-21 00:00:00+00:00,1.2325995236702172,1.2832750707094067,1.3093247643855883,1.149249225005656,1.284921774249269,1.2831771204474915,1.28316237847551,1.275093136549886,0.9838737231396432,1.1203575941282744
2019-02-22 00:00:00+00:00,1.2546625391929853,1.3073373611013337,1.3364520151387964,1.1808545309731442,1.309178641751736,1.307270947345793,1.307285431013148,1.2983208331098897,0.9962141618136682,1.1337455507368084
2019-02-25 00:00:00+00:00,1.2719245908326267,1.3266474550282907,1.3575008643465307,1.2058195886118295,1.3285576641713577,1.3266012777006813,1.3266190620910643,1.3168201811501377,1.0049097223534407,1.1436648122024369
2019-02-26 00:00:00+00:00,1.2608085704333376,1.3155034187712176,1.3449003521956011,1.1915534280212667,1.3173029973875026,1.3154742791647243,1.31550117117348,1.3055155660042281,1.0011694419171033,1.135918314933229
2019-02-27 00:00:00+00:00,1.2895664494317876,1.3502743873219223,1.3832995911579071,1.2373792662115972,1.3522948143348643,1.3502596671441849,1.350320139974002,1.340606641321449,1.0452966745190242,1.1829121449722404
2019-02-28 00:00:00+00:00,1.3064385657427653,1.3671070344810894,1.4013580350457044,1.259350705432839,1.3692219229398352,1.3670898457416958,1.3671645675762052,1.3564204191216844,1.066423819512186,1.2036513971066543
2019-03-01 00:00:00+00:00,1.3023532510018785,1.3634316771394224,1.3983073446501597,1.2559004969954435,1.3655837108172266,1.3634284315781287,1.3634925276661427,1.3529929393460183,1.0632713546124386,1.2006812226324783
2019-03-04 00:00:00+00:00,1.2924860652367907,1.3536854463406582,1.3883662104913175,1.2433623909404456,1.3558503038893945,1.353694485621912,1.3537781792642665,1.3433873079986984,1.057024428408561,1.187457130568573
2019-03-05 00:00:00+00:00,1.2781049804452749,1.3387213953987829,1.3744743870204454,1.2279715104956521,1.3409661696839477,1.3387195490848576,1.3387689217647898,1.3291931490490334,1.037838282335341,1.1755326745206036
2019-03-06 00:00:00+00:00,1.3119061655581818,1.3752726063914205,1.4157571925919092,1.2765855234796897,1.3778253554311588,1.375281674757906,1.375302131401481,1.3655079511678938,1.0886078401978763,1.2226665867972795
2019-03-07 00:00:00+00:00,1.3173660100907938,1.3831622674387027,1.4253170159427908,1.288433992666242,1.3858048523379372,1.3831780657976323,1.383227574583841,1.3733411025729734,1.1032683213134205,1.2342343517989658
2019-03-08 00:00:00+00:00,1.2987827642794745,1.3651574715471249,1.4055326152476475,1.2641389389495385,1.3677037285419587,1.3651789659678288,1.3652411936960627,1.3555136467064977,1.0967424612844128,1.2228727615718975
2019-03-11 00:00:00+00:00,1.3322614053491428,1.4004805826408766,1.4427179659510798,1.3078640908009056,1.4031130793053825,1.4004990413164315,1.4006146398012311,1.3899111248595692,1.113114632610101,1.2425916372630388
2019-03-12 00:00:00+00:00,1.330017125884025,1.3987992629715762,1.4409240950947244,1.3056537342110563,1.4013702467410298,1.398811908290503,1.3989559775503373,1.3877226703178782,1.1098962791174691,1.241165463437911
2019-03-13 00:00:00+00:00,1.3231684732306321,1.391454612750113,1.4302351629180174,1.2958761935907945,1.3938101796834057,1.3914668985259728,1.3916120627337032,1.3789600933213428,1.1060493302591266,1.233157910977534
2019-03-14 00:00:00+00:00,1.3418335222293243,1.4109719145736894,1.4531807873358877,1.3234160295919988,1.4135288998169744,1.4109956538088744,1.4111661275650094,1.3983065993996981,1.1150406291746124,1.2452365010987023
2019-03-15 00:00:00+00:00,1.3696210767628347,1.4457286404573355,1.492084292703621,1.3711657816511538,1.4485361940659105,1.4457696486815006,1.445947106062602,1.4332383504822641,1.1290637493883764,1.268905121099348
2019-03-18 00:00:00+00:00,1.3756612668171764,1.4532004452968619,1.5023725157950392,1.3838676076145455,1.4562338132294728,1.4532494515772507,1.4534035399813112,1.4422207610102005,1.138235506635924,1.2858371016712786
2019-03-19 00:00:00+00:00,1.387521813723335,1.4654075132204645,1.5172640664680181,1.402638086492235,1.4685707773193726,1.4654619511651434,1.4656326364304793,1.4552164191679509,1.1543572189187854,1.308682196324187
2019-03-20 00:00:00+00:00,1.3920400297608488,1.468680765779065,1.5202849706415744,1.4054119367579339,1.471840846210384,1.4687266686132827,1.4688713509684534,1.458734273655968,1.1534696666121547,1.311807106765951
2019-03-21 00:00:00+00:00,1.4026877717000465,1.480768010775076,1.5355826938429953,1.4190622330890297,1.48406908818133,1.4808177433267253,1.4809658566233288,1.470340539962309,1.1688377207883707,1.3307856659981347
2019-03-22 00:00:00+00:00,1.3958633707477561,1.470803646923929,1.5242597964673037,1.4055644468083923,1.4739864043575197,1.4708367832264804,1.4709170760959767,1.4606167479703644,1.1605096385951166,1.3232489194087782
2019-03-25 00:00:00+00:00,1.3992081558645968,1.4713778621083455,1.5260672336013599,1.4078663398984534,1.4746223217025531,1.4714046134610324,1.471459118728613,1.4609300399147052,1.156265492631745,1.322960499481086
2019-03-26 00:00:00+00:00,1.4071918794337281,1.4803829060739926,1.536206558704529,1.4200329416667807,1.4837071213637232,1.4804094236830636,1.4804222076830464,1.4701822905229296,1.1669900876662778,1.3377294948297003
2019-03-27 00:00:00+00:00,1.3791078290896115,1.4499757431125029,1.501735692980631,1.3776615458965722,1.4530836614858422,1.449974189111552,1.449965630777343,1.4400399934804713,1.1507388953841666,1.3162485776818664
2019-03-28 00:00:00+00:00,1.3773647546869805,1.45022304423479,1.503237348647595,1.3807215043568637,1.4533838775725496,1.4502209610360823,1.4501926862195795,1.4413203549703644,1.1497147822270117,1.3255355292830777
2019-03-29 00:00:00+00:00,1.372429303573379,1.442592272042487,1.497185844674637,1.3738964404796608,1.4458954520395622,1.4425849947666989,1.4425177262217832,1.434850820756875,1.1374189659297245,1.3228519621898678
2019-04-01 00:00:00+00:00,1.394333553132865,1.4645122298148967,1.5210411693987334,1.3950341176974432,1.4678940360244204,1.464525230560517,1.4644856652541882,1.4563712256277668,1.1493227981182763,1.3350679413504125
2019-04-02 00:00:00+00:00,1.3869797150748429,1.4583941408041645,1.5138351070038958,1.3866845827624423,1.4617110037537104,1.4583837397727248,1.45835163065639,1.4511899780141686,1.1464440898725887,1.3338579630582221
2019-04-03 00:00:00+00:00,1.3680793368908153,1.4364752015182838,1.4921243082068265,1.3603172736844915,1.4398533408919423,1.4364484150301138,1.4364314786727028,1.430124920514407,1.1361005283453436,1.3237664013880257
2019-04-04 00:00:00+00:00,1.361947379591091,1.4315331381785645,1.4879078164210218,1.3550683341934986,1.4350730527584465,1.4315250863433056,1.4315137240154296,1.4254634384555784,1.1335312641908732,1.3227064270636701
2019-04-05 00:00:00+00:00,1.384313312503568,1.4548247495502145,1.5140333446568808,1.3866837471452225,1.4585095075191798,1.4548318379277911,1.4548362965385544,1.4485845412511764,1.1436958753022808,1.336631753749924
2019-04-08 00:00:00+00:00,1.3931680993116808,1.4629655081849338,1.5238082986529913,1.3994439780622792,1.466683082252589,1.4629594944540656,1.462950460265756,1.4567273600271942,1.1484883558968466,1.3508054145884216
2019-04-09 00:00:00+00:00,1.4159581357911781,1.4854326228945207,1.5488251224023246,1.4302238553642435,1.489226885826781,1.4854202940060153,1.4854463635038677,1.4786667066862649,1.1726776633773597,1.3821063179715571
2019-04-10 00:00:00+00:00,1.4075332631572155,1.4744942962894045,1.5360292411641985,1.413056254136204,1.4781746713165043,1.4744915529348364,1.4744925921120642,1.4672233776560428,1.1696670419547361,1.3716828512788417
2019-04-11 00:00:00+00:00,1.410116756904716,1.4748764264752843,1.5331540672241653,1.4089304765816224,1.4783391513246256,1.47487645988394,1.4748939600235014,1.4662750843034256,1.1685056043683508,1.3609842991082823
2019-04-12 00:00:00+00:00,1.4202309591141333,1.4836391596376233,1.5470940104371107,1.4269876290355366,1.4874317291675672,1.483662719766227,1.4836887552872609,1.4758930070134737,1.1894503013050357,1.3835761788559837
2019-04-15 00:00:00+00:00,1.4318342327072813,1.4925984134935064,1.5583978782473829,1.4406906914112938,1.496546521392163,1.4926070703568064,1.492590006833617,1.4854977717595552,1.1916668820083203,1.3910568174597315
2019-04-16 00:00:00+00:00,1.4504522032886815,1.5122220155157096,1.58126657815006,1.4683056917812298,1.5163808727112567,1.5122289809467002,1.5122489222917717,1.5055706869729146,1.2026147286572648,1.4053534988204412
2019-04-17 00:00:00+00:00,1.4678195836391421,1.5329960260726327,1.6035812432689418,1.4878752889235953,1.5372305491418783,1.5330144637670164,1.5330905354826334,1.526023840522353,1.2145477023939832,1.4166386739088765
2019-04-18 00:00:00+00:00,1.4778104104372,1.5443325402409023,1.6137156512812314,1.4991708807589321,1.54842815284521,1.5443554226900729,1.544415710279444,1.5361117968257725,1.2178709284965472,1.4185295086729217
2019-04-19 00:00:00+00:00,1.475109310379087,1.5418398806003055,1.6091458053157122,1.4930173213770568,1.5458350175321918,1.5418557977143492,1.541862728905067,1.5340090508673574,1.2094914545004323,1.412840128064216
2019-04-22 00:00:00+00:00,1.4832909393942177,1.549031618259659,1.613884812641678,1.497131951136321,1.5528796011890338,1.5490357668602175,1.5490082859311871,1.5401129910794047,1.2092223840264824,1.4127236614286471
2019-04-23 00:00:00+00:00,1.5051961983913924,1.574430869998493,1.6377422754918987,1.5249842459065241,1.5781665841553276,1.574444623077199,1.5744349588127555,1.5647205042068808,1.2378665675017413,1.4387325998487928
2019-04-24 00:00:00+00:00,1.5273014980288553,1.5993698114782113,1.6647223828620978,1.5586550540606847,1.6031826091735644,1.5993916234726933,1.5994312041088976,1.5893108512540912,1.2628827335776431,1.4726718354405846
2019-04-25 00:00:00+00:00,1.4999340224027962,1.5708270799558974,1.6323994824330685,1.517745206051595,1.5744534616310957,1.570838907896526,1.5708655310784096,1.5616249605166117,1.2281551742340746,1.4369296506906695
2019-04-26 00:00:00+00:00,1.4794849774244985,1.5464618971979716,1.60762784761719,1.4872870334593387,1.5500809334588792,1.546460655385929,1.5464452494288332,1.537618590764274,1.2135420488749127,1.422315452529608
2019-04-29 00:00:00+00:00,1.520809602086699,1.589081946602312,1.6576780801215487,1.5497103221253985,1.5931072040096652,1.5890925357796852,1.5890860894691772,1.580448264749566,1.2639325298183268,1.4832589274374346
2019-04-30 00:00:00+00:00,1.5077324297400978,1.5776813912097882,1.6420409303019663,1.5290975255421142,1.5814476477279584,1.5776851707694155,1.5776493014481154,1.5682262181123205,1.245794434296028,1.4588208383602466
2019-05-01 00:00:00+00:00,1.4880079742694703,1.5537746137125494,1.6130884416425144,1.4914331256333413,1.5572865591200082,1.5537458836095341,1.5536604640942875,1.544836718842181,1.2039659023562195,1.42194767668004
2019-05-02 00:00:00+00:00,1.498213406154654,1.564207209559947,1.627113241622068,1.5041742437753094,1.5679779757748713,1.5641880042049112,1.564101213095117,1.5567038956113985,1.2146814836798754,1.4453031564402856
2019-05-03 00:00:00+00:00,1.5142949636583638,1.5804831079789996,1.6430843102786266,1.5218273191515748,1.5843583771179082,1.580459370687867,1.5803746577484679,1.5724119279290907,1.2338120103531525,1.4600236705159961
2019-05-06 00:00:00+00:00,1.5497684326302177,1.6175961405361408,1.6871180438912798,1.5616358621153974,1.6220278390399356,1.6175231308038573,1.617572632626839,1.6095204125896148,1.2686343004690017,1.5143288709940381
2019-05-07 00:00:00+00:00,1.5567453367732944,1.6249094141590061,1.698445037178399,1.5767513822508834,1.6296304106677035,1.6248356558818071,1.6249679162332373,1.6170352549884066,1.268932609143024,1.5220502838171177
2019-05-08 00:00:00+00:00,1.5887748909419543,1.6595443841514215,1.7374000161772665,1.6236937278214851,1.6645071740737407,1.659464274387086,1.6596876040777704,1.6515592118924647,1.296408833083869,1.569806296908197
2019-05-09 00:00:00+00:00,1.6174072287811536,1.6931128517945755,1.7723372642369648,1.6541448018434344,1.698093838527079,1.6930277058458052,1.6932630947969876,1.6847829775327838,1.3106092078359568,1.5892529140544853
2019-05-10 00:00:00+00:00,1.6109553766758151,1.6842423375823472,1.7623841521069634,1.6421106597078612,1.6891586107787753,1.6841585574228026,1.6844137248974294,1.675066184051512,1.30558602617298,1.5806223642011519
2019-05-13 00:00:00+00:00,1.6154754005693113,1.687942962273248,1.7648948696748201,1.644381206632089,1.692778312105401,1.6878589791264893,1.6880903677214758,1.678754008762067,1.3062385340083014,1.5838174289526707
2019-05-14 00:00:00+00:00,1.6471858769582037,1.7257193618369027,1.8105430151063584,1.7003483818848961,1.7310543776503096,1.7256369712411919,1.7259049141331726,1.7175884187256822,1.350844518468511,1.6428164384670148
2019-05-15 00:00:00+00:00,1.6761275261131057,1.758434544901042,1.8436497262041045,1.7404495643200815,1.7637127098008378,1.7583629097494218,1.7586883979600534,1.7483366716986788,1.3964307764824766,1.6736585205516776
2019-05-16 00:00:00+00:00,1.6910958609603801,1.7742211726523256,1.8641308857339667,1.7596177780419622,1.7797888294403184,1.7741529346624099,1.774529671430204,1.7642370106203962,1.4170879542772659,1.6997617675952303
2019-05-17 00:00:00+00:00,1.6990289826745908,1.7835723628068305,1.8714482365085474,1.767127070734931,1.7890121732018311,1.7835012072800493,1.7838118945923074,1.772254526455364,1.420114791677849,1.7007185079413494
2019-05-20 00:00:00+00:00,1.6713960181526595,1.7478128554919745,1.8329598970814098,1.7325158484586962,1.7531344753156684,1.7477482165003333,1.747970146054988,1.7368804006196108,1.406617660265898,1.6786694334316175
2019-05-21 00:00:00+00:00,1.6886289057453714,1.767352057926809,1.8572819538651422,1.7631837154671335,1.772959754070683,1.7672869423793705,1.7675009161920185,1.7560453701514966,1.4141763524242859,1.6905101472815067
2019-05-22 00:00:00+00:00,1.7079850032027717,1.785242479018293,1.876946718222272,1.7881693116853765,1.7909704526703143,1.7851661212908112,1.7853926397394813,1.773630989057133,1.4333770760604478,1.715615412872971
2019-05-23 00:00:00+00:00,1.7073312067295068,1.785930061263438,1.8766373548671653,1.788292074889106,1.7915513367991265,1.7858572162007098,1.7860371813125901,1.7732133898092657,1.4394973765910761,1.7104134471339092
2019-05-24 00:00:00+00:00,1.6841211203829676,1.7618391764073909,1.8495010692395712,1.7542352931595637,1.767296539594056,1.7617618531939094,1.7619866577900392,1.7482253740394977,1.4052220850900217,1.6753484838788026
2019-05-27 00:00:00+00:00,1.6674356795664271,1.7438026712820789,1.8313126310517083,1.733585039381289,1.7492445568489692,1.743716237813826,1.7439375905552175,1.7313399212040117,1.3941758332378023,1.6665086226201966
2019-05-28 00:00:00+00:00,1.6605153940381134,1.7365439030352414,1.8234231172521518,1.7230800476233585,1.7419721892456503,1.7364600168453905,1.7366610933658995,1.7246970985197445,1.389481815414165,1.658124042662438
2019-05-29 00:00:00+00:00,1.6815468568964533,1.7602413878413163,1.8498521247534014,1.7540994199168751,1.7659181515565492,1.7601398364420702,1.7604118615138495,1.7480827080841639,1.3967507292738481,1.6727728239931539
2019-05-30 00:00:00+00:00,1.7123095382719364,1.7925164059287126,1.8847962715510658,1.796040465493618,1.798286905984035,1.7924146054044263,1.7927228764676912,1.779508888072221,1.409436339878132,1.6911614064435168
2019-05-31 00:00:00+00:00,1.7381394440458549,1.823236908995239,1.9182089400498825,1.827019969151214,1.8290749018062362,1.8231584483080463,1.8234398613036313,1.809154822091044,1.4441590917960125,1.7288470361304873
2019-06-03 00:00:00+00:00,1.738105062186564,1.821576161964345,1.919560432909907,1.8279939252312316,1.8276523696063924,1.8214643735469085,1.8216997584402235,1.8085121188658793,1.4413348995206923,1.730357942462581
2019-06-04 00:00:00+00:00,1.7334623532485796,1.8126406346222017,1.911617788078877,1.8187820154883985,1.8187693370924736,1.8125330706544944,1.812735470478871,1.7997655880723753,1.4251357971625593,1.722812596401641
2019-06-05 00:00:00+00:00,1.7487190821059142,1.8297308766908973,1.9316024451552203,1.843192308406758,1.836029134771125,1.8296315476020162,1.8298752222927002,1.8174792392456454,1.4446203505719017,1.7507547853524055
2019-06-06 00:00:00+00:00,1.7362671229634403,1.8183294663149445,1.9188174340762285,1.8266001103846143,1.8246018224546632,1.8182150376093875,1.8184936517587817,1.8056669694978678,1.438405718913824,1.7409459884200693
2019-06-07 00:00:00+00:00,1.710082478735919,1.7924007971690012,1.8891580335165894,1.7907419995579015,1.7984245374648464,1.7922747581098628,1.7926089051371987,1.7788537121949983,1.400267613506851,1.707914600789873
2019-06-10 00:00:00+00:00,1.7211050407730422,1.8032852533268926,1.9003709075865316,1.8030239509251718,1.8093347795444965,1.8031827841863024,1.8035266831551282,1.7905393440470199,1.4189865852592458,1.7239333877814784
2019-06-11 00:00:00+00:00,1.7258043915613062,1.804975049387253,1.9041942217489378,1.8091010373623448,1.81116424751497,1.8048899440864672,1.8052150558826259,1.7920718143556873,1.4134923911542605,1.732543751164437
2019-06-12 00:00:00+00:00,1.7208476738697742,1.801964711605872,1.9002944160096626,1.8037331917357506,1.8080874091780075,1.8018721301857044,1.8021961006975324,1.7884671730387764,1.4128963240200842,1.7234618953303367
2019-06-13 00:00:00+00:00,1.7461094741870082,1.8321709118564629,1.9342461265035586,1.8459186527265317,1.8386011610378437,1.8320477842996394,1.8322755220493467,1.8186462819306022,1.4408296263739369,1.7656553254207226
2019-06-14 00:00:00+00:00,1.720333404902078,1.8016545840303124,1.8992838107499121,1.8018663187871353,1.8078204086724108,1.8015365084116042,1.801783208916327,1.7879695331912377,1.406124535400025,1.7185125815547944
2019-06-17 00:00:00+00:00,1.7622739266767082,1.8544808747269812,1.9581090401345134,1.874882447811696,1.8610549996191184,1.8543550511480966,1.8546412478394625,1.8399640988672306,1.4685425591211005,1.7873103425321661
2019-06-18 00:00:00+00:00,1.769315105299954,1.8644488050841181,1.968883747352808,1.887980965759061,1.8710699017790995,1.864378075820335,1.8645936066843152,1.8499477888142508,1.4866405801866753,1.8020974528768736
2019-06-19 00:00:00+00:00,1.7707148274853637,1.8658929908594968,1.9686223097741153,1.886045129947831,1.8723995289949584,1.8658266585434236,1.8659906917721423,1.8510355023851321,1.4868558166877017,1.7989503488468135
2019-06-20 00:00:00+00:00,1.7977827004965556,1.8928791981952746,1.9970997046589103,1.919916157459648,1.8994681666997242,1.892818192576605,1.8929486818409018,1.87762201062782,1.496867663770529,1.81359544806809
2019-06-21 00:00:00+00:00,1.782351029146334,1.8778281803749295,1.9804728552536275,1.9034139978599478,1.8843206977463274,1.8777768834641235,1.8779218422403707,1.8631911952591347,1.4876594569329122,1.7912965128816674
2019-06-24 00:00:00+00:00,1.7738905790900152,1.8709106118666765,1.9727752849800342,1.8944564954985201,1.877345955831436,1.8708944637372018,1.8711685941682716,1.854171098121682,1.4904084024049624,1.7847457011560064
2019-06-25 00:00:00+00:00,1.7803185363594747,1.8830122489004504,1.9863636513604117,1.9130902778345484,1.8894631184670585,1.8830030772585071,1.8832608886472264,1.8651553969475543,1.4973173972936553,1.789590879896794
2019-06-26 00:00:00+00:00,1.7393981221896717,1.842580794778771,1.944456229729598,1.8597274417003922,1.849006664791259,1.8425674897868607,1.8428294760173134,1.825825824481638,1.4501711604102518,1.739509943087584
2019-06-27 00:00:00+00:00,1.7209318083992162,1.8250242128275191,1.9245471562925265,1.8413340475597082,1.8312865837700742,1.8249873588187722,1.8252670638037163,1.80818806879044,1.439859910112299,1.7283263818894197
2019-06-28 00:00:00+00:00,1.7458307568180957,1.848688260454061,1.9517305679106838,1.8739887851090002,1.855185502789493,1.8486556553022113,1.8489362491798158,1.831227000438594,1.450304727495037,1.7421335522802261
2019-07-01 00:00:00+00:00,1.734496965339128,1.8390841586718216,1.941090709228746,1.8695356135579781,1.8456023402904556,1.8390490437111535,1.8392859642688286,1.8217321338069923,1.4442124424605043,1.7357208619004243
2019-07-02 00:00:00+00:00,1.7413490596050194,1.8515834638047843,1.955862273783127,1.8759872105319677,1.8582259689002152,1.8515604129519379,1.8518315975899242,1.8342783170900916,1.4479300117254152,1.7434166580080888
2019-07-03 00:00:00+00:00,1.704340947781376,1.8127801041421574,1.9114275103656413,1.856769320711709,1.8193391242757366,1.8127531858311148,1.812969719758057,1.7966263710143873,1.4250994911282302,1.7222214842092507
2019-07-04 00:00:00+00:00,1.7193795424142901,1.8337994089597587,1.9373000341815039,1.867771122896729,1.8405884138593442,1.833782969914081,1.834014982971892,1.8178275908573276,1.436045506701357,1.7369804770291926
2019-07-05 00:00:00+00:00,1.7132685355588497,1.8273651490456968,1.930872926115776,1.8653843220941955,1.8342557458362405,1.8273490533399415,1.827589130398061,1.8113592741456979,1.431510000448278,1.7344091260400236
2019-07-08 00:00:00+00:00,1.7149809445230468,1.8254134378184346,1.9311493076478246,1.86526266971323,1.8324929837993396,1.825466229279808,1.8256240081862714,1.8096202576377736,1.4321442371689492,1.7346236954562502
2019-07-09 00:00:00+00:00,1.6940061363894534,1.7991445388926992,1.902138782548804,1.8524320045970142,1.806016991441258,1.7991965372334586,1.799292039178804,1.7830122696438675,1.4195977165614662,1.72040307274831
2019-07-10 00:00:00+00:00,1.7144035146106742,1.8213401648303578,1.927709234763469,1.8639571983194239,1.8283955748326144,1.821370390596763,1.8214915419115403,1.805507775805456,1.4279080614744144,1.733571662129532
2019-07-11 00:00:00+00:00,1.6932190431299294,1.8000659524677851,1.9046096298975321,1.8520112688004777,1.8069408727461755,1.800068523341914,1.8002565062728584,1.7843924973210215,1.4148944183411578,1.719724179305893
2019-07-12 00:00:00+00:00,1.7128566530925906,1.822125958859734,1.9323494170421476,1.8646032003873858,1.8293780685364534,1.8220633943751368,1.8224096758605588,1.8058849863823958,1.422317991924337,1.7322116006283723
2019-07-15 00:00:00+00:00,1.7163354124713674,1.823799354886159,1.9315525660070396,1.864314376080149,1.8308857943028511,1.8237503699382587,1.8239745624761772,1.8070682894973757,1.4235335726173055,1.7302576558639478
2019-07-16 00:00:00+00:00,1.6951873229876826,1.8018922496650855,1.9056338630918501,1.8530451910802446,1.8088198177087487,1.8017918619229765,1.8020526222369473,1.784406646440846,1.4125803879496455,1.7156530823884815
2019-07-17 00:00:00+00:00,1.684061482240272,1.7872781009308667,1.8900176945439664,1.8450990243908687,1.794108304747558,1.7872135237330604,1.7874366644404047,1.7699513845576376,1.4068274222136086,1.7074740348805078
2019-07-18 00:00:00+00:00,1.682486701789614,1.7814769282058356,1.8818497103911451,1.8414811493067753,1.7882770844217895,1.7813859865018915,1.781568208662697,1.7635550428014042,1.4027969401148255,1.7023468143343203
2019-07-19 00:00:00+00:00,1.722566926269555,1.827296810125232,1.9324595990299593,1.8645746704432669,1.8342926296963842,1.827208507050045,1.8273649907619955,1.8094676441465498,1.420781520480116,1.7260335747172213
2019-07-22 00:00:00+00:00,1.735023237654943,1.840612647470243,1.9482063994285042,1.8714304547176488,1.847644422619084,1.8405033183285606,1.840627969635937,1.8220663895399565,1.42307268348403,1.7310521689932485
2019-07-23 00:00:00+00:00,1.7280706397462566,1.8362089683037153,1.9399412997141847,1.8678982031866516,1.8430361611947166,1.8361671301484337,1.836260889251824,1.8173513795170806,1.4215258978906216,1.7270304579002338
2019-07-24 00:00:00+00:00,1.7492110888020793,1.8568799516839096,1.9644381888340956,1.8788155523865149,1.8638957726926073,1.8568707521623513,1.8570261874431249,1.836109731229664,1.4314329503252146,1.7343666307014676
2019-07-25 00:00:00+00:00,1.7010667117955964,1.8012707586472485,1.901569729885654,1.8502497983684996,1.807893442169734,1.8013309212484374,1.8014084108362118,1.780798075807571,1.403913406149647,1.7045233393758363
2019-07-26 00:00:00+00:00,1.6707946216229743,1.7702411633546566,1.8666871067047133,1.8341283092072442,1.7766131377748866,1.7703000785432779,1.770318465044324,1.750715769025953,1.3894204537952015,1.6892289320619411
2019-07-29 00:00:00+00:00,1.6822278012157377,1.784010657847202,1.8812807525456292,1.840857226665879,1.7904143115766522,1.7840336909156456,1.7841987718575913,1.7640375447414132,1.3940632516580647,1.694664078470782
2019-07-30 00:00:00+00:00,1.700931434689624,1.8070183584394481,1.904822872211073,1.8526003180128687,1.8134658268309627,1.8069931829167227,1.8071361918773714,1.7860209310467658,1.4021524975305233,1.7065125470080238
2019-07-31 00:00:00+00:00,1.7518525019844542,1.8660880809631768,1.9712771678987917,1.8836640995120448,1.8729617238437788,1.8660986991554553,1.8662819339385868,1.844115243503531,1.4276160618217049,1.7365935870842557
2019-08-01 00:00:00+00:00,1.7687294594591878,1.8836244699476798,1.992687906878005,1.8905752168888494,1.8906339727168593,1.8836334857732022,1.883822314220658,1.8622691900528534,1.4319509178085845,1.746454508067438
2019-08-02 00:00:00+00:00,1.7605361496988847,1.8735628737747692,1.9802335693670208,1.8747876441899767,1.880427752629618,1.8735941617396037,1.8737848666437982,1.8524599027803528,1.4245755175177768,1.7345795219578668
2019-08-05 00:00:00+00:00,1.7912966464021576,1.9083476231364576,2.0198487584452636,1.9253484092441613,1.9154569206456347,1.908378095982161,1.9085752069297248,1.887502985168296,1.4627639391620824,1.7802007640585036
2019-08-06 00:00:00+00:00,1.7751553829079405,1.893754748161749,2.00381066657224,1.9059400147735455,1.9007273369678028,1.8937849292816222,1.8940081841616283,1.8736021239612428,1.4480557054965038,1.7645146568991892
2019-08-07 00:00:00+00:00,1.7840626017187293,1.9058732498414535,2.01938269196437,1.926561129381944,1.9130774174532885,1.9059171467301927,1.9061897747906842,1.8853639031507368,1.4673619426482503,1.782465704043372
2019-08-08 00:00:00+00:00,1.7806767730542998,1.8971379902573051,2.010911813763843,1.9176813864979083,1.9043394704268737,1.8971897792169568,1.8974406359724842,1.8767625118679236,1.463153338329631,1.7733780767853258
2019-08-09 00:00:00+00:00,1.7918906964298502,1.9110144705906793,2.0253735342345376,1.9347780324315602,1.9182613885886448,1.9110333796904226,1.9112981023126383,1.889343553943354,1.4692695279996337,1.785245395283213
2019-08-12 00:00:00+00:00,1.78317706124657,1.899581958134795,2.011721734701433,1.9172508921199456,1.9066702685104384,1.8995943156777422,1.8999093628165062,1.8774256580594015,1.4541461419889996,1.7708404215075035
2019-08-13 00:00:00+00:00,1.7965346295086329,1.9174331270954703,2.030581727956743,1.9392807287601355,1.9246135311158958,1.91742663305846,1.9177231736265279,1.8947802283189423,1.4679824130061137,1.7908505287087395
2019-08-14 00:00:00+00:00,1.7768295326537347,1.8980670844471217,2.0079476233034796,1.91190590934217,1.9049795141999144,1.8980646859157468,1.89834721239236,1.8755181258597797,1.4467194366465779,1.7652265459376089
2019-08-15 00:00:00+00:00,1.75312374983214,1.871737696529235,1.9753799815868278,1.870143597989427,1.8782339016864114,1.8717151748589593,1.871991065344619,1.8478133701065538,1.4133614077284802,1.721131102710425
2019-08-16 00:00:00+00:00,1.7342678664429343,1.8500172672903064,1.9512349436765852,1.8400861762198568,1.856342822663106,1.8499273771450446,1.8501331298476205,1.8265738772124167,1.3813508221244268,1.6945394064409234
2019-08-19 00:00:00+00:00,1.728135791238971,1.8474349853206482,1.946557845287963,1.8329165602389368,1.8535971960487714,1.8473681379985356,1.8475590085996443,1.8232970109473667,1.3802224515952086,1.689088971071817
2019-08-20 00:00:00+00:00,1.7469921081720585,1.866232151295551,1.9668626092907908,1.8423737598204608,1.872481803059682,1.8661761757591737,1.8663852641554997,1.8416564850081345,1.3890954347958648,1.6987767586712201
2019-08-21 00:00:00+00:00,1.7554303425751057,1.875490448068257,1.9775699419415316,1.8462287944304703,1.8818793084833754,1.8754318992115824,1.875595406323526,1.8510524190171829,1.3933503590977752,1.7050319529552882
2019-08-22 00:00:00+00:00,1.726541073558294,1.8447978623299122,1.9466703198888218,1.817918056655052,1.8511025643487478,1.8447294745093292,1.844890040276019,1.8218948967815332,1.3794878430717468,1.6927466473519255
2019-08-23 00:00:00+00:00,1.7270172500231697,1.8493727091478571,1.951121668853937,1.8204999643122823,1.8556784071957944,1.8492863839900575,1.8494447229699176,1.8267936752958154,1.3809997085293666,1.6954778624329856
2019-08-26 00:00:00+00:00,1.7331848927440177,1.8571694765316158,1.9607761308735687,1.8287533400912126,1.8635498330021525,1.8571066410909824,1.8572966865312637,1.834369995809325,1.3964161178532253,1.7044251834281474
2019-08-27 00:00:00+00:00,1.7317700098276598,1.8533439144854431,1.9529394288995787,1.8171534575673574,1.8595382770105566,1.8532689249775325,1.8534237197048535,1.8304167972781151,1.3916299187021994,1.699481954730539
2019-08-28 00:00:00+00:00,1.7451404004303606,1.8672716066888446,1.9729274648978747,1.8351301522442225,1.8738833570360935,1.867182503107244,1.8672942081402437,1.8454133711012772,1.4017859587009793,1.7283671133435508
2019-08-29 00:00:00+00:00,1.7633156855804613,1.888555553784719,1.9984985470465815,1.8668963571187596,1.8953278460922143,1.8884204800915327,1.8885749589863048,1.866050404249922,1.4235225464208299,1.7559995196776068
2019-08-30 00:00:00+00:00,1.7753701291693493,1.9057508676805557,2.0175683735585643,1.8759953344484925,1.9125619245767196,1.9056416845102684,1.905769062111312,1.8830226869046478,1.432279862334507,1.7668988109396608
2019-09-02 00:00:00+00:00,1.788430093866386,1.9218918135496244,2.0383438458909358,1.884240403822284,1.9289345477368447,1.921779799219599,1.921961845232095,1.8988402182700255,1.4384190316037797,1.7761580513015098
2019-09-03 00:00:00+00:00,1.77266568464655,1.9074061233555166,2.0222974917965435,1.8775042620450937,1.9143801675883947,1.907324645758245,1.9076070082881913,1.8837782868723356,1.4352498280881258,1.7678116422818277
2019-09-04 00:00:00+00:00,1.782777965410466,1.9187982149208787,2.032718373391692,1.8821282664056667,1.9257226002068872,1.9187069701692165,1.9189402857849682,1.8945246631203756,1.4404273207141451,1.7722405131602588
2019-09-05 00:00:00+00:00,1.758450803593545,1.8865392573575723,1.995392556604876,1.8663412380308335,1.8931971735304014,1.886454772211486,1.8866291398436228,1.8630924527382546,1.426409543221089,1.75423810783738
2019-09-06 00:00:00+00:00,1.7608612819172427,1.8878251375451163,1.9978251991827805,1.86756152171658,1.8946222650631763,1.8877312179753412,1.8877807459362401,1.865385035948654,1.4257748271046036,1.7565033263500573
2019-09-09 00:00:00+00:00,1.7642977479764932,1.8948605330464172,2.007403003442737,1.8717514585220705,1.9018143214804186,1.8947612525801858,1.8947793969825713,1.873611996105272,1.4281247539564257,1.763861975923277
2019-09-10 00:00:00+00:00,1.773675090846469,1.9071915957910912,2.0171132889092886,1.8764588743140511,1.9139717401327823,1.907100000361824,1.9071701298282497,1.8854744984024432,1.4356630488959932,1.7664799412298697
2019-09-11 00:00:00+00:00,1.7805156237596094,1.9169335575303532,2.0268360947803,1.8804757742689115,1.9235630953589735,1.9168586281942142,1.9168817913946243,1.8942851085604102,1.4435347641490055,1.767572417070462
2019-09-12 00:00:00+00:00,1.773053644797075,1.9062422585782053,2.0146048064909197,1.8753011684867729,1.9128059182362684,1.9061410427719327,1.906125105802765,1.8835640798166753,1.4376493720851122,1.7617392068858442
2019-09-13 00:00:00+00:00,1.749317543376714,1.8794911220810584,1.9821685946139085,1.8602171753121723,1.8856954747441412,1.879400824665105,1.8793821898926288,1.8562901645814185,1.42553780807237,1.7421237278596313
2019-09-16 00:00:00+00:00,1.7410193332812274,1.873462215892064,1.9753970777811476,1.8523268113255198,1.8795429073445014,1.8733739067918687,1.8734254879650813,1.8495961497149693,1.4193040996949489,1.7300444970699604
2019-09-17 00:00:00+00:00,1.7467684022451588,1.8768922070159493,1.9800552268831468,1.8538371814430976,1.8830419882485954,1.8767860339406794,1.8768159843278598,1.8525929178214828,1.4205786617741414,1.7298323887120186
2019-09-18 00:00:00+00:00,1.780401289966869,1.9126099251046669,2.0184692485144256,1.871130773951096,1.918942950674317,1.912518010248285,1.9124909410294606,1.8879918223059733,1.4382712958722048,1.7500797868243663
2019-09-19 00:00:00+00:00,1.7709186858274062,1.903519150615535,2.0083388505719157,1.8652992387249463,1.9098427114345942,1.9034119149771676,1.903256069202638,1.8788157457061874,1.4284270538308725,1.7431712688251828
2019-09-20 00:00:00+00:00,1.7860240922769377,1.9196957039428182,2.0278102778051608,1.8906832856577245,1.9263371493289538,1.9195826399502938,1.9194870449115415,1.8952364358668108,1.4432359158454398,1.7637719339958209
2019-09-23 00:00:00+00:00,1.7794826385671956,1.9095279889583678,2.014583291390547,1.8731851649311773,1.916093850853745,1.9093813197823122,1.9091595488751645,1.8846254303955934,1.4275876203946825,1.7469272171896482
2019-09-24 00:00:00+00:00,1.774595511379348,1.9036889122232958,2.0107491639042725,1.868390099224002,1.9104572979536052,1.9035351533078095,1.903234120253463,1.8792611128350143,1.4197570900159178,1.7442128913856962
2019-09-25 00:00:00+00:00,1.7959493679716234,1.9263858145616255,2.0341392295224243,1.8963735542769142,1.9331617406848536,1.926237925328971,1.9259891215318534,1.901984609030465,1.44349588162173,1.7727739690252218
2019-09-26 00:00:00+00:00,1.811771551019507,1.9484491545399083,2.057305509169103,1.922903921376098,1.9552669097208843,1.9482625555135544,1.9480109231675862,1.9250834323209072,1.467734196797003,1.8026030521585767
2019-09-27 00:00:00+00:00,1.817191804844094,1.9527314926334889,2.060502271390103,1.9267510879324685,1.9594337442388607,1.9525107726997153,1.9522753992430384,1.9285471262813287,1.4679497532581205,1.8016786871107797
2019-09-30 00:00:00+00:00,1.8087997583305246,1.9488978939475456,2.0560405998349873,1.9223602513026645,1.9554992684747345,1.9486616483650492,1.9483475029195938,1.9250094273691705,1.4637637525169414,1.798511420975194
2019-10-01 00:00:00+00:00,1.7758579456528405,1.910147653830421,2.012472310344725,1.8694287623313657,1.9164652130800237,1.909886553997053,1.9095917676400147,1.8859074144369536,1.4115575856025797,1.7444861668311176
2019-10-02 00:00:00+00:00,1.750409837390962,1.8867143638253456,1.9864437819592284,1.837091563224315,1.8928929319471322,1.8864457790625682,1.8860857851793942,1.8623813251305783,1.382086949098781,1.7106298491679428
2019-10-03 00:00:00+00:00,1.7404697835402347,1.8771995003510262,1.9803183036839502,1.8333583032774912,1.8835630586040386,1.8770090573328424,1.876698906220644,1.8545460627197876,1.3794838584134033,1.7117710397040433
2019-10-04 00:00:00+00:00,1.773313160033201,1.9128970836067376,2.014306294701013,1.8484487629994735,1.919047936534514,1.9126938299179947,1.9123999516618193,1.8880546884938156,1.3914840709670742,1.7252709754915792
2019-10-07 00:00:00+00:00,1.7817402620194964,1.921607788121039,2.0252035427184256,1.8519264168426195,1.9277397573546664,1.9214233349233,1.9211543609937636,1.896995992318793,1.3960745515615471,1.7319604366118515
2019-10-08 00:00:00+00:00,1.8024624041029886,1.942504453822707,2.0490814547141145,1.8617857055870588,1.948753832965426,1.9423086869897022,1.9420043699656555,1.917711148628422,1.4033752348584383,1.7429432747634217
2019-10-09 00:00:00+00:00,1.8349934740357885,1.978037141738703,2.088693834144772,1.8953224721534858,1.9845031048798287,1.9778085948536097,1.977611314733766,1.9529110621242578,1.414667754375073,1.7627126511408107
2019-10-10 00:00:00+00:00,1.848254904101269,1.992187618207192,2.106065789631029,1.915352613763708,1.9988306226000618,1.9919811965881031,1.991846220463397,1.967609585783556,1.4268094584230577,1.78380165933413
2019-10-11 00:00:00+00:00,1.8315591434346665,1.9748916532515046,2.084658438024324,1.8971735156615732,1.9813556760909423,1.9746832156283478,1.9745659843984253,1.9502958691226526,1.4183751623372447,1.7719328140157948
2019-10-14 00:00:00+00:00,1.8555564480027908,1.9991487088474116,2.1116867185536927,1.929525920635914,2.005752228039529,1.9989427964161455,1.998858945685565,1.973937864457314,1.4281611125508373,1.7823534050565621
2019-10-15 00:00:00+00:00,1.8559072244812433,1.9992463118116868,2.1133977068570307,1.933156012455349,2.005925070225367,1.9990372351013226,1.9989586341234888,1.9742429972903053,1.4281787256344662,1.7848667453374274
2019-10-16 00:00:00+00:00,1.8618232807939474,2.006799760017756,2.1227156139776717,1.94290839001936,2.0135632787797433,2.0066309580388797,2.006558881102252,1.982223857759155,1.4428794008862782,1.7967842727232726
2019-10-17 00:00:00+00:00,1.8421528398727587,1.9830585007471955,2.094314225105171,1.908779422644755,1.9894918878889025,1.9828714850012297,1.9827749763450453,1.958435599615491,1.4140131742797184,1.7645727919212721
2019-10-18 00:00:00+00:00,1.8253436953955857,1.9613926421981092,2.0698223771096753,1.8798432370272267,1.9676874390214183,1.9612231609173514,1.9609834686180099,1.9367443360672225,1.3969504196890783,1.738627764742147
2019-10-21 00:00:00+00:00,1.8090759303816977,1.9436747795912073,2.049491252251745,1.8548854138690871,1.9498266247057408,1.9435158923470237,1.9432820771741457,1.9193387471963348,1.376220540952849,1.717224970360174
2019-10-22 00:00:00+00:00,1.7896766084558442,1.913101416362181,2.014525784952162,1.8116569216467562,1.9189868220738036,1.9128794244977523,1.9125845762437144,1.8889400979942252,1.336100437879955,1.672380041985637
2019-10-23 00:00:00+00:00,1.8167369951496486,1.9434762456217682,2.0454215935325695,1.8456697400748512,1.9493456736549208,1.9432478334465475,1.942911837081144,1.918957948813723,1.3605057252755717,1.7033938807857956
2019-10-24 00:00:00+00:00,1.8430640492239665,1.9762234970850783,2.084721397257133,1.8604635231602282,1.9824057740585384,1.9760090670837855,1.9757505321659485,1.9523951905435466,1.3746174496278554,1.726179544742199
2019-10-25 00:00:00+00:00,1.8375203292664823,1.9705648391999426,2.080801479330384,1.8554712263984188,1.976886370203935,1.9703600164968738,1.9701368696595138,1.9469539902475794,1.373765910358959,1.7230812269190212
2019-10-28 00:00:00+00:00,1.8432039075575164,1.9721897610377357,2.0851321757933072,1.8617985322004231,1.9787336677525411,1.9719600746276804,1.9716976451804535,1.9502206222760095,1.3729082107142305,1.7398440219084697
2019-10-29 00:00:00+00:00,1.810858072879577,1.936576158811606,2.0478364260628577,1.8285715739536528,1.9430237464265292,1.9363733340843776,1.9361105237479803,1.9154232416909436,1.339431848917268,1.7009883594781363
2019-10-30 00:00:00+00:00,1.8212808001915233,1.9516217537918261,2.0664780690990763,1.8503611282950572,1.9582656380848042,1.951476752981159,1.9511575809570803,1.9312684637516406,1.347379124226545,1.7124274991408082
2019-10-31 00:00:00+00:00,1.8398873051573998,1.9767334175019622,2.099949221594585,1.8934240039689478,1.9837674961070613,1.9766734906687964,1.9764420760883694,1.9585584542476184,1.359300241776024,1.738076466390855
2019-11-01 00:00:00+00:00,1.8595505882163832,1.9962272827692522,2.1236743251510797,1.9242710676415407,2.003491974872313,1.99620948265133,1.9960389289141154,1.9778901597301193,1.3859083663993936,1.7697668463556777
2019-11-04 00:00:00+00:00,1.8626900461539064,2.0062592618654365,2.136213495167155,1.9384253818625767,2.013710193108418,2.0062481812488255,2.006142415614371,1.9878676718592603,1.3964676417295891,1.780188043126127
2019-11-05 00:00:00+00:00,1.8290237706252528,1.9674953502457815,2.0946888745955325,1.888822650358076,1.9747368314610367,1.967454293253617,1.9673175716718458,1.9499893486162478,1.3539357792737137,1.7335161508383423
2019-11-06 00:00:00+00:00,1.8303348574212952,1.9670458246073772,2.0887594331807735,1.8802174087052108,1.9738375010664055,1.9669449466695976,1.9668233338466605,1.9487752112052128,1.3473586282064802,1.7225791517552238
2019-11-07 00:00:00+00:00,1.805836628154942,1.939291851543853,2.0567383926164653,1.8519456472507336,1.9457749561652915,1.9391592582507151,1.9390473301461433,1.9208857317537342,1.3368890268348268,1.706953310098748
2019-11-08 00:00:00+00:00,1.8153509042808071,1.956150645324738,2.07615331672158,1.8607892213419304,1.9628133795163683,1.9560058323973368,1.9558762636157256,1.9379951831446558,1.3414787244098192,1.7167518836135887
2019-11-11 00:00:00+00:00,1.8060747613059218,1.945334168570322,2.0632708757650433,1.8557304130318815,1.9518961144931433,1.9451842393663459,1.945025131388742,1.927123647918299,1.3360479633191438,1.7098895497201605
2019-11-12 00:00:00+00:00,1.8151434998502542,1.9490816016805037,2.0711299203810145,1.8581437388239446,1.9558499059934906,1.9489317343156014,1.94877015976581,1.9318958438230687,1.3357777727976259,1.7165140462527504
2019-11-13 00:00:00+00:00,1.8313032565991347,1.9648415732598616,2.0887976391197185,1.8654628172805243,1.9716746031519674,1.9646913342589574,1.9645032898158672,1.9484272493911499,1.340488389902457,1.7272493361168657
2019-11-14 00:00:00+00:00,1.821652079454956,1.9555142049151502,2.0829829607819867,1.8629370974513315,1.9626438677641398,1.9553654824622015,1.9551802229148039,1.9401145201243986,1.3342251454388419,1.7280825384163765
2019-11-15 00:00:00+00:00,1.7790111981687242,1.904990827396017,2.025592533254704,1.838316236095824,1.9117801217411952,1.9048261965771889,1.9045875409480775,1.8906739006439135,1.3152257225954844,1.7024076825396113
2019-11-18 00:00:00+00:00,1.8005910496113195,1.9318569217320343,2.0545828622260633,1.8509374933688225,1.9388076471862232,1.9316841830461375,1.9315264416399733,1.9166960794019956,1.3246324096860502,1.7141497953817915
2019-11-19 00:00:00+00:00,1.8173862865294927,1.947471252702263,2.071698814589814,1.8583072131403133,1.9545633610550817,1.9473009673701678,1.9472319495477224,1.931922741084537,1.3328411135661715,1.721929093134601
2019-11-20 00:00:00+00:00,1.8024903902769291,1.9279620798661663,2.0511652260867055,1.8483338549195187,1.935098147733487,1.9277863189820044,1.927667286462399,1.9122600076874292,1.3255856701752582,1.713688544210914
2019-11-21 00:00:00+00:00,1.826207114702748,1.9527378993575308,2.077259616304396,1.8781215848169264,1.9598452885815827,1.9525365404122081,1.9524001851731916,1.936468730357586,1.3332690703461183,1.7250738980264149
2019-11-22 00:00:00+00:00,1.7827214876952695,1.9019849029366735,2.023148237150523,1.8535003458917323,1.9089638038624017,1.9017870329667883,1.901666533190955,1.8857721248573522,1.3119269752573248,1.6981116257739808
2019-11-25 00:00:00+00:00,1.803242561222409,1.9277179282701538,2.0537842696498525,1.865898319658169,1.9348532934307356,1.9275704806503546,1.9274260696017513,1.911758338618377,1.3224718296662714,1.7129671697894744
2019-11-26 00:00:00+00:00,1.808617462118156,1.9335392022331523,2.061878251454553,1.8691268006439958,1.9407205731836437,1.9334072541757816,1.9332290925704643,1.9176987562352366,1.3251025802234047,1.7159501053080997
2019-11-27 00:00:00+00:00,1.8083411623595889,1.9365231097856699,2.0630194319215334,1.8691824927547127,1.9435197144783907,1.9364385774380977,1.9362566684202347,1.9202298664400264,1.32817245908494,1.7146482671843486
2019-11-28 00:00:00+00:00,1.7691440530743316,1.8903284117620258,2.0106772722235577,1.8467972370255203,1.8970731071700127,1.8902519298701719,1.8900365426416754,1.8748504479826829,1.3107067413736013,1.6919809287933363
2019-11-29 00:00:00+00:00,1.7478545805565577,1.8632549369860245,1.9784039650652274,1.832725791362444,1.8697765109025608,1.8631023903614925,1.8628329085380928,1.8478829864519046,1.2985695386971663,1.6764742942077113
2019-12-02 00:00:00+00:00,1.7249771590972112,1.837737228162676,1.952710878063791,1.8210582121321917,1.8443420338797991,1.837574062088042,1.8373618581599271,1.8239851966138882,1.287207855174706,1.6695770902671327
2019-12-03 00:00:00+00:00,1.700581146122265,1.8084393734873057,1.922924429386766,1.8071945611531621,1.8150372394129708,1.8082658891181593,1.8080514953981988,1.795695504001425,1.2747053796170844,1.6572706886839679
2019-12-04 00:00:00+00:00,1.7133623493612407,1.8244689102648215,1.9418472938730813,1.814913705529282,1.8311449817916101,1.8242914260110656,1.8240703845380557,1.8115035509952575,1.2806893245625977,1.6638317083199718
2019-12-05 00:00:00+00:00,1.6940994796515771,1.8000054533614747,1.9151039572847477,1.8027777608546243,1.8066061320555866,1.7998401679927658,1.7996161808261046,1.7872169036436245,1.272235494773629,1.6513816130342085
2019-12-06 00:00:00+00:00,1.7202606708626758,1.8311495153857986,1.948305168835955,1.8182182140259258,1.8378479162638346,1.8309803306906072,1.830740446249927,1.8182896457441635,1.285410265004454,1.6690158972450548
2019-12-09 00:00:00+00:00,1.7106191502623842,1.8209130011593173,1.9354783464492635,1.8132296352976474,1.8275637826720266,1.8207148175355943,1.8204388403660994,1.807321729114812,1.2779295624973501,1.662211634202981
2019-12-10 00:00:00+00:00,1.7268785532401227,1.8375479813914661,1.954037287326345,1.8210088018041946,1.844248572290455,1.8373508911242682,1.8370180188688812,1.8236152359125029,1.283097287155937,1.6688358395620657
2019-12-11 00:00:00+00:00,1.716060002215959,1.8318009032621239,1.9477915317530514,1.8181667291524573,1.8384874541818783,1.831573450153848,1.8312582952865901,1.8177852556212084,1.2786743872668065,1.6652040882018155
2019-12-12 00:00:00+00:00,1.7452208252816732,1.8642140398176879,1.985610781925791,1.8344250388595489,1.8710905905844508,1.8639739778335576,1.8635898946453382,1.8494765124467547,1.2915206290383279,1.6798366187672436
2019-12-13 00:00:00+00:00,1.7342123079033718,1.845210375914048,1.9636411307557835,1.8253644428569407,1.852021537583653,1.84493667867873,1.8445878400164337,1.8307519233730531,1.2843865037952655,1.6721474109574899
2019-12-16 00:00:00+00:00,1.7406438602370709,1.853021749531345,1.9705870138413129,1.8281662804229153,1.8597156686487875,1.8527485598787947,1.8523435643485584,1.8378349267245946,1.2880497520660328,1.6729476094467701
2019-12-17 00:00:00+00:00,1.733589084819158,1.846114223077124,1.964713406675166,1.8254440202406041,1.8528508163611757,1.8458208296165657,1.845451357207503,1.8307320586207214,1.2831087482430665,1.66819572235678
2019-12-18 00:00:00+00:00,1.747506283293224,1.8622044678947416,1.9832673375679128,1.8338894857733887,1.8691361002210893,1.861926274211572,1.861586091206709,1.8470887530426061,1.2910326158458905,1.6786417054930562
2019-12-19 00:00:00+00:00,1.7443866198318259,1.8597521378051187,1.98213404158854,1.8332591144054882,1.8667099996625165,1.8594878937588315,1.8591362700087075,1.8450127477791258,1.2903821370049204,1.678739228902069
2019-12-20 00:00:00+00:00,1.760612762235662,1.8791943436889804,2.0062413625236344,1.8433363829201672,1.8863809404347798,1.8789199777309107,1.8786089571029734,1.8646485434810665,1.297791778871498,1.6892169967570063
2019-12-23 00:00:00+00:00,1.7794573093316526,1.898808126050494,2.030069239642212,1.8535903768704112,1.9062042096131566,1.898580909126452,1.8983360110640746,1.8850304544654128,1.3060849011604088,1.7029581592864742
2019-12-24 00:00:00+00:00,1.7919627842792423,1.9130730732162147,2.0472816519298394,1.8614788899709815,1.9207150364446317,1.9128567616776826,1.9126516119584627,1.8989511326063164,1.3136195215907431,1.7107643518687674
2019-12-25 00:00:00+00:00,1.7938689071614986,1.9110839545329497,2.04631818690501,1.8611831866628565,1.9188186720726335,1.9108654672436558,1.9106295767971604,1.8975619780279418,1.3118370091118063,1.7099388341394897
2019-12-26 00:00:00+00:00,1.7932781062070022,1.910089379439774,2.0463639016686606,1.8611170687994987,1.917886812581421,1.9098494178595502,1.9095474638249998,1.8973378822637004,1.3082847090873853,1.710546665553649
2019-12-27 00:00:00+00:00,1.7881853519325897,1.902197898328126,2.039336499646563,1.8578012938207618,1.9100811148461136,1.9019524082645685,1.901639146608095,1.8893831602667692,1.304983729362173,1.708169011265284
2019-12-30 00:00:00+00:00,1.8023568252738333,1.9172577103489339,2.055209122781648,1.875519573592415,1.9251913336559405,1.9170185415021674,1.9166551153440579,1.9040558170479984,1.3178142046164254,1.7238322882064774
2019-12-31 00:00:00+00:00,1.8114097664542534,1.9268049833446736,2.066675371688502,1.8896588326463504,1.934826142011366,1.9265696482683314,1.9261994476109596,1.9135589148508407,1.3273910034859773,1.736644889684446
2020-01-01 00:00:00+00:00,1.821249617115086,1.9344082389245751,2.072781476214972,1.8973693109519936,1.9422823649795802,1.9341497582129477,1.93374359004735,1.9202358956203793,1.3344702036918137,1.738306267541585
2020-01-02 00:00:00+00:00,1.8294447209574054,1.9436037248857418,2.0891903040297515,1.9188542615468487,1.9518959401095908,1.94334419532655,1.942889886517894,1.9308467723258516,1.3417862762769042,1.7609969778204113
2020-01-03 00:00:00+00:00,1.8219841772408623,1.9368607630804495,2.0839963055475756,1.9131228620428613,1.9452559954764324,1.9366123686983465,1.9361043089010646,1.9251151122075594,1.335926839027912,1.7588622641015972
2020-01-06 00:00:00+00:00,1.8122152973048211,1.9214536334340533,2.0653962229301412,1.8892044595576034,1.929697201830889,1.9212184268268921,1.920670694090255,1.9097320111185903,1.3239696520917321,1.7378992249974168
2020-01-07 00:00:00+00:00,1.7860789333580511,1.8870376595765033,2.0252517849121667,1.8384444890007412,1.8949570175572177,1.886808248563613,1.8862165356736755,1.8751607463799838,1.2874162482184521,1.689412568272548
2020-01-08 00:00:00+00:00,1.7965611623711453,1.9031251577941612,2.0462204559183643,1.8623591982857752,1.911368665148414,1.9029115562053815,1.9023163710910351,1.8918883487629374,1.3046025458245503,1.7161294350052254
2020-01-09 00:00:00+00:00,1.792377925554692,1.897752321667903,2.0391715728172004,1.8550377476476683,1.9059029814316595,1.897544185885576,1.8969657320821598,1.886416958769178,1.3028024673517438,1.712140201754796
2020-01-10 00:00:00+00:00,1.7618512176037988,1.861428702589225,1.9979010627437768,1.8035311312103797,1.8693967951525152,1.8612134025262865,1.860569392788111,1.8504790307039423,1.287250516392674,1.6881982584643724
2020-01-13 00:00:00+00:00,1.7519422702086889,1.8495316773853694,1.9825108754859155,1.7890302654947032,1.857298201424159,1.8493226705931922,1.8486947699339031,1.8386364997461149,1.2756986617154762,1.6735412242693963
2020-01-14 00:00:00+00:00,1.772547544264236,1.8706912781738338,2.0074953251859164,1.817325158528779,1.878665671883535,1.8704734447210971,1.8697665245913127,1.8591847130281476,1.2839546573105212,1.6839408283659196
2020-01-15 00:00:00+00:00,1.799049380259981,1.901366996868896,2.0449431710935655,1.831233491908393,1.9096420544736286,1.9011624348647116,1.9004590014806766,1.8901603726276137,1.2952531890831231,1.70481531540436
2020-01-16 00:00:00+00:00,1.7573573739563493,1.8536197442098412,1.9878161593647674,1.7630160877850716,1.8614206337789034,1.8534155091402769,1.8528052136155986,1.8418592198011008,1.242986913334002,1.6347339119219169
2020-01-17 00:00:00+00:00,1.7694211073378556,1.8674260228842543,2.0007700069123735,1.7765751634159104,1.875001456743172,1.8672249790380395,1.8665301553747848,1.855186074244438,1.2498183198241872,1.6400338180422203
2020-01-20 00:00:00+00:00,1.803994890564868,1.9090080738595137,2.048925311019343,1.7972144139789084,1.9169112019910455,1.9088048949485201,1.9080337892360792,1.8965277998126109,1.2661561652156603,1.6637679636592464
2020-01-21 00:00:00+00:00,1.7893790553251845,1.894183043422302,2.033109157906668,1.7902099867020405,1.9019650110125064,1.8939809887110362,1.8932805528529133,1.882299312352832,1.2591906874314513,1.6567152247837778
2020-01-22 00:00:00+00:00,1.7916119002960722,1.8939950346801095,2.032700732480436,1.7890713876139064,1.9017462752781549,1.8937849353310845,1.8930734942029375,1.8826105168734242,1.2567672599883717,1.656149999266469
2020-01-23 00:00:00+00:00,1.7459705335965146,1.8463804478815544,1.9801710935627461,1.767007750595729,1.8539412214015285,1.846139979319868,1.8454425812097135,1.8360028858752913,1.236572016182513,1.6324371454634652
2020-01-24 00:00:00+00:00,1.7339353799720783,1.832168570511206,1.961397583998878,1.7598906403930676,1.8396175332833054,1.831882564577539,1.8311613977377736,1.8218594442184395,1.2315842729872444,1.6242007381655696
2020-01-27 00:00:00+00:00,1.7480371923865778,1.8489402193600541,1.9779432310175584,1.7667464547416403,1.8563309216017045,1.8486864003511976,1.84803314544037,1.837443585987434,1.240724676751653,1.6282968247140757
2020-01-28 00:00:00+00:00,1.7374813514817562,1.833803346706651,1.963335821781097,1.760642772429853,1.8412836035161582,1.8335464181037857,1.8328011559311996,1.8228565215827865,1.2332831962049458,1.6220478200828723
2020-01-29 00:00:00+00:00,1.7472868491660134,1.8461176900212881,1.9816220529290565,1.767751433067433,1.8538984854058234,1.8458782353186836,1.8451908674818158,1.8360586343278507,1.2414785141369689,1.6325251395044025
2020-01-30 00:00:00+00:00,1.7260908500105725,1.8225784648322374,1.9529110593490253,1.7553922627856593,1.8300874619409317,1.82232928127665,1.8216460587654055,1.811792429201734,1.2302217470720336,1.6176930195045853
2020-01-31 00:00:00+00:00,1.741238234288982,1.8384338137270444,1.9680742107007745,1.761531425400703,1.8457687479136895,1.8381859859562788,1.837557153782667,1.8258509181084996,1.2354655678186637,1.6173239583981354
2020-02-03 00:00:00+00:00,1.700082340723058,1.793647849085228,1.9185722661810198,1.740155116982992,1.800796092574136,1.7933801691020688,1.7927032953356932,1.7815494827224039,1.2170013079618738,1.595578780472155
2020-02-04 00:00:00+00:00,1.6949265832803837,1.786130019731486,1.9098162946564514,1.7368697859199191,1.793294816517703,1.7858533267273489,1.785192953158893,1.7741689219376537,1.213208278209564,1.5933077724640863
2020-02-05 00:00:00+00:00,1.690064890846889,1.7833440229632131,1.9061899927891472,1.7352620171006583,1.7904601044858164,1.7830673432839452,1.7824577825857073,1.7701439113055133,1.2129821374616323,1.5890554362015552
2020-02-06 00:00:00+00:00,1.709188851154064,1.803411891029191,1.9303231014072462,1.7455862382700893,1.8107695318070627,1.803149417790546,1.8026160407795604,1.789806981867329,1.2222069294030458,1.5999843330853347
2020-02-07 00:00:00+00:00,1.736541098282661,1.8306023681949721,1.9570390275124026,1.7574414918148662,1.8379303585244537,1.830362658987196,1.8298864818229388,1.8158474319488618,1.2366682741849861,1.6115624915638314
2020-02-10 00:00:00+00:00,1.7301416695538538,1.8173934720637592,1.9405783961343217,1.7506746776204003,1.8245787675428335,1.8170987054477716,1.8166007238843729,1.8016959973130149,1.2275589854325673,1.6034349815550328
2020-02-11 00:00:00+00:00,1.7033234315587071,1.7832782312435733,1.8993634676685351,1.733366865513975,1.790232306603262,1.7829210841925276,1.782450252806307,1.7681477112307655,1.2113622729341214,1.5858825036652686
2020-02-12 00:00:00+00:00,1.6885589981412994,1.769948457091671,1.884506741385915,1.7265936390763474,1.776873707969888,1.7696120545188971,1.7691953570577148,1.7548339365692183,1.2066050092011529,1.578159441597932
2020-02-13 00:00:00+00:00,1.6910872214275248,1.7717041526602753,1.8828921497093154,1.7260067915943451,1.7784390977030666,1.771363932193724,1.770971106135554,1.7549477914276341,1.206215272282148,1.5744793189474624
2020-02-14 00:00:00+00:00,1.6964547557533558,1.7772143250289059,1.8875439913775085,1.7277656103208088,1.7838565951534429,1.7768640847827317,1.7765605056969223,1.7597672463057794,1.2090720569848774,1.5746893421261805
2020-02-17 00:00:00+00:00,1.6914353310644432,1.7701334665373067,1.8811229326474541,1.724719194563922,1.7768157560644178,1.7697845849284615,1.7694648676680345,1.7526438939039126,1.2041310464664259,1.571117476796422
2020-02-18 00:00:00+00:00,1.67299739852683,1.7477012415130742,1.8541555689398272,1.712684099795397,1.7540533282957274,1.7473454458009057,1.7470207024633564,1.7299378688319955,1.19232381010632,1.5582320818221769
2020-02-19 00:00:00+00:00,1.6709670277587074,1.744403746570298,1.8498709323325304,1.7102642047600618,1.7506252234858652,1.7440385746867686,1.7437422604486819,1.7259794711625316,1.1903964656611914,1.554247771872799
2020-02-20 00:00:00+00:00,1.660631735941099,1.7328737768558542,1.8372712209885507,1.7044790930845373,1.7390236830937549,1.7325125446363838,1.732153962570514,1.7148343334156864,1.1855479672555667,1.5488766185815708
2020-02-21 00:00:00+00:00,1.632887286733115,1.6996820388490486,1.7989570496264258,1.6879221963489857,1.7056335808557876,1.6993316635465079,1.6990412352681092,1.6821815796751884,1.1754978808232486,1.5331642311365394
2020-02-24 00:00:00+00:00,1.6353219562563384,1.7021130597250451,1.8017655351424005,1.689417570029538,1.7080961772022598,1.701766273101436,1.701504738381603,1.6848570762134645,1.1772011318412816,1.5358971105098629
2020-02-25 00:00:00+00:00,1.655783479594471,1.7241347680096981,1.8307797466694058,1.701634698685587,1.7304347134642546,1.7237760066026602,1.7234462586640513,1.7091499792304807,1.1834196461325457,1.5548982843604542
2020-02-26 00:00:00+00:00,1.648901450288292,1.7182583011056392,1.8256988031831127,1.698764108756978,1.7246088395317092,1.7179190496218293,1.7176363416218918,1.7037083192924471,1.1826077172336937,1.5522976103000234
2020-02-27 00:00:00+00:00,1.6424110690681524,1.7121887625912822,1.8214380446330123,1.6966230214726492,1.718622386318624,1.7118526991337386,1.7115305130119176,1.6975927232222927,1.180448045196802,1.5496114054127372
2020-02-28 00:00:00+00:00,1.6375309212747362,1.709761974846223,1.8184370577667885,1.6949803132942856,1.7161044736028672,1.7094372473255404,1.7091822089477102,1.6951357567497385,1.1784122183500334,1.5470537674988551
2020-03-02 00:00:00+00:00,1.6361220580071352,1.7076440158199166,1.812737643829065,1.6929292408889913,1.7137755682116964,1.7072924708737942,1.7070321729621645,1.691953963137734,1.1763514889953703,1.54229325701752
2020-03-03 00:00:00+00:00,1.6516826329143928,1.7247888216062621,1.8307897424298156,1.701224164258915,1.730948993292683,1.7244338644599047,1.7241131925250246,1.7088699897021618,1.1808812230906194,1.5494218757853737
2020-03-04 00:00:00+00:00,1.6659155304688003,1.7367075488615498,1.8446910658619817,1.7073075847941603,1.743012199142758,1.7363414964897885,1.7359773566485799,1.7208056497396147,1.1831844962478435,1.5550954125616823
2020-03-05 00:00:00+00:00,1.688804612075643,1.761673303893871,1.8702106114684143,1.7191497826986084,1.7680041695682687,1.7613166766013957,1.7609708981883565,1.7446603886731518,1.193360468024151,1.5651060752674648
2020-03-06 00:00:00+00:00,1.671642951110886,1.7434833054696703,1.8469251174088754,1.7088360508702272,1.7495901624511128,1.7431018038483808,1.7427041797593152,1.726117044029796,1.1846249406983622,1.5535814897799998
2020-03-09 00:00:00+00:00,1.6838001017300637,1.7548502077177104,1.8576139232310356,1.713525809247451,1.7609028050551945,1.7544676911054866,1.754073340294706,1.7369450144349183,1.187634598941403,1.5572846748489115
2020-03-10 00:00:00+00:00,1.6611003827804056,1.7307413728951657,1.8324153699890002,1.702345511663763,1.7367278671597168,1.7303606991076486,1.729992626021839,1.7140857020930402,1.1784761434306816,1.549234902637042
2020-03-11 00:00:00+00:00,1.660067503248124,1.7305712419078239,1.8338641287751458,1.702727133520187,1.7366722556217355,1.7302043742968785,1.7297991084513706,1.7145554707667954,1.178055439873563,1.5512543673347203
2020-03-12 00:00:00+00:00,1.6417739441675239,1.7079997799879498,1.8097395208305311,1.6922142557869964,1.7141344139628714,1.707653688486254,1.70721928166227,1.6924801208111304,1.1694169367303808,1.5413908271639725
2020-03-13 00:00:00+00:00,1.6230071188564013,1.6878166198887232,1.786823302149945,1.681162356492378,1.6936455829951556,1.68746281985745,1.6869979900150196,1.672525445106482,1.1612272840918347,1.530211322987757
2020-03-16 00:00:00+00:00,1.632831229668013,1.696166430925042,1.7928265134238122,1.684267878130151,1.7018105288173964,1.6958087231911658,1.6952660216296918,1.679891524439081,1.163685161631286,1.5299115526242526
2020-03-17 00:00:00+00:00,1.6397747128868938,1.7031772263083425,1.801188347634157,1.6869363231818848,1.708816986158622,1.7028241965880353,1.702340080162099,1.6865371312267141,1.1665618794860502,1.5305724381963697
2020-03-18 00:00:00+00:00,1.6170285938051088,1.685377435432083,1.7836948819679372,1.6781024860506624,1.6909484095858647,1.6850241869695102,1.6845596949695052,1.6691260451790726,1.159940039413929,1.5218288307937318
2020-03-19 00:00:00+00:00,1.6118312672961885,1.6797044879431295,1.7766198560028703,1.675367952581642,1.685277799779505,1.6793565933252297,1.678917264422815,1.6638203910079972,1.1598634319220196,1.5216578709159028
2020-03-20 00:00:00+00:00,1.6239959568964075,1.6933491110301782,1.791131666653871,1.6811344699667443,1.6988351999660811,1.6930109555128006,1.6925836198062676,1.6769340508364174,1.1671137575559976,1.5256531495332595
2020-03-23 00:00:00+00:00,1.5967635164921898,1.6655297897745331,1.7612528614482557,1.6678121426584591,1.6710626849277384,1.6651947417797668,1.6648049689963726,1.649441656129901,1.1556988148934575,1.5136293091843307
2020-03-24 00:00:00+00:00,1.5924662019511977,1.6651448177090262,1.7593736262938642,1.6668782304369012,1.6705482900020916,1.6648091061608115,1.6644535604150175,1.648087896787858,1.1528839855394135,1.5092483139501054
2020-03-25 00:00:00+00:00,1.5982097192672833,1.6727358384903743,1.7689083788920592,1.6706664188940563,1.6782059757525045,1.672406849548816,1.672051156548888,1.6560823465584371,1.1571751188825399,1.5136772788898039
2020-03-26 00:00:00+00:00,1.5841293259449098,1.657239897726967,1.7556070869035918,1.6639081311255508,1.6628692252720165,1.65691437682558,1.6565920171758992,1.6415293448199004,1.1514813952898497,1.5084853115540682
2020-03-27 00:00:00+00:00,1.6104879957702913,1.6880498039870815,1.7905642295593756,1.6791759610558297,1.6938010987516017,1.6876867141431835,1.687403507583413,1.6720654206321695,1.1602274595211628,1.521980540186564
2020-03-30 00:00:00+00:00,1.622811241283547,1.7008338514593662,1.8051949851708917,1.6859912170062734,1.7067127265545803,1.7004334234594536,1.7002198196655207,1.684226909627605,1.1625924568653632,1.5283997812801107
2020-03-31 00:00:00+00:00,1.6130535139813171,1.6882714157047871,1.7893569932897222,1.6790861112670286,1.6940039857126972,1.6878813928674383,1.6876720448003328,1.670849369987345,1.1567252759398523,1.5192753248299435
2020-04-01 00:00:00+00:00,1.5904836750924216,1.664618708585881,1.7646499961975899,1.6679761024386848,1.6703076613451433,1.6642560279498613,1.6640029820954079,1.648381415178947,1.1490681724120912,1.5104941774738454
2020-04-02 00:00:00+00:00,1.5828894197887644,1.6555977339520036,1.7541815093575122,1.6629781503921202,1.661196536145364,1.6552391282902228,1.654975776330076,1.6395976636582894,1.1454306885912664,1.5059428343069798
2020-04-03 00:00:00+00:00,1.573536073072292,1.6452044357936773,1.7434914924981444,1.658204242857556,1.6507808996055064,1.6448597379902485,1.6445434665450678,1.6295445555677137,1.1422625559805646,1.5022604497521101
2020-04-06 00:00:00+00:00,1.5798469204058638,1.6522382532173183,1.7503527198985391,1.661408217677652,1.6577954742112704,1.6519013110179197,1.6515722346056652,1.6356270345629904,1.1456895754102454,1.50285780423064
2020-04-07 00:00:00+00:00,1.5781988091609966,1.6490460031245513,1.746742883789841,1.6595134443855688,1.654566108941853,1.648706730722734,1.6483827530254804,1.6319118411425724,1.1432017043040372,1.4990189146687496
2020-04-08 00:00:00+00:00,1.592628228197523,1.6638455921799635,1.764445685411743,1.667100511711604,1.669480426243277,1.6635005892810288,1.6631644158211132,1.64619435922991,1.1470858268367397,1.5046094808296682
2020-04-09 00:00:00+00:00,1.6059605714337164,1.6774805898966798,1.7849113371844236,1.6752841007122874,1.6834289902342163,1.6771329804802708,1.6767799728426587,1.6605286581653296,1.1521775074503169,1.5141878893209741
2020-04-10 00:00:00+00:00,1.5872952326603893,1.6578692071560095,1.765418874938366,1.6661063685188104,1.6638027421345276,1.6575194614705444,1.6572615679814187,1.6413234509198322,1.142837182069364,1.5052759200246413
2020-04-13 00:00:00+00:00,1.5845530534129804,1.6561648809076452,1.7584225320599844,1.6640400800969424,1.661778729450298,1.6558050451842063,1.6555472263873547,1.6387610136705135,1.1415337633321065,1.501819623876078
2020-04-14 00:00:00+00:00,1.5487107202525516,1.6197575183388642,1.7175801948502567,1.6455697959979863,1.6251642136611673,1.619403583058263,1.6191217465538006,1.602528748026789,1.1273037795627037,1.4833280488576006
2020-04-15 00:00:00+00:00,1.5300829128327063,1.597851645607912,1.690065190893539,1.6336543254126918,1.6028755788752798,1.5974649260142553,1.5971560919966314,1.5802914634830256,1.115279115824007,1.47099338415513
2020-04-16 00:00:00+00:00,1.515539726250016,1.582635124884142,1.6748146045707435,1.626437839815896,1.587689841503304,1.582247856621659,1.5818623452598464,1.5655868654447653,1.1080281693309044,1.4640997803327698
2020-04-17 00:00:00+00:00,1.528204792445317,1.6002467670895346,1.6933368066371366,1.6350017000632815,1.6053071147400866,1.599853747779604,1.5994893620647435,1.5830033591443564,1.1152549460109693,1.472444683271841
2020-04-20 00:00:00+00:00,1.520731538050501,1.5938976941646714,1.686219712473423,1.6313653501351038,1.5989087788872267,1.5935177401050973,1.593216162385962,1.5766826152390594,1.1141442192458364,1.467396726144665
2020-04-21 00:00:00+00:00,1.540707982803285,1.6184966340178049,1.7158521769168666,1.644197208646226,1.623708404528524,1.618127893904696,1.6178363736902217,1.6013076509780486,1.1250672836500646,1.4795130640641696
2020-04-22 00:00:00+00:00,1.5534059100355926,1.6333692926643897,1.732921347181275,1.6519304112677493,1.6386904909121989,1.6330057075343072,1.6327226413851792,1.6160996702908417,1.132836156280411,1.4870277516076664
2020-04-23 00:00:00+00:00,1.5565879946284,1.6414166507750687,1.7454095744586715,1.6571003483953224,1.6469684685279038,1.6410748320741693,1.6408045467690773,1.6244152071356082,1.1369592182976795,1.4937916684042378
2020-04-24 00:00:00+00:00,1.5472196267830998,1.6364201542223846,1.7400336178672051,1.6557459560564451,1.6420476099200216,1.6360776034723508,1.6356962590207278,1.6194924349488717,1.1355616739194074,1.493343332566313
2020-04-27 00:00:00+00:00,1.5357906457795873,1.6244776036011193,1.72577665307452,1.6486767482167262,1.629939760229549,1.6241229500048089,1.623680370630221,1.6067879534851905,1.131044476644217,1.4823922335126332
2020-04-28 00:00:00+00:00,1.5495217493615405,1.6384669902967623,1.740519560588826,1.6556496622781294,1.6440393036734777,1.638122932412123,1.6376639379982108,1.6208225565620304,1.1369147190376574,1.4908080121418787
2020-04-29 00:00:00+00:00,1.5425564845207782,1.6288632007988795,1.728543031311081,1.6507790362931347,1.6343615263897688,1.628502670804005,1.6280490931253861,1.6111670125037256,1.1322012726910506,1.4854650254248096
2020-04-30 00:00:00+00:00,1.5716395827300005,1.6581227850999207,1.7630746211049941,1.6665794937309504,1.663902386912917,1.6577759092082163,1.6572638215328968,1.6406539275511483,1.144685281192537,1.503553745650827
2020-05-01 00:00:00+00:00,1.583055554126984,1.6679570298224724,1.777246089219525,1.672105830646595,1.673864833778049,1.6675762178201614,1.6672032628412812,1.6510620226097985,1.147051727185447,1.5113248638718806
2020-05-04 00:00:00+00:00,1.5724309628524415,1.6549744377819113,1.7624885315987853,1.6649993885898136,1.6607867569865336,1.6545719641074363,1.6541904261450457,1.6375590987096251,1.1372513175981616,1.502705390733801
2020-05-05 00:00:00+00:00,1.5865242464764182,1.6709000315925313,1.7810106690809662,1.6735729161697415,1.6768644052162434,1.6704910089439817,1.6700901075393355,1.654747501206201,1.1442630601193111,1.514802084288818
2020-05-06 00:00:00+00:00,1.5802486436208485,1.6650542417546155,1.773372082505273,1.6707670457849941,1.6709867644046106,1.664665577023505,1.664240467453779,1.6496606567800485,1.1431660152560708,1.514521218674197
2020-05-07 00:00:00+00:00,1.5904775630345098,1.6725429973899792,1.782817143691777,1.6748178646557066,1.678628207605291,1.6721281912593815,1.6717503942773821,1.6573224979426737,1.1428613917959263,1.5183128466314302
2020-05-08 00:00:00+00:00,1.5976520659167295,1.6806358649736486,1.7927215046406513,1.6785611974382866,1.6868301269896946,1.6802012320998665,1.6799255267571227,1.6656744431604589,1.1458944924379855,1.5229496740849016
2020-05-11 00:00:00+00:00,1.5760974839179747,1.6550455879715837,1.7639034867123342,1.6661354206323982,1.6611108829877947,1.6546278489307173,1.6542729954792288,1.640804295589441,1.1360026208142633,1.5121390828545638
2020-05-12 00:00:00+00:00,1.5876115105795348,1.6671035898207844,1.7782164850410815,1.6715273470765493,1.6732200812351903,1.6666461639582792,1.6663466862260852,1.6519152939151072,1.1372918416654314,1.5140010491723948
2020-05-13 00:00:00+00:00,1.5777885888637513,1.6499994499065291,1.7589333208819997,1.661666607554738,1.6560030475704448,1.6495163582683712,1.6492964400223682,1.635335579528823,1.1263212657910744,1.5059667693525438
2020-05-14 00:00:00+00:00,1.5504649883217791,1.6199565936513,1.7227308842795517,1.6161179624630886,1.6256064144355236,1.6194784691447457,1.6192799661707884,1.6045812821226506,1.0923780796720342,1.463841895570216
2020-05-15 00:00:00+00:00,1.5754139079921357,1.6496488972598535,1.7550759406255705,1.6559022508988375,1.6554497836615991,1.6491533454581837,1.6489446148858387,1.6339701959126274,1.1027996327724596,1.4790779368313112
2020-05-18 00:00:00+00:00,1.5763737138831522,1.6514920437659193,1.7567525423318417,1.6568180746465928,1.6573057428536406,1.6509948741457547,1.6508148264231215,1.6357049790426033,1.1043066358671092,1.4799971630820719
2020-05-19 00:00:00+00:00,1.6015822734385585,1.6783779868431217,1.7867431070323674,1.692694896830813,1.6843234423897222,1.6778729942796606,1.6777273697605188,1.6620893066694171,1.1267049879479325,1.5123446988413094
2020-05-20 00:00:00+00:00,1.5895108373575924,1.6640013091374701,1.7732785510117257,1.67667544352464,1.6700689888382765,1.6634947449319342,1.6633845042812234,1.6485905755453427,1.1101083172369632,1.50020894567978
2020-05-21 00:00:00+00:00,1.5904588812463665,1.6657692579027985,1.7778310247844447,1.6830904689334822,1.6719769628719099,1.665247042216587,1.6651803917330403,1.6497730992905764,1.1059961013566604,1.5045812621722523
2020-05-22 00:00:00+00:00,1.582890826482863,1.6550251869270536,1.7670872842012935,1.6728375557767792,1.6612606990898264,1.654503584825599,1.654459479014048,1.6396652880556184,1.0919422490516237,1.4953135481383213
2020-05-25 00:00:00+00:00,1.5787627690380834,1.6525871487630908,1.7640499261927243,1.6691046066106603,1.6587274008349118,1.65203087857506,1.6520185334667368,1.6373957630394507,1.0890129173241034,1.4933124462462322
2020-05-26 00:00:00+00:00,1.6170494910719344,1.6949949450615116,1.813333930528251,1.715134736244725,1.7013224221755854,1.6944541774411868,1.6943547078864232,1.6796209268378801,1.1350356644128148,1.547931298930786
2020-05-27 00:00:00+00:00,1.60810742426258,1.6842360411246289,1.801595221659713,1.6993633034756221,1.6905885382484842,1.6837193751518327,1.6836254770746206,1.668818476792514,1.1322667457619762,1.5397586711268156
2020-05-28 00:00:00+00:00,1.62953731768406,1.710325428772736,1.8329624561238258,1.7381752376326842,1.7169026031802974,1.7098107676047936,1.7096661550935233,1.6946011128207927,1.1505839913804472,1.574228840966544
2020-05-29 00:00:00+00:00,1.6346921829897432,1.7181113949904399,1.8418383564855783,1.7517885687533277,1.7247534162164548,1.7176385784309347,1.7174655680609405,1.7023203578965935,1.1633247647239042,1.5858242860832412
2020-06-01 00:00:00+00:00,1.6381545231211163,1.7279521546698602,1.849694853542321,1.760026163041553,1.734437597527392,1.727485034828714,1.7273475277131562,1.7110416572854352,1.1746484339578087,1.5896841603094043
2020-06-02 00:00:00+00:00,1.6689521313665088,1.7651539868992385,1.8937124642979206,1.8155811741874912,1.77201688108743,1.7646786866445587,1.7645648799847984,1.7480922579503253,1.204160064866665,1.6439530359635208
2020-06-03 00:00:00+00:00,1.6740930566588819,1.7714088236303365,1.9005137350015664,1.8214210905485175,1.7782952558042853,1.7709342110739614,1.7707962290484653,1.7530011714191551,1.2133562164044553,1.645829432115119
2020-06-04 00:00:00+00:00,1.6567969508882068,1.7535651954535085,1.878611621174151,1.79354907318901,1.7602172047486109,1.7530943897991602,1.7529208054141256,1.7349945790988361,1.1901322884209804,1.619495595708109
2020-06-05 00:00:00+00:00,1.6410743878511067,1.729345070444247,1.8513511689251794,1.7601548259258797,1.7358254772283126,1.7288731181012222,1.728756426182229,1.7109897992368348,1.160367437359594,1.5877189135379624
2020-06-08 00:00:00+00:00,1.6618871019436303,1.7533885900142385,1.8773427685115736,1.792053735528552,1.7599680309403751,1.7529088547633758,1.7528334298677706,1.734941905889814,1.1819448989870844,1.617417616219341
2020-06-09 00:00:00+00:00,1.6570996739700314,1.7512186847988491,1.8750399832585414,1.7892402397701914,1.757767714954978,1.7507143097185491,1.7506771086099613,1.7315762668651318,1.1716294734798092,1.6081607708390162
2020-06-10 00:00:00+00:00,1.6401906465927893,1.7318219925191929,1.8525970252119346,1.761410143333886,1.7382022436936213,1.731310414940991,1.7313244072539729,1.7111627698863954,1.148063837100952,1.5751146400717346
2020-06-11 00:00:00+00:00,1.6456069342980637,1.7383337083736434,1.8574246375067076,1.7656251765993376,1.74463023074823,1.737876285534662,1.7377999268737663,1.7174747387141387,1.1525177935817734,1.574864254039142
2020-06-12 00:00:00+00:00,1.6580352377274412,1.7535974319764935,1.873195677369733,1.7839839543373261,1.7598665644671132,1.7531524129266711,1.7530391876179112,1.7325154755757994,1.168549793343798,1.590224756221272
2020-06-15 00:00:00+00:00,1.6518712884654878,1.7523654599924836,1.8718500917179464,1.782676988662956,1.7586154160571799,1.7519951221900163,1.7517421985233037,1.7312596605788204,1.1735399086644551,1.5882419524979567
2020-06-16 00:00:00+00:00,1.6600364097224285,1.76248164447087,1.8826063061583205,1.7959296913619254,1.7687668187753387,1.7620978959020515,1.7618882737153971,1.74071205687548,1.181465470554931,1.5995953268668466
2020-06-17 00:00:00+00:00,1.6596746128789357,1.7590376973250534,1.8774554503110363,1.7887437665027492,1.7652527287688928,1.7586826130472002,1.7583990616256566,1.7366768449727674,1.1829761703683013,1.5955235188144212
2020-06-18 00:00:00+00:00,1.6523380581065115,1.7535879831199932,1.8691715669610047,1.778370691860532,1.7595386875065637,1.7532271777974255,1.7529584676249474,1.7313283775375847,1.1789689437333888,1.5910847498720784
2020-06-19 00:00:00+00:00,1.6633560659805717,1.7631199339046528,1.881657341650423,1.789834468970748,1.7692185914007055,1.7627711339319134,1.7625420276834882,1.7407783259715863,1.1917536457409847,1.6061213559024334
2020-06-22 00:00:00+00:00,1.6682455778170175,1.7713134800539914,1.8883896898411145,1.7981793714183913,1.7772439902103818,1.770983789712847,1.770856601777161,1.746943278485176,1.1953916391542871,1.6057120418882784
2020-06-23 00:00:00+00:00,1.6996184844457807,1.8053712271156315,1.9241267758081146,1.8440875566223787,1.8109688121474077,1.8050211614853318,1.8048763980862008,1.7794917237714238,1.2059501972381126,1.621989497439931
2020-06-24 00:00:00+00:00,1.6870581213436,1.7887581452965602,1.9022098144427684,1.8154336383055953,1.793947589534868,1.7884012521002173,1.7881560859976855,1.7636066031494773,1.1850608031750458,1.5967270399479019
2020-06-25 00:00:00+00:00,1.7066036803718407,1.8155670241767194,1.9305832906814873,1.8488544372293785,1.8207814914613307,1.8152071257721756,1.8149360262045877,1.788635504989992,1.1955758173468702,1.608500233470657
2020-06-26 00:00:00+00:00,1.7192703927048583,1.8302101456482167,1.949970033761268,1.8756950766266662,1.835745635027715,1.8298417475258724,1.8296304382331912,1.8037863459315346,1.2096076855237146,1.6361499295748787
2020-06-29 00:00:00+00:00,1.7283207356207066,1.8417384578758296,1.964780610685017,1.8937354093745054,1.8474491711038274,1.8413701677533734,1.8412292716156031,1.8150096754389315,1.2147656914098333,1.653904828181089
2020-06-30 00:00:00+00:00,1.7413972171392744,1.858900986280462,1.98490461802986,1.9104668947561925,1.8647574424106286,1.8585316093002406,1.8583975503926284,1.8320274339651654,1.2204395774631898,1.6640925307159924
2020-07-01 00:00:00+00:00,1.741010291605327,1.8598898564587814,1.9872867749998055,1.911929404853359,1.8658769229383048,1.8595304318919088,1.8593493453151568,1.8332707935693835,1.2213543195978551,1.6645109361118053
2020-07-02 00:00:00+00:00,1.7357085371244432,1.8573923326854016,1.9822009397486597,1.903995461891864,1.8632352617260954,1.857018892987603,1.8568445188679563,1.8307134903520181,1.2168101160817328,1.6529488445496139
2020-07-03 00:00:00+00:00,1.735924677230195,1.854646146237687,1.9816422176085267,1.9049827738148575,1.8606411204844,1.854274907613467,1.8541381953692169,1.8286875887331826,1.2149369483515349,1.65583287464799
2020-07-06 00:00:00+00:00,1.7151503991235144,1.8367756393902817,1.9638518154328524,1.8830564039839826,1.8427826447616034,1.8363986161325836,1.8363094740318413,1.8112502195727325,1.1911519441820133,1.6382415955650795
2020-07-07 00:00:00+00:00,1.7001967066693904,1.8175013143576186,1.941474435288111,1.8554396306619088,1.8233532132693073,1.817122698450513,1.8169692738540852,1.7914225776150616,1.1735163552369186,1.6110370424716962
2020-07-08 00:00:00+00:00,1.7132856215111525,1.830467600924992,1.9568996776736547,1.8740517490463167,1.8364639877787285,1.8300759310007952,1.8298891029647066,1.8048095644252602,1.187155664973384,1.6297983953413135
2020-07-09 00:00:00+00:00,1.7404706575253515,1.8621777267882569,1.9956541448728962,1.9239342699988058,1.8684911587562554,1.8618034854291738,1.861605273224438,1.8366659461384378,1.2196414166706993,1.6751976754664404
2020-07-10 00:00:00+00:00,1.7539920727653555,1.8756578491886948,2.0114186711884603,1.9420050351249116,1.8822136537148568,1.875281034680751,1.8750545797555835,1.8504243772777371,1.228287945799916,1.6922785270666982
2020-07-13 00:00:00+00:00,1.7445297045152173,1.8636918298734229,1.9969350911124844,1.924388831876441,1.8700502048794074,1.8632800311956554,1.8630109963996517,1.8378248761749294,1.2159363814981328,1.6719550282719076
2020-07-14 00:00:00+00:00,1.731964837566624,1.8541101896494365,1.9839271156094829,1.907796408391083,1.8601891932080687,1.8537233686619374,1.853469113107263,1.8283347370775533,1.2103957768742517,1.6545167140655412
2020-07-15 00:00:00+00:00,1.7191604163167065,1.8398951378791326,1.9669984702858123,1.885597995425231,1.84582077818367,1.839502380411075,1.8391833343376531,1.8142232514083028,1.2021913540418687,1.6452093345572398
2020-07-16 00:00:00+00:00,1.7007586484111352,1.8173627322361798,1.9414096088019894,1.8536027169925577,1.8231476905833097,1.8169580230422742,1.8166198765473915,1.7921543643024331,1.173023409282227,1.6160397615330837
2020-07-17 00:00:00+00:00,1.7279402821556236,1.8451985346756883,1.9708506679098363,1.8897719244691007,1.8509754509029708,1.8448073047891176,1.8444896751818627,1.818690809819212,1.1829889011668184,1.6285833435386177
2020-07-20 00:00:00+00:00,1.7545390134854197,1.8764027693212133,2.0050779390245017,1.932797337689685,1.8822241438305487,1.87596944286873,1.8756646573779416,1.8492497690814784,1.207874543677928,1.6642931780409307
2020-07-21 00:00:00+00:00,1.7396487692177969,1.8594602624473044,1.9866056336725353,1.911128303727894,1.8651082289565755,1.8590082677185082,1.858714543665126,1.8320597601026634,1.1923004525909424,1.6470804174846871
2020-07-22 00:00:00+00:00,1.7663938751857002,1.8905661624015577,2.0226134199021746,1.9581303079714703,1.8964107270102684,1.8900794061606294,1.8898193697289432,1.862303940477163,1.211959019915702,1.6903755063710653
2020-07-23 00:00:00+00:00,1.7686583017738826,1.893986815345719,2.0237949917840017,1.9597445160500726,1.8996266454330542,1.893484615045452,1.8931143011276128,1.864546881598388,1.2125922027283085,1.688310984847698
2020-07-24 00:00:00+00:00,1.7779723015244193,1.9065927271162062,2.0408927492301543,1.9825761173354837,1.9124933290663972,1.906130262593442,1.905709875774555,1.878703749726407,1.2202466481258123,1.6997039801047424
2020-07-27 00:00:00+00:00,1.763786526521202,1.8920974604502,2.0233204950373542,1.9600728432248822,1.8978560315827566,1.8916558267310826,1.891217034178412,1.8631480043403625,1.2146001233882957,1.6877608253478946
2020-07-28 00:00:00+00:00,1.78968017298999,1.9179743832361418,2.0552940173692402,2.0006817283999765,1.924037690720084,1.9175169801766099,1.9170400750607925,1.8894309869652341,1.2370161342258816,1.7245645284134326
2020-07-29 00:00:00+00:00,1.8027579313660795,1.9326912285255309,2.072175133979527,2.0224372482471114,1.9388154547254066,1.932164089344853,1.931706401644314,1.9031676140504943,1.24994570780677,1.7426799166172293
2020-07-30 00:00:00+00:00,1.8364772067769375,1.9701279148645503,2.1137253944327528,2.076614345600402,1.9763346134225512,1.9695766173472717,1.9690952950928395,1.940789779305827,1.281443631087418,1.7944132986232362
2020-07-31 00:00:00+00:00,1.8458162490708716,1.9840534974938766,2.131213060802186,2.0990059604546287,1.9904417735760176,1.9834994987142995,1.9829998784935006,1.9546143379674212,1.2941255407218684,1.8112203597612744
2020-08-03 00:00:00+00:00,1.8481487418146556,1.9881597356763907,2.13658887058361,2.105531690924649,1.9946202008531573,1.9876073637097564,1.9870884432626337,1.958983646699634,1.2969339220823708,1.8151600163885089
2020-08-04 00:00:00+00:00,1.8447784610159044,1.9834749749560656,2.1286489724953843,2.0948354602176664,1.989724006709405,1.9829219610281594,1.9823973613172217,1.953911795114502,1.2883047796818088,1.8029647842069167
2020-08-05 00:00:00+00:00,1.8389923297948116,1.976917736607858,2.119017042410673,2.0821128376420024,1.9830423052110335,1.9763507242919192,1.975797812683932,1.946891696325059,1.2794749859146064,1.792508675029391
2020-08-06 00:00:00+00:00,1.8492506901117687,1.987562010613088,2.1298607122190067,2.0934041866685145,1.993694833125281,1.9870048099047097,1.9864003297115753,1.9578778145257985,1.294160514425926,1.8080542669238029
2020-08-07 00:00:00+00:00,1.8261184404265574,1.962861690779158,2.104246167639943,2.0655401527869306,1.9689331542217836,1.9623177714287248,1.9618020756744583,1.9335937486655783,1.287359923765485,1.7969205064188585
2020-08-10 00:00:00+00:00,1.7935157778377004,1.928040895333419,2.067241417621377,2.0175178292095155,1.9341007564746184,1.92747325208403,1.9269226732260119,1.9011825740555095,1.2717445568499866,1.780543372928806
2020-08-11 00:00:00+00:00,1.8021148888429839,1.9355487118479942,2.0695715869641798,2.0184517865317373,1.9411764267336191,1.9350078918851452,1.9344327435021214,1.9074919396529884,1.2804856539710818,1.7778913549738846
2020-08-12 00:00:00+00:00,1.8011316935338837,1.9314180374256489,2.061190621417511,2.0066114723246113,1.9367239696849088,1.930879822834284,1.930359856906255,1.902825008692912,1.2740620489071839,1.7621044239018828
2020-08-13 00:00:00+00:00,1.8152667645842315,1.949729619111092,2.0832512284560156,2.0353837483126926,1.9552127397099546,1.94918994920994,1.9486612820010205,1.9220235332982294,1.2925927030392896,1.7928245549629358
2020-08-14 00:00:00+00:00,1.848996585049554,1.9903146867271375,2.126753383127922,2.090537635961113,1.9958482408265872,1.9897841305122717,1.9893171184138436,1.962202582814482,1.3291279958800117,1.84554485318806
2020-08-17 00:00:00+00:00,1.8419512391478126,1.9871964352316538,2.124061205374582,2.086901586677489,1.992744642260216,1.9866530489907808,1.9861779550602785,1.9593908210239097,1.3270708366451835,1.8433962169903757
2020-08-18 00:00:00+00:00,1.8346339890393415,1.9719255005309277,2.109668652280008,2.069081681905578,1.9775158964911823,1.9714067710706689,1.9708703194974633,1.9446532080152115,1.312590972307353,1.8304351099880352
2020-08-19 00:00:00+00:00,1.8600385043037861,2.0023160224034346,2.1436008728367875,2.1015090746898766,2.0080121950004153,2.0017944491735222,2.0012693397265706,1.9754003088248602,1.3427216717739436,1.8728184318336834
2020-08-20 00:00:00+00:00,1.8889888217553357,2.0376945432427864,2.187311399743029,2.160541589019655,2.0437731292974046,2.03718708549195,2.0366412463725525,2.011924676042834,1.356582258100969,1.9007735254449876
2020-08-21 00:00:00+00:00,1.9023782292533038,2.052232132192303,2.20369110994458,2.1807769895373896,2.058330384306779,2.051699858144939,2.0511559824820043,2.0263928737352317,1.3681111411895124,1.922351749957331
2020-08-24 00:00:00+00:00,1.914484166581456,2.0644396732928785,2.214275766638295,2.193127943083112,2.0704338745003295,2.063889144897515,2.063304907920956,2.0379334376314553,1.378588114980676,1.9301541945606475
2020-08-25 00:00:00+00:00,1.9090669920744232,2.0602800817910207,2.2104703524113063,2.1895377550739257,2.066300708669058,2.059719035052402,2.059218260892931,2.033765597777638,1.3753628058484966,1.9293591549833464
2020-08-26 00:00:00+00:00,1.8820798693601344,2.0221700629490673,2.1659885235479526,2.129161787959016,2.0279547318835105,2.021619655489067,2.02109126902119,1.9964316172626217,1.3621544580918998,1.9015003899026561
2020-08-27 00:00:00+00:00,1.848747758313751,1.985988010905704,2.1227049133371265,2.0713213779558175,1.9914142230718013,1.9854403746689135,1.9849783299438066,1.959675393623145,1.3195749699086718,1.8464009464460058
2020-08-28 00:00:00+00:00,1.808907718701973,1.942749447448735,2.0759946585246074,2.0249753412412996,1.9480954736032419,1.9422194259919827,1.9417271457223029,1.9174806662541182,1.283163415547788,1.794391404914956
2020-08-31 00:00:00+00:00,1.8137072112293497,1.9449492928378316,2.0795709445503716,2.0261470989342696,1.950366643394914,1.9444194982707288,1.9439768657425944,1.9195536132262347,1.2834604900799451,1.7963797744219538
2020-09-01 00:00:00+00:00,1.8097473166090035,1.9437359011215687,2.074857737315906,2.0235989420257408,1.9489057360781084,1.9432106941569316,1.9428665471716116,1.9170049429454248,1.2788435982196602,1.7892952535580215
2020-09-02 00:00:00+00:00,1.8126921321246883,1.9410027212452328,2.074576514555566,2.022217524291886,1.9462667400793148,1.9404857867280556,1.9401691443310622,1.9150675546527185,1.280383895582351,1.7902979059302702
2020-09-03 00:00:00+00:00,1.8109798905257768,1.9384578521877096,2.0742745008574666,2.021684597560481,1.943864986130389,1.9379515265940919,1.937686903450676,1.9133214498923767,1.2814438550339473,1.7916629964061217
2020-09-04 00:00:00+00:00,1.811606805601981,1.9362128065475905,2.0740246966877613,2.0215360739832526,1.9417574916646458,1.9356970123954176,1.9353781801178866,1.9120152408799056,1.2790316019054924,1.7940584276373772
2020-09-07 00:00:00+00:00,1.8043096984070959,1.9306529201757503,2.0672197812873736,2.017647557173492,1.93608252533279,1.9301602336376045,1.9298764707607752,1.9059967140024054,1.2782390518696443,1.7891509312021063
2020-09-08 00:00:00+00:00,1.7980637579101866,1.9255381199352806,2.0638817373201483,2.0158048830896824,1.9310648998717943,1.9250587835984843,1.9247450444388194,1.9018628959959347,1.277673373864691,1.7914869548774928
2020-09-09 00:00:00+00:00,1.816621425745643,1.9441252884193978,2.0882017553000884,2.0268233540705243,1.9499178803268244,1.94363822831763,1.9432274846979103,1.9206109807289506,1.2859255136637218,1.804654195395162
2020-09-10 00:00:00+00:00,1.842373778322783,1.96787814047332,2.1149115118858606,2.038828385073948,1.9737220092216003,1.967375146880289,1.9669833110583834,1.9437171615327298,1.293609377007697,1.8138753078745935
2020-09-11 00:00:00+00:00,1.828590669033657,1.9515049907503175,2.0947545966448438,2.0291693688109413,1.9572014436579914,1.9509919343148856,1.9505422057124269,1.9268725320922544,1.285491539469815,1.8016597321109369
2020-09-14 00:00:00+00:00,1.8232161729666476,1.9468644829833142,2.088702308421015,2.0213186334140083,1.9522708781252054,1.946321181028176,1.9458847518547113,1.9222360473673556,1.278000615963073,1.7942480339889932
2020-09-15 00:00:00+00:00,1.8033063995047185,1.9309218457253325,2.070667214229001,2.013782606046457,1.9364033225802786,1.9303717816794228,1.9298276560998482,1.9061317373076057,1.2705917913001534,1.7855457495245
2020-09-16 00:00:00+00:00,1.8041457956639377,1.9272065358732113,2.068230689333466,2.0123803685566766,1.9328572460381876,1.9266542477744808,1.9260565920318125,1.9031055303735802,1.2691150826676951,1.786865886029893
2020-09-17 00:00:00+00:00,1.8198831621269147,1.9464987612745943,2.0865315873866392,2.021048237489233,1.9520125049500037,1.9459374383313077,1.9453629912083978,1.921580905523797,1.27867516227385,1.7932697685001344
2020-09-18 00:00:00+00:00,1.8517651313775936,1.9814728821465044,2.1309768375304996,2.0404606192398638,1.9874182225016286,1.9809184515587828,1.9803624044022314,1.957458655980485,1.2948381171273413,1.8165081598923776
2020-09-21 00:00:00+00:00,1.8591514020171083,1.9894002238271227,2.1431039103401583,2.0460283809299864,1.9955621734320077,1.988838111099262,1.9883028278189938,1.9663717607071898,1.2970774353403667,1.8258531298361316
2020-09-22 00:00:00+00:00,1.875944689950885,2.0093204980226327,2.1665766077959,2.0554948268284865,2.015427231497527,2.008760015888482,2.0081788012437403,1.985396382273987,1.305275582129094,1.8329777993181788
2020-09-23 00:00:00+00:00,1.8743598518756084,2.0090406258565205,2.1621443328883463,2.0540456428655864,2.0149056433269523,2.008457300226595,2.0078754670748746,1.9836956026285117,1.3023479452017783,1.8296441409845394
2020-09-24 00:00:00+00:00,1.845887232841162,1.9709543936263787,2.118176977066296,2.0347061191858637,1.9765596321772256,1.9703672347857786,1.9698351792107278,1.9453116507425827,1.2861762754182942,1.8088014692219674
2020-09-25 00:00:00+00:00,1.8844025286388797,2.014758370016103,2.1655652815892465,2.0568358536349507,2.0204811140459675,2.0141431172210367,2.0135684536716902,1.9876784128130034,1.2994959223622133,1.8280345571429846
2020-09-28 00:00:00+00:00,1.8830915074453194,2.0100263797777718,2.160089253135275,2.053708883940002,2.0158261969526317,2.0094873155265365,2.0089630043643627,1.982496665342752,1.298196851481995,1.8257049728216916
2020-09-29 00:00:00+00:00,1.909793410482337,2.041312543220832,2.1930603827999295,2.0928542916380573,2.047223099846771,2.0407534913628713,2.0401389051157843,2.0109751445749264,1.3070603220705823,1.8367898462715895
2020-09-30 00:00:00+00:00,1.9511993943805812,2.0913812875688365,2.2527482898353557,2.1489409806711675,2.0977281178114047,2.0908508428300596,2.0903632431440737,2.061106510321276,1.3648864952656734,1.902647037554654
2020-10-01 00:00:00+00:00,1.9769721462683851,2.1163081129251253,2.280243554286157,2.1836104841844,2.1227513495696813,2.1157759678722288,2.1153419487108223,2.0843022212000797,1.3732078388202569,1.91174689329465
2020-10-02 00:00:00+00:00,1.9828685403456798,2.120978561481789,2.284125273855117,2.1865754329639677,2.1273928940891675,2.120424873864324,2.1199887291653825,2.0885040927514837,1.3758598400779973,1.913104073353639
2020-10-05 00:00:00+00:00,1.996194308367772,2.140000138236625,2.3073611624645274,2.214705348654853,2.146636898241775,2.139436619689301,2.138981483715172,2.1064327488930585,1.386582030609071,1.9342036048584674
2020-10-06 00:00:00+00:00,2.006211110231462,2.1535093476376024,2.3227375380619764,2.2357114516236978,2.1601888350022453,2.1529263241930208,2.152386800571857,2.119933923323401,1.3904588509467397,1.9409236358438735
2020-10-07 00:00:00+00:00,2.0201175483164318,2.16704511204603,2.3382246024790914,2.257114778624916,2.1737728961872005,2.1664634136155527,2.1659685308730845,2.1320208673807604,1.4056130509519826,1.952496928652152
2020-10-08 00:00:00+00:00,2.0003428921370654,2.140566830564022,2.307053831291407,2.217325893689407,2.1470243029662175,2.139984899244377,2.139428500545858,2.1070367128625764,1.3950632133773577,1.9406088680244131
2020-10-09 00:00:00+00:00,2.0158588465921694,2.1599106624249305,2.3318633673411613,2.250711668442717,2.166637571013074,2.1593177019721015,2.158640207258408,2.127025900765023,1.399135530895751,1.9553039586742615
2020-10-12 00:00:00+00:00,1.9919330761925116,2.134593173654991,2.305477322568837,2.216182797281576,2.1414222652731976,2.1339983782814294,2.1333827874884546,2.102970404044909,1.3866900987848905,1.9400668053199555
2020-10-13 00:00:00+00:00,1.988211907513342,2.127860811415634,2.2997421738417216,2.209549002331112,2.1347546907064383,2.1272562284511007,2.1266367549615777,2.097424907608433,1.3776958431493804,1.936703747951012
2020-10-14 00:00:00+00:00,2.0374896017199555,2.1877119335224418,2.3688369093585644,2.298591880698195,2.1951311249417036,2.187098726896789,2.1863939368848664,2.1560302995121225,1.3993706706333993,1.9723627289914447
2020-10-15 00:00:00+00:00,2.006928512473091,2.150325078587772,2.323444861098204,2.238177161550036,2.1573040912176595,2.149716333539662,2.1490243192266916,2.117891525350217,1.362932625895683,1.9143486966798267
2020-10-16 00:00:00+00:00,2.036793956387889,2.1873969345404127,2.363917084319903,2.2894329312195985,2.1945596428493657,2.186777462614363,2.186004695036534,2.154181465922541,1.3921763200492645,1.9568518691663122
2020-10-19 00:00:00+00:00,2.036807042554245,2.188795629237712,2.3661009968222704,2.290375009462625,2.196096583809787,2.1881705439904104,2.187337127626487,2.1560805361947395,1.393385356457886,1.9586130504771015
2020-10-20 00:00:00+00:00,2.0032612931069687,2.1480159279177613,2.320210934690412,2.231458914918678,2.1550508867215576,2.1473963664670563,2.1465584335935697,2.1159075852757376,1.3783070060108689,1.9331369657240476
2020-10-21 00:00:00+00:00,2.0140719200977966,2.1596375845371205,2.3304985219536967,2.244819020674012,2.16649834531641,2.1590260810306843,2.1582741390783196,2.126459756134157,1.380058119803031,1.9365353605006506
2020-10-22 00:00:00+00:00,2.0173614034191636,2.157313270252301,2.326433332553776,2.2374507442511047,2.164106520841465,2.156679077464756,2.1559233860004734,2.122983939045758,1.3761097064702623,1.921740041767573
2020-10-23 00:00:00+00:00,2.0413458761034153,2.1843926135617,2.3535169096988766,2.2708958660179492,2.191133119452374,2.1837470509052666,2.1829895070217717,2.149081582414391,1.399450579696239,1.9539294931797984
2020-10-26 00:00:00+00:00,2.022973914604352,2.1636753748051976,2.329622529579161,2.239888511828338,2.170227823954924,2.163007790413224,2.1622677509464356,2.1289325212350505,1.3779946964585306,1.927353915063748
2020-10-27 00:00:00+00:00,2.022256077765227,2.162031718528139,2.329601436125551,2.23911904287688,2.1686354628305557,2.161479366004181,2.1607413580076935,2.1274275628699697,1.3864208783124963,1.9282664568642007
2020-10-28 00:00:00+00:00,2.0229152090123392,2.1620623741554055,2.329574034320745,2.238656639608371,2.168705572938545,2.1615221525772674,2.16072044388026,2.127801162969017,1.3847517704175827,1.9291503075744962
2020-10-29 00:00:00+00:00,2.0251968976203485,2.168104694196959,2.3400139047329414,2.253691111147206,2.174914426486941,2.1675556268316907,2.166723040363928,2.1345758194907987,1.3922877256145927,1.9498151077886394
2020-10-30 00:00:00+00:00,2.029547750128376,2.178659239548554,2.350261111834218,2.2677620840897097,2.1853983182482977,2.178101631474798,2.1772170734037815,2.143933892441296,1.397122947885231,1.961522210375059
2020-11-02 00:00:00+00:00,2.0273963892445277,2.174589011019392,2.3450327261010595,2.25681789127193,2.181264929445422,2.1739044163853194,2.172984974992802,2.1403217319579206,1.39209140966584,1.9565758222959733
2020-11-03 00:00:00+00:00,2.022736527565262,2.1722045527604146,2.341781205952221,2.2530610099934676,2.17887966298634,2.1715560787716788,2.1705946145279014,2.136744264851227,1.3896269606172122,1.949477310355559
2020-11-04 00:00:00+00:00,2.0025597187160544,2.147250805947008,2.310672724592024,2.2117054255582227,2.15356820835428,2.1466217170034163,2.1456988984471534,2.111996843683092,1.3793842957428268,1.9308081302736066
2020-11-05 00:00:00+00:00,1.9895213351836538,2.129028686598908,2.291506665472097,2.203133127816955,2.1353692673894367,2.128404072459499,2.1273983517334396,2.0941707787096946,1.3716763082591195,1.9205239774989544
2020-11-06 00:00:00+00:00,2.0385164191880865,2.1865366172290575,2.3575507958369992,2.2330647294627126,2.1933722892973506,2.1859048061698503,2.18492696804587,2.150301875106384,1.3949519300805495,1.953641081470227
2020-11-09 00:00:00+00:00,1.9999656447884293,2.138835633772239,2.304244382732518,2.208790901990816,2.1454203683903534,2.1381751270407383,2.1371776122450803,2.1035355451802698,1.374134010193389,1.9275432597246185
2020-11-10 00:00:00+00:00,1.9930496948801133,2.1372631321849127,2.302791960252958,2.206605255159722,2.1438500428601297,2.1365877452454827,2.135672011415415,2.1019879053533854,1.3650707265699311,1.9253376742043529
2020-11-11 00:00:00+00:00,1.9797290277021449,2.1263289967186534,2.2907329892250585,2.20103687182023,2.132893165245979,2.1256803340570074,2.124797013016015,2.091788061084218,1.3618346638852388,1.9206096143683513
2020-11-12 00:00:00+00:00,1.9705651644351287,2.1081693020079926,2.2727077219466216,2.192888892079245,2.114774043606526,2.107517654462648,2.106692515279678,2.0745017575437976,1.3549035898186792,1.914686691174441
2020-11-13 00:00:00+00:00,1.9677722662894903,2.1051496659995106,2.2680436050750417,2.190137030219007,2.111609227195493,2.1044886197196426,2.1037194184755985,2.0708949356931354,1.3524761673307457,1.9093174423071473
2020-11-16 00:00:00+00:00,1.9454990009281206,2.0763454026825725,2.234514112744055,2.1743229026800712,2.082597762849262,2.075725529212156,2.0748124618088046,2.0426100480006153,1.3440155628287391,1.8941302411030183
2020-11-17 00:00:00+00:00,1.9352081293295125,2.058098755796107,2.213582459020756,2.165055086242618,2.0643111777739067,2.0574961713434967,2.056509458530769,2.024941222977678,1.339474618150306,1.8854169943842827
2020-11-18 00:00:00+00:00,1.9633138149398497,2.0884420204239884,2.249635373916078,2.1820053418958434,2.0949110556071524,2.0878147979157595,2.0869028922267936,2.0550435612541715,1.3483570420483362,1.9042718567254928
2020-11-19 00:00:00+00:00,1.951115831109023,2.077913895967736,2.23606671968636,2.175873928524775,2.0842452083798118,2.077295897808774,2.0764528008271492,2.044077940746979,1.344682555797593,1.8951462712735072
2020-11-20 00:00:00+00:00,1.9721815283091275,2.10355962550055,2.2634536942476546,2.1883211958841735,2.1099027320945374,2.1029215151084624,2.102057996210756,2.068522815724036,1.3508425164253133,1.9045864730889055
2020-11-23 00:00:00+00:00,1.9826895430730604,2.122622884241297,2.288648746075105,2.199540010764314,2.12924530038167,2.1219756555329097,2.1211385129024944,2.088563996408175,1.3570315201305998,1.9208062846248382
2020-11-24 00:00:00+00:00,1.9888562198549062,2.1331683444418186,2.3003729922353933,2.2046949820513393,2.1397650966174866,2.1325192205429944,2.131788261167522,2.098487482672997,1.361753456130654,1.9251221812783286
2020-11-25 00:00:00+00:00,1.9939987787967608,2.1458742769713055,2.311312519804633,2.209931452469186,2.152338901904947,2.14521288962033,2.1446183420854186,2.1098282727908897,1.3651796316685572,1.928499000577497
2020-11-26 00:00:00+00:00,2.0213556594265385,2.1757725405840667,2.3456156270722723,2.2256933445641858,2.1824412778722606,2.175153549187327,2.174565780740121,2.138925503308947,1.3789338722171798,1.9433225771005431
2020-11-27 00:00:00+00:00,2.0192019026362855,2.1730399425194276,2.341689002426436,2.224389166187135,2.1796396518332126,2.1724607544644994,2.1719212090511704,2.1356480490227905,1.3808423057615717,1.941239482691811
2020-11-30 00:00:00+00:00,2.0361026285321695,2.1914017619427377,2.3635525624217157,2.2344416881662355,2.1982198464537,2.190817949744509,2.190290467581424,2.152495364031692,1.3874634380371955,1.948368657876243
2020-12-01 00:00:00+00:00,2.0246201070187975,2.180763237831149,2.3524184478347703,2.2297676646418747,2.187566878144117,2.18018120578388,2.1796119884408562,2.1434792663171205,1.3828448197417982,1.9468009133715314
2020-12-02 00:00:00+00:00,2.036252072330194,2.2014738469992152,2.377533364310377,2.2405117104389594,2.2084625977203247,2.200874439101364,2.2002328110056015,2.166302073707424,1.3899745194473767,1.963692101111617
2020-12-03 00:00:00+00:00,2.063185760523789,2.236186901310127,2.4150832217945917,2.2559516629788168,2.243284817992208,2.2355819008181683,2.235050096374341,2.2000084322436817,1.4010183590943721,1.978131201330597
2020-12-04 00:00:00+00:00,2.066690227510956,2.243009995254514,2.4235347569897896,2.263761048644635,2.2502264645027674,2.2424006374707686,2.241811219019584,2.206827155979701,1.4066662988610088,1.9849566976278334
2020-12-07 00:00:00+00:00,2.0781505441350485,2.2577014034740124,2.4363736595400507,2.279346151500179,2.2647713546399006,2.2571083135163597,2.2564307374344197,2.2193803723632133,1.4097775529337015,1.9857390320277055
2020-12-08 00:00:00+00:00,2.0885314636901673,2.2664253017215246,2.4464295945622636,2.292131880494645,2.273518559265838,2.2658290414496336,2.2650245239072695,2.228095393204766,1.416637214094246,1.9971961889306031
2020-12-09 00:00:00+00:00,2.0996275551712054,2.276290267647355,2.4571886614032383,2.3056071092919503,2.2834378604879695,2.275672052337912,2.274981863192492,2.2383397169702857,1.4201490034706161,2.003638650585143
2020-12-10 00:00:00+00:00,2.1173994496561424,2.292380127266202,2.4749488527499808,2.3272649638017224,2.2995654984585494,2.2917608385325763,2.2910007097406857,2.2558385972153814,1.4341806417878098,2.0277779555627493
2020-12-11 00:00:00+00:00,2.123985393909034,2.3087200867435587,2.4969309359080403,2.35609794337287,2.3161641617612188,2.3081252483481522,2.307302136296762,2.2729017157810403,1.4414902739664655,2.040100169859499
2020-12-14 00:00:00+00:00,2.1164252876110554,2.3009333861073933,2.4861813160797963,2.343680665948266,2.3082089389082947,2.3003366257529794,2.2995923581109583,2.2638138629208457,1.4344673125083012,2.024179795873725
2020-12-15 00:00:00+00:00,2.07444416519434,2.2587106915268085,2.440190777487679,2.2994151744279794,2.265843582294745,2.2581125417689636,2.2573819231983165,2.2223009783468783,1.3924416247675087,1.971508192532441
2020-12-16 00:00:00+00:00,2.07636204770224,2.263617908038513,2.444744936649437,2.305343534927954,2.2706247502639516,2.2630256242098667,2.262264474301236,2.226297308543844,1.3917789876487252,1.9740068059939826
2020-12-17 00:00:00+00:00,2.0858660944730127,2.2717427369071785,2.4539746499285675,2.3162094546452807,2.2787727975830423,2.2711558868558988,2.2704431943639647,2.2338052284683925,1.3918648876316724,1.9776511881645642
2020-12-18 00:00:00+00:00,2.0780106143093433,2.2625791481945883,2.4441910774748252,2.304647681482261,2.2694948123938246,2.261979525371503,2.2613022190144374,2.2233765082977484,1.385473738292612,1.9631807646754
2020-12-21 00:00:00+00:00,2.1174111765745813,2.3126739872281914,2.49961291216222,2.373295207644063,2.3197764281963082,2.312077731597975,2.3112700028047266,2.2711682236574187,1.434645992447962,2.014200891903978
2020-12-22 00:00:00+00:00,2.1771090644289175,2.377034525091444,2.5693062700140668,2.458913409113948,2.3842641864927145,2.3764356049476545,2.3756389629545245,2.3322579953543587,1.4595106077942908,2.04629406180168
2020-12-23 00:00:00+00:00,2.1443847418605024,2.339236246485068,2.524775246640103,2.401082194814552,2.346112096674067,2.3386278713564486,2.33791760465237,2.2948319635233165,1.4440988686235077,2.0202656648917374
2020-12-24 00:00:00+00:00,2.184203130619766,2.388492315398144,2.5822998849266967,2.4732551772272213,2.395722127434348,2.3878936122465046,2.387135443008638,2.34289581534135,1.4638103533537137,2.0469414639086825
2020-12-25 00:00:00+00:00,2.187166806440371,2.3924382938892403,2.5858675113651177,2.4784936264603155,2.3995755532784595,2.3918564134387035,2.3910643449932345,2.3472830901047965,1.4755331098204154,2.0522337562899122
2020-12-28 00:00:00+00:00,2.2052786171801446,2.4073724927012465,2.607315446384501,2.50482560562124,2.414880374634226,2.4067875414499604,2.4059232904637753,2.363673576327015,1.477665478045247,2.062489735921892
2020-12-29 00:00:00+00:00,2.210918193247841,2.411215206650265,2.613173698825511,2.5142671056792687,2.418785740288901,2.4106445854580323,2.4097452492575213,2.3679171734749622,1.4829278731094155,2.0714141013007707
2020-12-30 00:00:00+00:00,2.2357954302809135,2.4343645200046384,2.643105926919476,2.554992688924312,2.442186533672078,2.4337990897641135,2.4329747115115654,2.392575000912539,1.510539575747741,2.115874034285566
2020-12-31 00:00:00+00:00,2.2169230477983133,2.413423048889239,2.6190871330353214,2.5256850235016945,2.4210428966961848,2.4128549424682655,2.412128481761525,2.3732869750533254,1.4859411581973594,2.095956685047699
2021-01-01 00:00:00+00:00,2.2304411707700837,2.4287233391502525,2.6350538657215687,2.5463432212815498,2.4362839742252516,2.4281443992747076,2.4274422001175324,2.3878679910791116,1.4913396785645598,2.103547271061012
2021-01-04 00:00:00+00:00,2.2472887746047654,2.448441131288484,2.660364185331915,2.578021709179513,2.4562813691731544,2.4478906146653947,2.447229248839353,2.409552568359704,1.5161945546049425,2.1355604195522684
2021-01-05 00:00:00+00:00,2.250876724456598,2.451701483105696,2.6624253160845806,2.58076176423746,2.45934859105903,2.4511301566426527,2.4504765575644933,2.4124669275171757,1.5129401612345408,2.136476463091449
2021-01-06 00:00:00+00:00,2.2600530228841915,2.46257830864707,2.6771016458625203,2.59490347759004,2.470377638104185,2.461990268084496,2.461395354391829,2.4258807542570247,1.5268088330205256,2.164234249547584
2021-01-07 00:00:00+00:00,2.2779366348504535,2.487979932897346,2.711465903227599,2.6398530030507557,2.4962518255671675,2.487415727970478,2.486854574756511,2.4518032489326558,1.5381474943462767,2.183110717159802
2021-01-08 00:00:00+00:00,2.3021083416871346,2.5228583525212764,2.7496968957608696,2.6763479718702663,2.5312696544112163,2.5222828321985986,2.5216518180892704,2.485676081475155,1.5639926925615473,2.216461051981031
2021-01-11 00:00:00+00:00,2.3106490596075355,2.5301336696296577,2.755949544678914,2.6836202929454447,2.5384593941492435,2.5295488269692354,2.528914558291719,2.4945870548578966,1.5648154017126739,2.2229183921521125
2021-01-12 00:00:00+00:00,2.323092973725965,2.543611223271654,2.771819562681542,2.704511799877568,2.5520485981431333,2.543034272026344,2.54250513191625,2.5075222878678436,1.577103686874469,2.238868099973889
2021-01-13 00:00:00+00:00,2.303299317528135,2.523690295621552,2.746489911821715,2.6687360762866486,2.531886752440183,2.5231077823144195,2.522607357281227,2.4863756369809717,1.5509203935861637,2.2009045485054624
2021-01-14 00:00:00+00:00,2.3124652551277616,2.532037736039813,2.7514320474195495,2.6747251194448074,2.5398941535973054,2.5314389108895994,2.530788566646205,2.4951666101963923,1.5488912064543654,2.2112666744134852
2021-01-15 00:00:00+00:00,2.31378815272341,2.534475568114919,2.7556710100116275,2.6810947675404586,2.542454689481487,2.5338654407505046,2.533184727899143,2.4968482442319586,1.544308613027752,2.2122684436297098
2021-01-18 00:00:00+00:00,2.3224530817730797,2.5415846442279024,2.7683118673974447,2.7024209241754202,2.5499110456876237,2.5409724039676944,2.540299575294931,2.5036458253234914,1.5509214162956573,2.2315429493886088
2021-01-19 00:00:00+00:00,2.292154989978046,2.509489195133697,2.728549773306551,2.650069928131861,2.5173745249097417,2.5089072839968907,2.508324945027023,2.470907403937829,1.530278317272878,2.1853752655817047
2021-01-20 00:00:00+00:00,2.3176111263205588,2.5355247259548483,2.7618316271810444,2.681100453065311,2.543861965766508,2.5349665852624206,2.534391312942987,2.4966952146664254,1.5605908112326528,2.221920164264125
2021-01-21 00:00:00+00:00,2.346022338887122,2.572801384182177,2.8011988843840716,2.7307028704879808,2.581364839321349,2.572245341060369,2.5716306292866333,2.5329617581314063,1.5714462295590739,2.241596589327018
2021-01-22 00:00:00+00:00,2.3186462804581787,2.5450390072452342,2.772008913906313,2.6925622888247753,2.5535927255808892,2.544488463488642,2.5437023922672872,2.507142607816544,1.5585541623153831,2.2271179066586293
2021-01-25 00:00:00+00:00,2.326464591963854,2.558626931015826,2.788849316598967,2.7144246924490663,2.5674017015209443,2.5580753797308624,2.557381469663154,2.5217033543714864,1.572365138430704,2.251159948928944
2021-01-26 00:00:00+00:00,2.306660824216757,2.539759213956891,2.7659645158807384,2.6842945388400685,2.548379341377495,2.5391989749813426,2.5384206642554115,2.504043280509597,1.5630020271040268,2.236439250478804
2021-01-27 00:00:00+00:00,2.3248710093940255,2.5638686812758906,2.7931868288916886,2.7097891112854127,2.5726727222058003,2.5632917216346067,2.5624505785002314,2.528991055602601,1.5772838498008743,2.268904742774426
2021-01-28 00:00:00+00:00,2.329745737572324,2.5642047064859934,2.7895854558696964,2.703008355798371,2.5727177290120826,2.563616596109504,2.5627225416029313,2.5278261468792023,1.5760731305247535,2.2633784364435843
2021-01-29 00:00:00+00:00,2.369938841696271,2.6065499382095214,2.836665365830927,2.7612860452516648,2.615340608300758,2.605957634885755,2.605204438236295,2.5678794308528476,1.5881956489306337,2.2834182684020963
2021-02-01 00:00:00+00:00,2.351605801366552,2.5792978111063585,2.8044718547824488,2.732209733608723,2.5878206541924906,2.578723935804774,2.5780575714950467,2.5406352979202427,1.577340230634626,2.26695049995449
2021-02-02 00:00:00+00:00,2.388494402200115,2.6227956604013625,2.8613602801759304,2.8084029687870427,2.632012350245641,2.622233564173108,2.621473592335187,2.584509859266093,1.595603152716805,2.298400428564059
2021-02-03 00:00:00+00:00,2.3890055268206916,2.6194178325636384,2.8626961377143374,2.8138423024559183,2.6290476178787827,2.6188567520966686,2.6180794655282402,2.5833468430659043,1.5931787116913987,2.305026024025614
2021-02-04 00:00:00+00:00,2.3998798347759838,2.6364751334816883,2.884037794820945,2.8424626003218685,2.646331736017791,2.6359216990283993,2.63515862589585,2.5996378470608863,1.6101012640044023,2.33001205223228
2021-02-05 00:00:00+00:00,2.4106465403539845,2.6545538251201135,2.902850849063964,2.867285589579272,2.6643889769111766,2.6539820332845143,2.6532795060904686,2.6162407134333483,1.6175211150876307,2.34507678756303
2021-02-08 00:00:00+00:00,2.3877150649911223,2.6306398728277545,2.8738047138424787,2.829156488738633,2.6402266945534336,2.6300499059155786,2.6293550585204684,2.5938751125845214,1.5935536478276333,2.3181748335406476
2021-02-09 00:00:00+00:00,2.357727845015746,2.5926475407261833,2.8262329989316926,2.763271143222217,2.601767784930425,2.5920389026238158,2.5913097220080705,2.5550656097837727,1.5515829223223858,2.255049785609024
2021-02-10 00:00:00+00:00,2.357686022710169,2.589909262978373,2.8293248540735987,2.759936280492363,2.599401012582478,2.5893803159256876,2.5887602199684503,2.5537473105055533,1.5525626008665379,2.2612528535857295
2021-02-11 00:00:00+00:00,2.382476213868162,2.624407831528718,2.869448953338293,2.811517510876692,2.6341491258838765,2.623924311266205,2.6233660332006683,2.587768450944731,1.5668053099203934,2.2820451145561225
2021-02-12 00:00:00+00:00,2.4010214472746583,2.6539840517386213,2.9049098077835587,2.8559727622885585,2.663969347776991,2.653433752606887,2.6528816042815824,2.6168338534359745,1.575737224740537,2.2993978999697564
2021-02-15 00:00:00+00:00,2.4250889658650183,2.6778959348832374,2.9346852706043216,2.8933975768789244,2.6881721587865157,2.6774210200098114,2.6767512225638033,2.641065723608844,1.6041916182980498,2.331985040295533
2021-02-16 00:00:00+00:00,2.4144178720450937,2.66699031193929,2.917213350865904,2.870328839039268,2.6768491663131373,2.6665053618939605,2.665880625432268,2.6283541250337787,1.5993470693184724,2.319429839189179
2021-02-17 00:00:00+00:00,2.3911576251352944,2.638568264536464,2.885437764830318,2.8292728345183185,2.6483058046561236,2.6380902516203233,2.637396918687993,2.6017911339002793,1.5826432467990552,2.29169263379805
2021-02-18 00:00:00+00:00,2.3518129108289925,2.59715203252946,2.8338114856379604,2.761476196339327,2.606389744306678,2.5966939109734746,2.5960217684198934,2.5599647808330235,1.5455725359491874,2.232082221599104
2021-02-19 00:00:00+00:00,2.388685954034497,2.6465290513041824,2.8901015143575646,2.8293757633126644,2.656085174600725,2.6460757690235206,2.6453907773960927,2.6091045344063204,1.5644749026642002,2.260336508015829
2021-02-22 00:00:00+00:00,2.40366457897662,2.6635541682991586,2.9056255593785436,2.836858958347333,2.6730607546561993,2.6630592811234814,2.662365166600594,2.625240663989586,1.5644049050504694,2.263704357727086
2021-02-23 00:00:00+00:00,2.4165160678330064,2.6864025804563494,2.9363650128683005,2.874327963733915,2.696299104844055,2.68588291978643,2.68517201520203,2.6492925148235904,1.5753941417524273,2.2992557213988487
2021-02-24 00:00:00+00:00,2.3556026702675386,2.6141981251917947,2.8562306902155914,2.7971194382006774,2.6238114190399315,2.6136437244418746,2.613044056941456,2.5787649113146163,1.5460317165991058,2.2609428833522807
2021-02-25 00:00:00+00:00,2.3782296757049104,2.641648811145694,2.888859045405195,2.8380878715010636,2.651481595023035,2.641103526849777,2.6405291905476,2.606141254143261,1.5702856146083919,2.2939290570310233
2021-02-26 00:00:00+00:00,2.338032112858666,2.5928554077505352,2.834558242700998,2.768795101124693,2.6024084843044872,2.592326126660082,2.591736957755477,2.5572081666608732,1.5260511321181631,2.2322127940982326
2021-03-01 00:00:00+00:00,2.303464100849898,2.555270454778539,2.7957517740556264,2.729997417554586,2.564633980881583,2.5547622024587677,2.5541836915488454,2.519786115820715,1.498868778420194,2.1925730071902496
2021-03-02 00:00:00+00:00,2.317301006886998,2.574466851932607,2.8199540536766023,2.740175162010645,2.583960891599907,2.5739796237388277,2.57339782698469,2.5387501934169974,1.5068681263661656,2.20599653552054
2021-03-03 00:00:00+00:00,2.358471681543695,2.6301727312712817,2.8857648549079546,2.7711640403578213,2.640123558498453,2.6296779149339247,2.6290627381504192,2.593704849234362,1.5232624822238097,2.235781176207381
2021-03-04 00:00:00+00:00,2.368467362141194,2.642223318942478,2.897082051021268,2.7768795206695627,2.6520808756650704,2.6417031122657892,2.6410828483447593,2.6055409724055822,1.5272883693138668,2.240020624364463
2021-03-05 00:00:00+00:00,2.359783139092962,2.6265563400278893,2.8824083370059372,2.769097720707218,2.6364241763158507,2.625925493536158,2.625104976051299,2.5898807125627927,1.5202450000451964,2.2334385810656143
2021-03-08 00:00:00+00:00,2.3428836237825057,2.6094265365488964,2.8615398815543993,2.7598270120315287,2.6191992037224594,2.6087749471018835,2.607907463915072,2.5727298138925683,1.5125921425922082,2.2243508663333955
2021-03-09 00:00:00+00:00,2.317448208347976,2.5799201602325943,2.823506231675843,2.7430799791641074,2.5891819134675007,2.5793179245402977,2.578526063988228,2.542331402709834,1.5034727740174838,2.2045154805308744
2021-03-10 00:00:00+00:00,2.334157406133905,2.601046911582039,2.849104905357775,2.7543819617056475,2.610513051987748,2.6004251729374768,2.5995750065229015,2.562956269836584,1.5093785790355894,2.2146142433632225
2021-03-11 00:00:00+00:00,2.297349524991762,2.5614565829749387,2.8004923838666493,2.7320692100999215,2.57048549478036,2.560835872176532,2.559901036851486,2.5220316957048916,1.4956393573965066,2.1883840652964497
2021-03-12 00:00:00+00:00,2.3182702197598095,2.5850728714693054,2.826520812336934,2.7443940381314085,2.5942180615584913,2.584438047352345,2.583603589539731,2.5452372000590993,1.4990167054569064,2.1979966251415832
2021-03-15 00:00:00+00:00,2.363209760695349,2.6338218375556277,2.8853045738881624,2.770603481411406,2.643206783855379,2.6331614862561183,2.6322318420895336,2.594289407674771,1.5124775398791426,2.2227092281268575
2021-03-16 00:00:00+00:00,2.358270667416618,2.6322578018224356,2.88639805699692,2.770169829104589,2.64168255679222,2.631581356882077,2.6306847952076313,2.5920053588606873,1.5096287008094609,2.2191843512548006
2021-03-17 00:00:00+00:00,2.3388247397462982,2.61513612031952,2.861538369355304,2.7596589181966156,2.624329846892407,2.6145266089915298,2.6134404208932516,2.5752140443269753,1.5072167372354994,2.209455980427465
2021-03-18 00:00:00+00:00,2.312875954653918,2.5872519529216333,2.8271441010040372,2.74286347723124,2.5960057949341437,2.5866535160729622,2.585561365688246,2.5457315664615368,1.498090274152449,2.189512104936969
2021-03-19 00:00:00+00:00,2.3308870258680243,2.6116903025292117,2.858580361939377,2.755962035403991,2.620594535875195,2.611059275895146,2.6102562697302387,2.571284011215784,1.5019950596802893,2.201992672685258
2021-03-22 00:00:00+00:00,2.35190344406443,2.637866078008114,2.88801564893295,2.770450166492815,2.646949181013299,2.637225841944894,2.6363166718676725,2.597173712335843,1.5098442955823328,2.2169094678114325
2021-03-23 00:00:00+00:00,2.3465977704672842,2.629511042061259,2.880152128204525,2.7659642815048997,2.638598257247133,2.62891161378447,2.6276703675778372,2.588365515922815,1.508211411347446,2.212689060870735
2021-03-24 00:00:00+00:00,2.3840001654856082,2.6720702726641434,2.929481666076202,2.788378330144558,2.681329009752457,2.6714318502477106,2.6701980261934817,2.6308196208461503,1.5200655645455223,2.2349082742629367
2021-03-25 00:00:00+00:00,2.3613266092046326,2.6427093351874533,2.8951682589850987,2.7716710109214184,2.651765798619351,2.642092037653858,2.640835833637914,2.601376232258302,1.506702556816028,2.2212354452731935
2021-03-26 00:00:00+00:00,2.3823218835566844,2.6658976958451,2.9156058931138293,2.7958580028781697,2.6746427347447903,2.6652588323008595,2.664011624080091,2.6233576017200484,1.5271236584632824,2.242580353241057
2021-03-29 00:00:00+00:00,2.3995549816023343,2.6871872643891734,2.9381463216287895,2.8070136046802716,2.6959532766381233,2.686547961919498,2.685256333607318,2.6438006186480547,1.5316886377864622,2.2518225033379125
2021-03-30 00:00:00+00:00,2.3739479117936595,2.6534691481576878,2.9002370441819103,2.7616457070958567,2.661992059700392,2.652850569360815,2.6515031788630434,2.6101333396390105,1.5102088035913777,2.2096865003061614
2021-03-31 00:00:00+00:00,2.3801203846826677,2.6666797922837193,2.918341667973359,2.785921700923873,2.675434192850932,2.6660564643566835,2.6647644992109996,2.6226431720574737,1.5130670618922102,2.215550756942043
2021-04-01 00:00:00+00:00,2.3824226737013356,2.6663917036590155,2.914178745096555,2.77754084282701,2.674800599854753,2.6657670164064657,2.6644341581376465,2.6220988770742957,1.515626741060028,2.207512458698477
2021-04-02 00:00:00+00:00,2.3683212537476397,2.6542440614434506,2.8995312075411657,2.763067849494854,2.6624801980708814,2.6536117249576616,2.65222465822089,2.609313354077772,1.5102647611515543,2.1916952306136874
2021-04-05 00:00:00+00:00,2.35113146590451,2.6355973902869407,2.871947389589036,2.7508079966119388,2.643366079395458,2.634938821937202,2.6335635316966117,2.589464902144829,1.5039091788592411,2.1753546527578664
2021-04-06 00:00:00+00:00,2.3813131400455405,2.668831006220291,2.9106708937329286,2.7679536098626327,2.6768274858981105,2.668189407161158,2.6668001536736616,2.621917156532387,1.5166647166914182,2.191981862638563
2021-04-07 00:00:00+00:00,2.3806345960260127,2.668216981821411,2.9096543462931863,2.7659899945757953,2.676192170304693,2.6675785078442753,2.6662314127189526,2.6205037662719115,1.5133876986416013,2.18889211980363
2021-04-08 00:00:00+00:00,2.368987034028126,2.656038271335052,2.897402381757035,2.7519120937215464,2.663988089532861,2.6553811775865896,2.6541608422477587,2.6109677846001937,1.5083691392415612,2.1882013315557285
2021-04-09 00:00:00+00:00,2.3611435744352356,2.6514231542500197,2.8915774262344915,2.745107857257678,2.6592532284955515,2.6507863763161916,2.649534814427506,2.606366759453764,1.5062365860287354,2.185756332073135
2021-04-12 00:00:00+00:00,2.335212773486371,2.618488051709457,2.8537789778063076,2.699482554203794,2.6261222429688007,2.617849777938131,2.6165272446196943,2.573454584783077,1.4705528905185252,2.147884797480457
2021-04-13 00:00:00+00:00,2.342992493614366,2.63193635776931,2.8648282407477845,2.712514027969887,2.6393065200653907,2.631284756906755,2.630007920394933,2.58468711772165,1.4780962407813258,2.149086468720261
2021-04-14 00:00:00+00:00,2.3470103078501188,2.639566015247295,2.877220678771911,2.7174101265343356,2.6470887720241274,2.6389474746514314,2.63768703646499,2.592746839419824,1.4810747222593,2.1567633181872523
2021-04-15 00:00:00+00:00,2.3575997523070136,2.6535102467506655,2.8901429300490995,2.7233584857371533,2.6608223397799224,2.65289113556543,2.6516142149847686,2.606986502261011,1.4852185366703123,2.160692560365463
2021-04-16 00:00:00+00:00,2.3043049222856187,2.5888133320888116,2.8127600045018486,2.687515013938347,2.5954840627742923,2.5881331736230124,2.5868452225041243,2.5433507958060715,1.4583187238169286,2.1279587120453582
2021-04-19 00:00:00+00:00,2.312174692908063,2.602307776123633,2.82263718585722,2.69650762349617,2.6086461716170226,2.601637121593798,2.6003833845182025,2.5549202103394726,1.4604864927427945,2.1302344794481924
2021-04-20 00:00:00+00:00,2.2625952876637334,2.5397717067880747,2.7507806932116994,2.6646235821855697,2.546013471782735,2.5391302696417206,2.5379162076524877,2.4933936536704278,1.4397545346665104,2.0971863043639316
2021-04-21 00:00:00+00:00,2.226558364987382,2.5017407835071968,2.7082945170671677,2.6446825180512277,2.5079780866954318,2.5011108537710793,2.4999425184079107,2.4561796063256085,1.4266582625723734,2.07849032994812
2021-04-22 00:00:00+00:00,2.1988158341758215,2.467013131592108,2.6685399898851148,2.625309222966975,2.473084522799456,2.4663855562405868,2.4652581066150296,2.4225027037241698,1.4137312022478554,2.062045339672944
2021-04-23 00:00:00+00:00,2.1977857477622025,2.468713689965349,2.6677966685219894,2.6246515539397604,2.4746319649064876,2.468083330465154,2.4669657076188583,2.4238511004289442,1.4137388534599475,2.062178758646079
2021-04-26 00:00:00+00:00,2.1881442010926757,2.4520555704691858,2.649650731045443,2.6164076217033347,2.457958560905009,2.45144879577041,2.4503606489898315,2.406470241663142,1.4096397287619364,2.0519219284814025
2021-04-27 00:00:00+00:00,2.1806264704474962,2.4405093836388865,2.6379161142998324,2.6110718284427494,2.446498326592336,2.439919201174273,2.4388899632570835,2.3954771198842413,1.4074265356549505,2.0490679651605577
2021-04-28 00:00:00+00:00,2.2080941108413663,2.4778083714701644,2.6809308852784817,2.631022262439616,2.4839636971639267,2.4772173082287203,2.4761894497611534,2.4323984599549364,1.420840286469407,2.068027431467326
2021-04-29 00:00:00+00:00,2.2018160440751062,2.4756385207669633,2.680954434546118,2.6298624388368697,2.4818538299330344,2.4750560489600857,2.4740777954527755,2.430243768311179,1.4196564106753353,2.0660133671341083
2021-04-30 00:00:00+00:00,2.210973304601321,2.494319793262844,2.7110967854044588,2.6417878500294703,2.50097101993102,2.4937245218195603,2.492767139253554,2.451005080372665,1.4303631424846808,2.08118710677384
2021-05-03 00:00:00+00:00,2.1796106093231793,2.457561030048946,2.665987970558662,2.6207575265852405,2.4638469168862143,2.4569621353829585,2.456024264920189,2.414566910617489,1.4159786179568805,2.0605727895761947
2021-05-04 00:00:00+00:00,2.140732703802414,2.41924297721914,2.620790411528582,2.5996156094897427,2.4253435852604803,2.4186322817282018,2.4177079047059546,2.375993278887147,1.4030089939740829,2.040388078358884
2021-05-05 00:00:00+00:00,2.1814287572656204,2.4669557507253606,2.6735311279311738,2.625117015495671,2.4731711766511344,2.46633941009686,2.4654299191551754,2.4218027361236034,1.4200222834428213,2.0612380033045077
2021-05-06 00:00:00+00:00,2.1888757150672125,2.4760509661371746,2.6826755264736626,2.6294038052119686,2.4822443496172113,2.4754644757292796,2.474565476770184,2.4304645452693,1.4239183630735992,2.0642065982271025
2021-05-07 00:00:00+00:00,2.2260412284230164,2.5204718208015544,2.7349814906866143,2.653128091532135,2.526879501715742,2.519881552271323,2.519018690817442,2.474191344399359,1.4397282853495734,2.084185495987074
2021-05-10 00:00:00+00:00,2.201224248618901,2.493510260716884,2.7118471350311895,2.6408829706525005,2.5002002577755964,2.492925224834887,2.4920690901978784,2.450035524572472,1.4282610729333758,2.078482564140213
2021-05-11 00:00:00+00:00,2.2206936502108774,2.517539498878448,2.7407766374755758,2.65425286693389,2.5243728042049147,2.517057498462375,2.516100368725454,2.474171752329062,1.4371870377205567,2.0916530670904896
2021-05-12 00:00:00+00:00,2.211961900010982,2.502664538709655,2.724292404125174,2.6463746911097306,2.509486386682109,2.5022791854054205,2.5012443070310773,2.459440741560818,1.4332241383320745,2.085033687539686
2021-05-13 00:00:00+00:00,2.201724549872063,2.4898217315346938,2.710068289841471,2.639446753807322,2.4965818655275362,2.489507860748755,2.488511185290245,2.4476225143881836,1.432657643531729,2.0821045895524297
2021-05-14 00:00:00+00:00,2.21557173314891,2.507117809775924,2.73045514023015,2.6482451675950895,2.514117247886662,2.5067272383719157,2.5057852123132185,2.4646634167059713,1.4338379009578255,2.0886211700486825
2021-05-17 00:00:00+00:00,2.2647672099832414,2.575252658881016,2.8163394447264896,2.685407422596475,2.582972492124188,2.574894063484949,2.57397473233777,2.5321199046923684,1.4587712823477017,2.1210139590524566
2021-05-18 00:00:00+00:00,2.2751362145622593,2.588521705955424,2.832552318653446,2.692584124767625,2.5964154646550544,2.588111751787299,2.587350923509877,2.543894013654762,1.4584712474938077,2.123881098975248
2021-05-19 00:00:00+00:00,2.2649964478617997,2.576691782524941,2.8181777122516034,2.6850344101800148,2.5843926318673534,2.5763042147381925,2.5756505280636075,2.5319004844020703,1.454839863028444,2.1152249375987044
2021-05-20 00:00:00+00:00,2.2236537308579942,2.532792656662538,2.7699558671996254,2.6610572487901174,2.5403550992729316,2.532416387397523,2.5317440458689413,2.4895933084814943,1.4441195362093946,2.0976456632475062
2021-05-21 00:00:00+00:00,2.227058531595334,2.5385999548646336,2.780903023583905,2.6760057552759204,2.5464809663067016,2.5382302390596667,2.5375881034854566,2.4963715206031654,1.449218364735438,2.102498566212488
2021-05-24 00:00:00+00:00,2.2308128346230727,2.547147414366254,2.7950079992696883,2.686711266915439,2.5553637048542823,2.5467825742415933,2.5461916375188607,2.505061286267999,1.4496530253788897,2.107108774999308
2021-05-25 00:00:00+00:00,2.2151215167890186,2.5232728946793426,2.7675868770512486,2.648348401090137,2.5313893659555484,2.522887400700179,2.5222840788418814,2.480916879692749,1.4258440077230037,2.078556805754943
2021-05-26 00:00:00+00:00,2.25875893156542,2.5767769319548086,2.8317963067507677,2.703780744987177,2.5852241029163703,2.5764088260955007,2.5758847587796123,2.5341260744566614,1.4410276245036355,2.105566162597537
2021-05-27 00:00:00+00:00,2.207208202384922,2.5058996461495076,2.745480006927825,2.595092089366886,2.5135734318733762,2.5055146809116615,2.504919038566278,2.462706357651524,1.375253094083759,2.0169661579493092
2021-05-28 00:00:00+00:00,2.21665777540052,2.5223639030716782,2.7655030058317114,2.6196827013383417,2.530220560801055,2.5219644048520538,2.5213868546277345,2.4797911049572043,1.3862155950039705,2.042375230768505
2021-05-31 00:00:00+00:00,2.179391485312694,2.482689744535504,2.721033382162776,2.598356538221263,2.490277251695948,2.4823414139777378,2.4818699402022606,2.4410917539030557,1.375616151133971,2.025060106801723
2021-06-01 00:00:00+00:00,2.147346640905007,2.446254986889346,2.6778163817595857,2.5791398450585343,2.4535898428374057,2.4458841109337572,2.445281649162218,2.4056867170501155,1.3621794861613354,2.007363273371485
2021-06-02 00:00:00+00:00,2.164141216026242,2.4649975448779964,2.700503876601707,2.589227805889719,2.472478931687731,2.4646287986024458,2.464037705392312,2.4241165705392085,1.3701419415610545,2.0174335166039903
2021-06-03 00:00:00+00:00,2.164507818150031,2.4598494122152688,2.6964144930106744,2.586440394942007,2.467387958364582,2.4595053008744396,2.4590567535399837,2.4209317938889225,1.3707372041785644,2.0193701242198516
2021-06-04 00:00:00+00:00,2.1152558476906624,2.398099045506684,2.6277514479972384,2.5550367200492756,2.405552100032601,2.397774912944644,2.397242370682047,2.3610099798874042,1.3532612707323555,1.9933257714144632
2021-06-07 00:00:00+00:00,2.0910328536701686,2.375674968676732,2.6021541776596226,2.543447541506941,2.3830625009603725,2.375313289746639,2.374805969178693,2.3389357017659145,1.3423278904366134,1.9838908162443516
2021-06-08 00:00:00+00:00,2.0957131548077332,2.379756090910053,2.6126718808446974,2.5465431771910287,2.387405359174275,2.379409532785489,2.379039519400744,2.3429325902000917,1.3458591377367424,1.9860559922447272
2021-06-09 00:00:00+00:00,2.0853256990417677,2.3700649003845182,2.601708175656255,2.5410239503559557,2.3776842448275355,2.3697528162935737,2.369505182095507,2.3342000627473554,1.3471084828407052,1.983390400222003
2021-06-10 00:00:00+00:00,2.1248849188422674,2.4207132472184685,2.6661728350460017,2.5698353029985372,2.4288946481353224,2.4203862379035948,2.4202643014010268,2.385898439397532,1.3639077614152182,2.013867237425824
2021-06-11 00:00:00+00:00,2.1591993061610584,2.4640979160483796,2.71734868450889,2.593512263809493,2.472566433205961,2.4637728536763963,2.4636922535795556,2.4286844516186217,1.3778901827775063,2.034168856640684
2021-06-14 00:00:00+00:00,2.1713437812700644,2.477381616555525,2.7351442941065023,2.6013699986124625,2.4860923628642477,2.4770533774037857,2.4769205676525736,2.441696647203261,1.3812613295982492,2.0406580802787273
2021-06-15 00:00:00+00:00,2.2209703387279647,2.538511928371007,2.8068186324850046,2.63314105083121,2.5475909967477173,2.5381520780098694,2.538105683355178,2.501086850297092,1.3971556517935761,2.066234967132476
2021-06-16 00:00:00+00:00,2.205028681124759,2.513599241203468,2.77902498671019,2.621058218030365,2.52263246925909,2.513254153776989,2.513160229811566,2.477197311081143,1.3915052409785584,2.0584556764737894
2021-06-17 00:00:00+00:00,2.2075740437799327,2.5162103481576197,2.7857195683942813,2.622299862154696,2.5254228546288746,2.515900453902574,2.516035698170424,2.480634304515369,1.397353031647269,2.0599735042653555
2021-06-18 00:00:00+00:00,2.2350189319231415,2.5519093416975567,2.830575179493516,2.641893458518353,2.561596213729603,2.5515965076375604,2.551813015074614,2.516058207186035,1.4093881403053161,2.078939779372553
2021-06-21 00:00:00+00:00,2.2101297259997854,2.524272344716195,2.795696188221275,2.6269032553057965,2.53365401187755,2.5239432832836015,2.5242146913469923,2.4886744446092774,1.398210846332162,2.066550617628426
2021-06-22 00:00:00+00:00,2.2474516856854128,2.5611789406319705,2.8328574857695585,2.6433723813948946,2.5703998265279804,2.560876770385802,2.561141415698106,2.5237806405818337,1.4095348538836918,2.079035199940826
2021-06-23 00:00:00+00:00,2.2531990828861552,2.576424607224265,2.8528934796028356,2.6485789674599096,2.585854855771807,2.576132146808932,2.5764109204120316,2.54126263742024,1.4125810902503693,2.087894694388983
2021-06-24 00:00:00+00:00,2.2546382798957727,2.579338983696938,2.8593993168564054,2.655922871252991,2.588942079645596,2.579078770407329,2.5794253152851647,2.5442941597669786,1.41957929914111,2.091019796307252
2021-06-25 00:00:00+00:00,2.278136602838137,2.6079608484675085,2.893805361469109,2.6694875565225282,2.617852610228617,2.607689233447703,2.608043061296851,2.571781685728159,1.4281431329081697,2.1030479014111867
2021-06-28 00:00:00+00:00,2.2807190401512805,2.6098817617312347,2.897463508858638,2.6724253036213,2.619804815889658,2.6096438694755886,2.6100784544604436,2.57404286738225,1.4350570369566336,2.107934442758258
2021-06-29 00:00:00+00:00,2.2436313181688092,2.555192117796427,2.834221735777833,2.615184836214709,2.564804158521344,2.55496147253939,2.555572431570127,2.5196179307234403,1.419137168810101,2.0814849560215016
2021-06-30 00:00:00+00:00,2.224788580081937,2.5302357007822716,2.8038980439487315,2.578827523848627,2.5396090955148836,2.530021961601022,2.5306805725018826,2.4945368225814546,1.4138336792981312,2.0673096412891763
2021-07-01 00:00:00+00:00,2.251221600016431,2.5580286678070507,2.8394493972190045,2.6230591647390766,2.5678453724887293,2.557842496384967,2.558505119679789,2.5235096771583634,1.4398855527816306,2.1091917652246717
2021-07-02 00:00:00+00:00,2.280654523239584,2.6027532773456983,2.8918892428682748,2.6665025456838216,2.6127656436532574,2.602502849122213,2.6031265707370057,2.568123852581453,1.4526805596142485,2.1329873742002636
2021-07-05 00:00:00+00:00,2.232385086602692,2.5484496416892317,2.828199074409379,2.587883939976232,2.558177470011038,2.5481601843475135,2.548733043724454,2.5147985341558887,1.4295222580234759,2.101961135989213
2021-07-06 00:00:00+00:00,2.232647845191963,2.5467043544519927,2.8272481130114304,2.5879909671859407,2.5565490991776363,2.546352164561913,2.5468793601935458,2.5132927924553337,1.4234997970576908,2.1048060753587228
2021-07-07 00:00:00+00:00,2.2518473722701717,2.565740775210221,2.8509009958797438,2.614788765665343,2.5759071172176804,2.5653739392625257,2.5659046303239568,2.5316354920500515,1.426761866819185,2.1098942761518584
2021-07-08 00:00:00+00:00,2.2408409387930925,2.5590373727703692,2.8390317841724975,2.5978611868969708,2.5688144723574364,2.5586777401257947,2.5591947413141014,2.5245882941741327,1.423606795804507,2.089889340776106
2021-07-09 00:00:00+00:00,2.276342958672222,2.605288006198981,2.8960815582972383,2.6668635224269632,2.615476141661629,2.6049316977518107,2.6055347180681148,2.570976808576769,1.438449915102648,2.11453929584881
2021-07-12 00:00:00+00:00,2.2969086680164743,2.6334371493717748,2.928093292619121,2.7063257557649596,2.643749688207855,2.6331069834538394,2.6337548643214013,2.5979844971531265,1.457041556470117,2.1433242832775035
2021-07-13 00:00:00+00:00,2.303685208505059,2.6445050251441287,2.938794088018959,2.7192025164612446,2.654747235081975,2.644145871678034,2.644783509193873,2.6071291664341785,1.4674393147513787,2.144014261591015
2021-07-14 00:00:00+00:00,2.324235790067973,2.6663650577244846,2.9617511808900447,2.745907508606236,2.6765658019920453,2.6659964319494343,2.666683935012603,2.6285147837424465,1.4842314876355753,2.165538768546168
2021-07-15 00:00:00+00:00,2.2946741477318193,2.636499033846975,2.924939576296023,2.7015398071843415,2.6463786751511456,2.6361610105226077,2.636867188202549,2.597791043912263,1.477889257459966,2.148211541963013
2021-07-16 00:00:00+00:00,2.251497727969315,2.5822370922700704,2.861436246007124,2.6228782316101205,2.591985137588222,2.581930435102217,2.582607857406038,2.545009618968027,1.4391590395316,2.088133344569523
2021-07-19 00:00:00+00:00,2.224050195638962,2.5492111019561086,2.8211610999169405,2.56969283246267,2.5588917439671475,2.548872550241332,2.549547305052249,2.513173510002675,1.4039029394854168,2.045728104219837
2021-07-20 00:00:00+00:00,2.23405623085455,2.5664254459521945,2.838648340633155,2.5775308132520234,2.5760591440125684,2.5660772591016885,2.5666902904641873,2.529974400341715,1.4075788289577058,2.051988551139859
2021-07-21 00:00:00+00:00,2.247065979879754,2.584927153941447,2.86022573153935,2.5866205307407917,2.594689028630902,2.5845790270616393,2.5851219154274743,2.54853398885388,1.4131732187570911,2.0617224840728965
2021-07-22 00:00:00+00:00,2.237456180621184,2.5806838699569394,2.8539514041802456,2.5826940058357284,2.5902310203585386,2.5803429888848606,2.580916389628458,2.542968446231528,1.4133715209066662,2.0564226331055986
2021-07-23 00:00:00+00:00,2.236325520427554,2.582562892754429,2.86027167892626,2.5858451299356497,2.592404457402854,2.582228358655859,2.5827880671916845,2.5456059071476504,1.4145649400157088,2.060532934574399
2021-07-26 00:00:00+00:00,2.2605573875221086,2.6106667786645112,2.895451708825858,2.6014529447152994,2.6209054121340714,2.6103271719250527,2.610964117071904,2.5740980992335842,1.4214552028489988,2.0762675509385304
2021-07-27 00:00:00+00:00,2.296659083355097,2.6524249145170598,2.9467880019565755,2.6230299837206763,2.6628463904031343,2.652088182514802,2.652800584515119,2.6144253565194195,1.4340900784137782,2.0942216606090622
2021-07-28 00:00:00+00:00,2.322359524068009,2.682474901552622,2.9825419555270045,2.635105426544443,2.692948067033025,2.682142669964553,2.6828889472483377,2.6447836329758245,1.441637229971433,2.106957129080307
2021-07-29 00:00:00+00:00,2.3653270410832405,2.7347286844183554,3.0450884176231017,2.708753525264315,2.7456237319759635,2.73441220294862,2.7351644943123694,2.696396420754393,1.4877834993244408,2.159974689757152
2021-07-30 00:00:00+00:00,2.3509459623607243,2.717178647925409,3.023124607508275,2.680964701726876,2.7279354958708097,2.716848860170054,2.717603577688842,2.678628343249411,1.4699397529957312,2.1385422075321996
2021-08-02 00:00:00+00:00,2.3581925512218223,2.7288235061788657,3.0373585538324015,2.6967348998442113,2.73968634033942,2.728513048155066,2.729245057254407,2.6910313157255388,1.4863928842238674,2.1499222658255155
2021-08-03 00:00:00+00:00,2.362311182763305,2.7312017344335313,3.0379217887292747,2.6940742242079794,2.7420536481500686,2.730862565667003,2.7314299556567194,2.6943105633289424,1.4832243624763453,2.148904835805011
2021-08-04 00:00:00+00:00,2.3555838925558854,2.725501629641532,3.033269975713177,2.690610949950473,2.736385322646176,2.7251945373420305,2.7258336347615613,2.688553846293898,1.4873927726414666,2.145958915102875
2021-08-05 00:00:00+00:00,2.3804604092170876,2.765815617037356,3.078529867613398,2.7424110289047317,2.7767864595362113,2.7654783929508726,2.7661278650652292,2.7285368070735907,1.5203501230032228,2.187854545172933
2021-08-06 00:00:00+00:00,2.36608069955665,2.7424652317200136,3.0481807296867096,2.714239630484222,2.752981047246542,2.7422166117554134,2.7429263023735166,2.702949539749311,1.5161963392520292,2.1695655228003083
2021-08-09 00:00:00+00:00,2.3811058215801175,2.761095892997239,3.0714340557653985,2.74095850136394,2.771741752914654,2.7608908616533046,2.761584161299183,2.7232726108347287,1.5214826708419718,2.1794138584264844
2021-08-10 00:00:00+00:00,2.4095006177716076,2.793826682067267,3.1074723217914393,2.7850009959185495,2.8044904388680028,2.793597606582684,2.794266791333139,2.7566322084448913,1.5487341728394337,2.2195541276582462
2021-08-11 00:00:00+00:00,2.3943403985621377,2.7735872979404066,3.075300733554415,2.7475411794617424,2.7835916041282465,2.773372767791135,2.7741449721511438,2.734821309990747,1.5442979529263412,2.203523219965028
2021-08-12 00:00:00+00:00,2.3942428476758324,2.7754372887666725,3.080153136287361,2.753955203959935,2.7855711667787824,2.775297830130687,2.776068694278736,2.736892970354349,1.5554919397533353,2.209844146554881
2021-08-13 00:00:00+00:00,2.384210325463924,2.7723445779281004,3.07136470458524,2.7405448363959573,2.782284918118252,2.7721919762554843,2.7728900544891477,2.7336842239938774,1.5525093137069004,2.205855206672571
2021-08-16 00:00:00+00:00,2.363686167696932,2.7512068538919023,3.0447062621757714,2.707703569129256,2.7609105402013236,2.7510096621194697,2.7517068247944017,2.7112858806751117,1.52986047908259,2.1724300259629676
2021-08-17 00:00:00+00:00,2.358773812035942,2.7445605585086392,3.0362072579691697,2.697083880679586,2.7541202786984424,2.7443351604473603,2.7450661636229583,2.7045044814278825,1.5218807462899198,2.1585151208766185
2021-08-18 00:00:00+00:00,2.371394676234761,2.7579353124781654,3.0523216426376463,2.7166147837207797,2.767655759251053,2.7576936036795248,2.758477655936053,2.7196419023049705,1.535611524580812,2.181708274163605
2021-08-19 00:00:00+00:00,2.362241612606501,2.7527366783965133,3.0495363101681217,2.713308138790729,2.7625375659639757,2.7525316198188685,2.7533358822111103,2.714766851949566,1.5336416349639634,2.1823001787528007
2021-08-20 00:00:00+00:00,2.402420490346439,2.796575160870741,3.1044187399860435,2.7811810821579037,2.8068079501189147,2.796373509292047,2.7972894922429754,2.7585812575974247,1.548487476632973,2.209500483862352
2021-08-23 00:00:00+00:00,2.3446606444549576,2.7250150264783546,3.012699026276649,2.668558133961486,2.7343505073983088,2.7247694557741076,2.725546999670543,2.686438288198802,1.52237542208163,2.1615746804818925
2021-08-24 00:00:00+00:00,2.3559750003795137,2.73524742649056,3.0261480704130963,2.6833040761629268,2.744792191519931,2.734912281438416,2.735734862071932,2.695731008759564,1.5215048195883258,2.171304167306392
2021-08-25 00:00:00+00:00,2.330915693907733,2.698097020093134,2.980026502802474,2.645857112878267,2.7073598548203712,2.69777627679361,2.698537321971077,2.658933091325702,1.5089053349107615,2.14714325284825
2021-08-26 00:00:00+00:00,2.3337987875410238,2.705267487432074,2.995251234635252,2.6640497382397896,2.71503370100148,2.7050599536821958,2.7058571596128482,2.6686806399541614,1.5100906847609832,2.159824411446442
2021-08-27 00:00:00+00:00,2.3519247605644287,2.73081630962679,3.0215386032566056,2.675994388291513,2.7405959514431393,2.730608405072764,2.7313623751008076,2.693684097621853,1.519714356093881,2.1712456370811024
2021-08-30 00:00:00+00:00,2.320191269091364,2.6924408273209313,2.9740836891945515,2.656722090727776,2.7019627809533713,2.6921673080140796,2.6928986435835185,2.6553973083547224,1.5041940742852093,2.1502597877510334
2021-08-31 00:00:00+00:00,2.3207722151305257,2.6901246370970253,2.9722381014189088,2.656584649620694,2.699767636658914,2.689815178659611,2.6905632858725768,2.653425078556753,1.5045382451889417,2.150699906443285
2021-09-01 00:00:00+00:00,2.3268814402476203,2.6970172038116997,2.974035204480057,2.6585052259513646,2.706443476922619,2.6966383154724625,2.697367929586603,2.660117640040269,1.5042224560353683,2.150669003637547
2021-09-02 00:00:00+00:00,2.336481161327554,2.720554171840336,3.002047132555962,2.6697432296571497,2.7300885651575997,2.720175448601333,2.7210215960664894,2.682948943552442,1.5105501069999905,2.1597526758573076
2021-09-03 00:00:00+00:00,2.3279542189689306,2.70968061007458,2.9885172667823574,2.6642891717554975,2.7188814362684495,2.709283210053159,2.710140777858885,2.6710962628176027,1.5029507924738026,2.1525325351661375
2021-09-06 00:00:00+00:00,2.318586486946015,2.6942244758826863,2.9715666211609206,2.657334012928941,2.703249893584855,2.6938029010165483,2.6946478344979043,2.6560150166760494,1.4950738272648267,2.1475595401065637
2021-09-07 00:00:00+00:00,2.2956806978360573,2.6681281442520515,2.938538680526305,2.6428215502568455,2.6768480750204673,2.667708941874718,2.6685966794273526,2.6286245468055722,1.4886150657541173,2.130317072643044
2021-09-08 00:00:00+00:00,2.3265983850374035,2.7075150776740187,2.9852674183406087,2.662438373879382,2.716432411467443,2.707051471621044,2.708111112103823,2.667717149394987,1.4972610767039325,2.149035793044284
2021-09-09 00:00:00+00:00,2.3074191468585292,2.681966508518191,2.955891894433522,2.6499157924625356,2.6907638202090993,2.681503226235272,2.682573314668369,2.643195642162197,1.4905934267923924,2.1399553398937976
2021-09-10 00:00:00+00:00,2.2847858983094373,2.6507454873447553,2.918154192132393,2.633812076483178,2.65922530904977,2.6502854393683086,2.6511986397284795,2.612312000575386,1.478499584070147,2.1250604948887863
2021-09-13 00:00:00+00:00,2.231083518204764,2.5856479963274412,2.8403618423873147,2.6001953046963284,2.593694190089491,2.585195995391177,2.585984491783747,2.5474616357937907,1.4576510868139192,2.0929090719350163
2021-09-14 00:00:00+00:00,2.187533325957415,2.529302126517579,2.7698616273133903,2.5706616976520724,2.5368581158931387,2.5288678096121693,2.5296429717258366,2.491035602598087,1.4406996137047783,2.066082749184573
2021-09-15 00:00:00+00:00,2.219739762327703,2.5705390708757183,2.816856892092554,2.5910301215901153,2.578211515827268,2.5701268704921496,2.5710290724725424,2.5319063046173143,1.454044523246646,2.0839180069649674
2021-09-16 00:00:00+00:00,2.2134888298124995,2.5637450430904076,2.8074065163808157,2.5866096115554806,2.571311619855913,2.5633154692758247,2.5641802809096705,2.525640676214687,1.4508880676459268,2.08027105479699
2021-09-17 00:00:00+00:00,2.209314846878637,2.5564927940270743,2.8018535055128093,2.583129686212043,2.564127185332555,2.556054798046289,2.556901448070999,2.5180099834530023,1.447336837393757,2.0744598707551827
2021-09-20 00:00:00+00:00,2.2287561941883993,2.574071971240184,2.8223619893372693,2.5921762849291925,2.5818080351190984,2.573626200621639,2.574465455405615,2.5355560736663496,1.451662697244169,2.082321760039773
2021-09-21 00:00:00+00:00,2.2989756247897075,2.6610618984194345,2.92843325808959,2.6371262672092013,2.6694858482644053,2.660607528974423,2.661530369957992,2.6214165671089336,1.4795380801431326,2.1222065465455695
2021-09-22 00:00:00+00:00,2.246811069606485,2.5968842626754247,2.8512941173257875,2.60438941435331,2.6049740705856603,2.5964534267990085,2.597449766946348,2.5574996527458063,1.4596948623074788,2.092046013883953
2021-09-23 00:00:00+00:00,2.202637351224614,2.539533247972361,2.7853978352018545,2.576755991254353,2.5474447248760415,2.539061675924421,2.539998125770093,2.502407957656843,1.4371477912185444,2.071345452053007
2021-09-24 00:00:00+00:00,2.241615079229962,2.5853463258634144,2.8425245788709823,2.5997871120474327,2.5936449261245658,2.584821981758569,2.5859477030240012,2.547236356133622,1.4518483621787934,2.0894018782198156
2021-09-27 00:00:00+00:00,2.2416252952230007,2.584344816636526,2.8340240140815087,2.597124590094932,2.592362989659782,2.5837964689591075,2.5848463861745663,2.5439209832378653,1.4509930432261964,2.080661507708105
2021-09-28 00:00:00+00:00,2.228270585941623,2.5623689294441987,2.8051887795409374,2.584493483882828,2.570197534771392,2.5617636070717937,2.5627965707886045,2.520788020873317,1.4422690057593521,2.0660327727131635
2021-09-29 00:00:00+00:00,2.215482307023485,2.5506660215862906,2.788777411493781,2.5777295642032776,2.558369375115317,2.550066561875917,2.551122143926279,2.508377985064153,1.4394730932193587,2.0583092082689274
2021-09-30 00:00:00+00:00,2.220169606280937,2.5583525236641904,2.7924918940078607,2.5802437203531565,2.5658920688165296,2.5577654849132037,2.5588314674551795,2.5142960969646633,1.4448020558785728,2.056341820437472
2021-10-01 00:00:00+00:00,2.1998833455150173,2.5353049197682314,2.7656473090740006,2.5683480155466305,2.5427340042752924,2.5347084825926998,2.5356592776958,2.490766130111396,1.4353177585168564,2.044520091896555
2021-10-04 00:00:00+00:00,2.230183103331197,2.573099258711878,2.806928202868787,2.5863318673470648,2.5804055113057625,2.5725028443106868,2.5734147448686917,2.525550870198521,1.4480588737580204,2.05452757075326
2021-10-05 00:00:00+00:00,2.244831771136777,2.5905145970299785,2.8243109999925005,2.5944441933949935,2.597756972570958,2.589934537844765,2.5908794365074925,2.5412695881792486,1.4571188139476565,2.0600933917435365
2021-10-06 00:00:00+00:00,2.2834276521601984,2.6377751415437483,2.878069080091703,2.6172239301992266,2.6451775453486586,2.637192179881632,2.638001478219436,2.5878092725601736,1.4711979845548175,2.0790601069911046
2021-10-07 00:00:00+00:00,2.2985848523177683,2.655132865231678,2.8958177621309935,2.6244257779221742,2.6624576587516384,2.654490826777081,2.6554186809958167,2.6048311347493995,1.4741909571587568,2.0850037897297304
2021-10-08 00:00:00+00:00,2.26861942960299,2.627433860585146,2.862740180576405,2.6105072574448562,2.634443439196422,2.6268104199967794,2.6277058539051614,2.5759200680594314,1.4686648251100927,2.0683065412583463
2021-10-11 00:00:00+00:00,2.263752126414146,2.6205831400822492,2.853095659262379,2.6059033832902823,2.627343484784115,2.6199581661950204,2.6211076542734038,2.5684183085820265,1.4631871246377728,2.062084871781483
2021-10-12 00:00:00+00:00,2.247481062529321,2.6057841797126478,2.835860437455705,2.596834164459965,2.612398041120888,2.6051530344588936,2.6063555808883345,2.553343445937795,1.4556445823790782,2.0536766079790856
2021-10-13 00:00:00+00:00,2.2621445184519082,2.6263203992803543,2.8645948300491875,2.633513951375314,2.633310086532917,2.625630926370348,2.6268764026338,2.574557716800351,1.4662120187505658,2.080732057428707
2021-10-14 00:00:00+00:00,2.2346140141217252,2.594385825301188,2.828857817608511,2.5912947567593743,2.6011756943312943,2.5937425715263314,2.595150756849105,2.542990309518111,1.4387032804818718,2.043926341959903
2021-10-15 00:00:00+00:00,2.202730237000974,2.5485017530348824,2.7793859475754292,2.530522103593421,2.5551174737221176,2.547886000702979,2.549238000374629,2.499683926457263,1.4080628416506726,2.005843088097575
2021-10-18 00:00:00+00:00,2.1996912424686546,2.547004754678094,2.774867392121443,2.525734522491198,2.553374004600317,2.5463988446384382,2.547661753915638,2.4966506656660936,1.4103083384941772,1.9984237188344351
2021-10-19 00:00:00+00:00,2.184944927495212,2.5305416491199995,2.754628350484275,2.5165093629702775,2.53672378924858,2.5299318575509226,2.531269441445975,2.480417418214508,1.404842373960941,1.9893768116870443
2021-10-20 00:00:00+00:00,2.177244046329832,2.5163506680351877,2.728409948350863,2.5057928405294763,2.5219001757519326,2.515768552396494,2.517057711783129,2.4644722727002684,1.4012581558297204,1.9730858041223749
2021-10-21 00:00:00+00:00,2.168577899734321,2.5026739608382598,2.7106110482194516,2.498019142611084,2.507997125745239,2.5021078009874604,2.5033793990663136,2.4499605613546147,1.3975263814632515,1.9635316598832635
2021-10-22 00:00:00+00:00,2.212684948841117,2.551751088606998,2.7655689710235376,2.5218471851253055,2.5571530003400986,2.5511762695928297,2.552517957434172,2.4977169437627222,1.4114933980982847,1.9845041463935724
2021-10-25 00:00:00+00:00,2.1819033307089026,2.5197857052011607,2.7262537871185883,2.5051733829824694,2.5249277091896847,2.5192079300548196,2.5204894939741846,2.465775959497848,1.398087819180427,1.9672557266196038
2021-10-26 00:00:00+00:00,2.1565201827837477,2.4838445102039968,2.6844947430721176,2.4865203521715227,2.4888387828297915,2.483259571446719,2.484531646383575,2.4303790570902866,1.3839027891258446,1.9510053501955054
2021-10-27 00:00:00+00:00,2.168424395258892,2.4962951514154894,2.6985655257150722,2.491776088978182,2.5012986049862764,2.495725060572218,2.4970221508827364,2.4425736082512532,1.3892263264056575,1.9555725301074283
2021-10-28 00:00:00+00:00,2.158390421468983,2.4772921777568473,2.6776011342786545,2.4823652831527845,2.4823015773874437,2.4767107547157576,2.477993489081376,2.425344246327946,1.382891545298279,1.951150782638287
2021-10-29 00:00:00+00:00,2.152742419799459,2.473663770815237,2.678580131102395,2.482102926179539,2.478896987889789,2.473095526874364,2.4743758142191954,2.423581861110846,1.3808672681708911,1.9551719000772019
2021-11-01 00:00:00+00:00,2.15985336483778,2.4801997895564316,2.685447410174578,2.485465906640402,2.4854912169280183,2.4796129517447887,2.48093417791443,2.4302050378612403,1.3820636774933326,1.959978276338439
2021-11-02 00:00:00+00:00,2.135371003973531,2.451929998361665,2.6540482275910984,2.471441080211048,2.457192403912061,2.45132325419324,2.4525764407646955,2.404175045769682,1.3707902906939715,1.9528989111215045
2021-11-03 00:00:00+00:00,2.16836577229732,2.500610812185375,2.7080776020741357,2.4955456452406577,2.506026658541494,2.4999829324782703,2.5012255593765698,2.451227909423678,1.3835231782127646,1.9711630251437489
2021-11-04 00:00:00+00:00,2.1606328584761365,2.4921853752697776,2.701886639262428,2.4929389337779986,2.4978038541065106,2.4915491008921338,2.492745567094962,2.4434892602250846,1.3799320326019564,1.970162544661296
2021-11-05 00:00:00+00:00,2.1479736103246907,2.4796564612819023,2.688136438446143,2.486234620001997,2.485137985638571,2.4789803690000016,2.4801125030053575,2.431219556421665,1.37095101386964,1.9636216322667108
2021-11-08 00:00:00+00:00,2.1461329146111945,2.4742670851859803,2.6831478384456533,2.4839023763305894,2.4798387184590314,2.4735458336972638,2.4747614325075893,2.4264681276383153,1.366098431530398,1.9632766811897344
2021-11-09 00:00:00+00:00,2.155392300771132,2.4931880776447155,2.7050429863458367,2.493334999735429,2.498876568648141,2.492481490734583,2.4936560821268996,2.445275356571299,1.3747088105803456,1.971925275907894
2021-11-10 00:00:00+00:00,2.1639171059636806,2.4992965575263684,2.7138241748779683,2.497065386231322,2.505110925780823,2.498586045343211,2.4998923009911964,2.452517743400884,1.3751705779435952,1.978520638476655
2021-11-11 00:00:00+00:00,2.173572169137401,2.510667500529501,2.7302801248944406,2.5035009198362252,2.516570816891872,2.5098921866607102,2.511360670391484,2.463740123642901,1.376688610938185,1.984484640061756
2021-11-12 00:00:00+00:00,2.180573390655867,2.519634938019383,2.744957679246865,2.5090715215501547,2.525801019906584,2.518810358503181,2.520480439484136,2.4730486028487966,1.375556965319564,1.989383597887181
2021-11-15 00:00:00+00:00,2.19379056256211,2.5368336627449133,2.766110075488548,2.518125096684463,2.5431472131827775,2.5359926686738565,2.5375832463685457,2.491154727329642,1.3790336809992298,1.9983336655108233
2021-11-16 00:00:00+00:00,2.171309191371199,2.5072903230668433,2.73337121946095,2.502717487496588,2.5134893555988276,2.5064909230745855,2.508022634093185,2.462264783184697,1.3715268281046606,1.982798854778241
2021-11-17 00:00:00+00:00,2.152080116343614,2.4807012426504893,2.7017491824352446,2.4890335949329976,2.4866721633020017,2.4799311107388506,2.4814608190592407,2.436385043433517,1.3646515531476466,1.9724384955206657
2021-11-18 00:00:00+00:00,2.1153491137264044,2.4388293173912694,2.649558351775907,2.466982839800249,2.444396926228339,2.4381979435010304,2.439474655623644,2.3948969691535718,1.3522471062358943,1.9532568270047186
2021-11-19 00:00:00+00:00,2.1376508172748405,2.457975157190703,2.674070340256239,2.4769832919356096,2.4637394678618896,2.457320172122118,2.458667085941119,2.4150233149796883,1.3553110308944634,1.9642062533815177
2021-11-22 00:00:00+00:00,2.1629595454844748,2.486633454344771,2.7118293403985683,2.4925353469927063,2.492724193081195,2.4859894263241054,2.4874433218423566,2.444475533666353,1.3679227668749878,1.9799022378735982
2021-11-23 00:00:00+00:00,2.165332572202755,2.488431548100356,2.711175871324442,2.4918748190289346,2.49428790459175,2.4877717037269345,2.4891797479433415,2.446412021823791,1.3672255005556597,1.9785906677064369
2021-11-24 00:00:00+00:00,2.203460858338222,2.5372959279386285,2.7655880767621777,2.515408605109117,2.5431808677620005,2.5366015985188333,2.5380633573992224,2.4942033686562057,1.3823254563191905,1.9989257734818364
2021-11-25 00:00:00+00:00,2.157185803657036,2.474356608904134,2.68784307832902,2.480776999172951,2.47953863354234,2.47379980939568,2.4749604426021117,2.431843269629207,1.364701490257285,1.9678405430303196
2021-11-26 00:00:00+00:00,2.164248452818948,2.4855662998349373,2.6971585448843745,2.494201187073197,2.4905361412906863,2.4850157307824103,2.4861529039279233,2.4415231371607358,1.3672989712701369,1.966386749772155
2021-11-29 00:00:00+00:00,2.168128017351556,2.496055826903662,2.707245091494472,2.4988925677975473,2.501095142722256,2.495416900548616,2.496679499810005,2.451278364713941,1.3680933605717052,1.9701066646482497
2021-11-30 00:00:00+00:00,2.1760615354883757,2.5040697478510188,2.7172608259095252,2.5035298027476394,2.5092247981922053,2.503311121342895,2.5045312354130473,2.4593996375573917,1.3678044289824072,1.9727898546471394
2021-12-01 00:00:00+00:00,2.1457073997191625,2.4605544718188903,2.6671250644770788,2.481311945207957,2.4654577155632658,2.4597837902640993,2.460933496238364,2.4167020401536186,1.3534039680487762,1.9530258883582632
2021-12-02 00:00:00+00:00,2.1186852988891687,2.431812563151148,2.6391406643695614,2.448784516974643,2.4367625310539927,2.4310456845621315,2.4321521494875205,2.389420675072094,1.3308118692406805,1.9312039751215906
2021-12-03 00:00:00+00:00,2.095167493219159,2.399638581028294,2.6049705436936064,2.4329100019406016,2.4045780071461773,2.398879285289739,2.399968814604722,2.3588075353543605,1.3190835033571662,1.9202478255679518
2021-12-06 00:00:00+00:00,2.092682027421488,2.4006276601230554,2.604248430367836,2.4327746714909413,2.405479139583924,2.399845102459359,2.400831809941822,2.3601765370397008,1.317589563416487,1.9209135712840046
2021-12-07 00:00:00+00:00,2.0618823968714697,2.365039997976466,2.5644678225460074,2.4146376554315547,2.36976596745803,2.3642715501231555,2.365228959853593,2.325627089137087,1.3041696724513718,1.9074472415390293
2021-12-08 00:00:00+00:00,2.0537059567993143,2.358669187585548,2.5553222390929284,2.4101557636808577,2.3632516408288042,2.3579121834193275,2.3588972802867505,2.3183622731398033,1.3039655819694664,1.900809627430696
2021-12-09 00:00:00+00:00,2.0534081696126165,2.360055321110287,2.5614868859192286,2.412532421173803,2.3649623730039,2.3592897789363456,2.360291094260375,2.3208580645808596,1.3039968188109514,1.906356638544604
2021-12-10 00:00:00+00:00,2.052461885526427,2.35696272370586,2.552937410347783,2.4099822966497775,2.361712813632763,2.356199751463833,2.357190154979753,2.3175456800304817,1.3040267278922055,1.902980512500506
2021-12-13 00:00:00+00:00,2.0213437908035026,2.3201884340498764,2.508955017161009,2.3907720853697563,2.324727712043278,2.3194363117879315,2.320304495720837,2.2810361778339705,1.2922675100739758,1.8848925649439625
2021-12-14 00:00:00+00:00,1.9780996906054416,2.2725777519470802,2.4516429658633223,2.3650923753320487,2.276846033384362,2.2718608376684237,2.2725931513290907,2.233840239511589,1.2811548482946222,1.8631062860091367
2021-12-15 00:00:00+00:00,2.008066112014247,2.309096814702414,2.493117734284143,2.383207012495377,2.3132820674570422,2.3083560682061237,2.309203748920324,2.268762017416266,1.2910018098031346,1.8757532884830141
2021-12-16 00:00:00+00:00,2.0325054128729634,2.333610114957834,2.5225419898771184,2.3969924643574276,2.3379921233794287,2.3328638207366903,2.3337664172080763,2.294026872085821,1.2976426004193944,1.891464301967484
2021-12-17 00:00:00+00:00,2.033146249153557,2.3341329326451703,2.5259021541830076,2.3987877612899373,2.3387239975763356,2.333395207399434,2.3343509287040884,2.295592600875172,1.3001389730622772,1.8954221746182407
2021-12-20 00:00:00+00:00,2.0074940919877013,2.3048120699283916,2.493465488696282,2.3832544637850823,2.3092485219091845,2.3040680599946852,2.3049524115490603,2.2662820966118358,1.2902000079009892,1.881041764754935
2021-12-21 00:00:00+00:00,2.021741959578216,2.321827384500371,2.5124344670267105,2.3914293362748844,2.3262619465045176,2.3210839576957687,2.3220198763039677,2.2826155217733786,1.296509582158714,1.8867252500227143
2021-12-22 00:00:00+00:00,2.0143928844394554,2.3141005848691374,2.5003758988052036,2.386382187972326,2.3184505724755384,2.313346220580962,2.314245496903694,2.2744334319516923,1.291246983722641,1.881785484792812
2021-12-23 00:00:00+00:00,2.011657024594695,2.314726595313656,2.500639390560525,2.3864955092361226,2.319069687848745,2.3139572438020313,2.3147622950083444,2.274544627225137,1.2880206801262823,1.882437297066452
2021-12-24 00:00:00+00:00,1.9983531636763696,2.300770814024779,2.48290187375638,2.37867490436081,2.3049393955844595,2.3000095134091865,2.3008657292853005,2.2609353044074747,1.2844655007772765,1.8759889265411551
2021-12-27 00:00:00+00:00,2.000274600362542,2.30359086067941,2.4861708797010142,2.3808364093833183,2.3078180302320472,2.302851244979533,2.303702991081095,2.264914878715582,1.2874661675463226,1.882779878466062
2021-12-28 00:00:00+00:00,2.0298096028731942,2.338781757465467,2.529574478627001,2.4002737323549024,2.3433628238563187,2.338030012305762,2.3388725630267575,2.3000130828041185,1.2986300094843586,1.901358949173382
2021-12-29 00:00:00+00:00,2.036373036732865,2.349789653339589,2.544527018486006,2.406887530800812,2.354551811736835,2.34907755862322,2.3498031182994317,2.3114022808851877,1.3016363939410405,1.9089893203734323
2021-12-30 00:00:00+00:00,2.0247037542073247,2.3354791343153103,2.5284528327513778,2.399531122718107,2.3401547487064334,2.3347331921236627,2.3353584477964646,2.2977389026219504,1.297774670935483,1.9054486286748362
2021-12-31 00:00:00+00:00,2.034169300567768,2.352311783398979,2.549092769809791,2.4078748406538897,2.357098921637959,2.351506087140084,2.3521974067640734,2.314654644742357,1.2990428892719472,1.9129871795050324
2022-01-03 00:00:00+00:00,2.0561562705116674,2.372836025911471,2.5694838250227816,2.416652832933657,2.3774518814183065,2.3720103283543974,2.372644239180012,2.3344294603923412,1.304066973427632,1.9196619306640597
2022-01-04 00:00:00+00:00,2.0834097568601813,2.4056452530459453,2.611173369150134,2.4345925448468506,2.4105873582527972,2.4048316112193895,2.4054892702967186,2.3676170858902723,1.3139155816809902,1.9363740225973585
2022-01-05 00:00:00+00:00,2.099357910947815,2.426380010690221,2.6330392263240285,2.443530264500214,2.431413411207348,2.425607115861397,2.426176897179377,2.385456918919552,1.3227232727595117,1.9386411717703853
2022-01-06 00:00:00+00:00,2.0854762805698086,2.412287824581439,2.6154479410499274,2.426775530663788,2.417151118657668,2.411482474817519,2.4120237411975647,2.3717209500179828,1.308008040260652,1.9288140863080603
2022-01-07 00:00:00+00:00,2.09780181190725,2.427718884039702,2.6362096673496063,2.452961882298538,2.4328295026526154,2.426906670244358,2.4274252848443894,2.387612688414308,1.3167621480431235,1.9488585768890996
2022-01-10 00:00:00+00:00,2.0860116574850354,2.415486013061128,2.621467867664994,2.4363336755423712,2.420429606026203,2.4146419276154627,2.4150128731464218,2.3744147703354903,1.2983595932733973,1.9289868151145637
2022-01-11 00:00:00+00:00,2.08925975719295,2.4189251017978957,2.6260286400716155,2.4435909995919682,2.4238971023166838,2.418093244634888,2.418502167341994,2.3781389131021844,1.3056421183473617,1.9335631514330303
2022-01-12 00:00:00+00:00,2.0617659819016625,2.384499481878905,2.5902136674998433,2.4018807757257092,2.3894922846633424,2.383673630221964,2.384071103476294,2.3463717812383877,1.2927164112490896,1.9207221345505996
2022-01-13 00:00:00+00:00,2.0440364723397955,2.3603417914679223,2.559633981435527,2.36191933603648,2.3649502809674203,2.3594903210582543,2.3598939579031915,2.320900972231265,1.269393886675467,1.8841279741468737
2022-01-14 00:00:00+00:00,2.037777790819778,2.3506944659222944,2.5510912524676566,2.3521392438665347,2.3554513064817626,2.3498619368213833,2.350233994832005,2.3111567750383077,1.264943153017651,1.8796277554572653
2022-01-17 00:00:00+00:00,2.06007036082518,2.3724972614699937,2.573141676842121,2.3614667461288197,2.377155292774471,2.3716699597401036,2.3721039827361707,2.3318235814814092,1.2719461726404768,1.8869709081181103
2022-01-18 00:00:00+00:00,2.0493963630131278,2.3603678514668336,2.5584976717402017,2.3520525909166015,2.3648403726870133,2.359552874918936,2.3599971772786885,2.3202971249694753,1.2682092193790448,1.8797243744602052
2022-01-19 00:00:00+00:00,2.0612056966772045,2.375694668453456,2.574767878822023,2.3718039015814996,2.380087228064284,2.374878529773992,2.375388572119316,2.3347668234558667,1.2799885856679918,1.8915673643765814
2022-01-20 00:00:00+00:00,2.0533060243955332,2.3671614313568243,2.5670209639323125,2.36217995330874,2.371631753754539,2.3663326442949217,2.366905379009952,2.325744051804486,1.2679017101590175,1.8806482994507854
2022-01-21 00:00:00+00:00,2.037992346618837,2.3481436062333905,2.546312833886585,2.3377436513074668,2.3525656649876474,2.3473598063228707,2.3477600831843937,2.3078157778263977,1.2642016511866,1.8712780278394394
2022-01-24 00:00:00+00:00,2.0265864568434093,2.3394147596208548,2.538864902069645,2.3284256047873244,2.343981446440245,2.3386217318826485,2.3391297833363587,2.2988526233712703,1.2566392955637578,1.8664564243647919
2022-01-25 00:00:00+00:00,2.0235732490535714,2.330880860806556,2.5270157222357006,2.3100767660880144,2.335442186188109,2.3300949117679814,2.3305287935897594,2.2906666464758363,1.2514615618787333,1.8524517407429937
2022-01-26 00:00:00+00:00,2.0004551897893954,2.304569678340782,2.5005312647148474,2.2809261032800965,2.309118060153549,2.3037944075836787,2.304133029439027,2.2651093223178065,1.2438672400370951,1.84233997094139
2022-01-27 00:00:00+00:00,2.0168199106466314,2.3232541314200126,2.5225122077352946,2.290226698993333,2.3279055086323357,2.3224697980946005,2.322757144544763,2.2827287200411908,1.2503431708518613,1.8515267058999345
2022-01-28 00:00:00+00:00,1.9950954466754143,2.296202152706817,2.4892393325565427,2.276196389410269,2.3006109947376516,2.2953948685123167,2.295641313993473,2.2549801318683755,1.2402462530177143,1.833635619679714
2022-01-31 00:00:00+00:00,1.9915453734406205,2.2944909326565437,2.48389801044528,2.273932176655598,2.2987143381744573,2.2936524562375853,2.2938780762016635,2.2512517201237348,1.2378329447639618,1.8269975352540984
2022-02-01 00:00:00+00:00,2.0219330243216325,2.330392054256925,2.524068814017696,2.291422063446039,2.3347037250267997,2.3295613997538758,2.3298895331611527,2.2864643471471613,1.2501558640164296,1.8426106803690134
2022-02-02 00:00:00+00:00,2.014732302872372,2.3212743236556124,2.5171469366881447,2.287244713684633,2.3256874247510675,2.3204533401213867,2.3207520961302333,2.277865502178044,1.246779331859498,1.8402107924734796
2022-02-03 00:00:00+00:00,1.9864570356563003,2.2904868484678875,2.4813151862158,2.270926873520671,2.294698607038249,2.2896669439221173,2.289976498719644,2.247331847149708,1.237083475244536,1.824532499465037
2022-02-04 00:00:00+00:00,2.0235263437984763,2.3296691639228744,2.527175093235996,2.290680681403875,2.334023026364502,2.3288140451932176,2.3292568768852675,2.284913732999006,1.2455391324347733,1.8414665537943444
2022-02-07 00:00:00+00:00,1.9850226094177639,2.2916205722465706,2.485203741735101,2.272870403757481,2.2959909240966043,2.2907967271184133,2.2911796392003345,2.247999173460872,1.2372305956389478,1.8253155306676172
2022-02-08 00:00:00+00:00,1.954802293605816,2.2582923920984967,2.4460351449781728,2.256776755699776,2.262559634132441,2.2574872412746574,2.257792644982198,2.213792142167602,1.2264138329314243,1.808066933084611
2022-02-09 00:00:00+00:00,1.9983844110597493,2.309169924694845,2.506308244889729,2.2826656242178975,2.3136999655899353,2.3083127414323696,2.308720268586864,2.264358278351629,1.23947773390767,1.833790661796907
2022-02-10 00:00:00+00:00,1.9926730501245722,2.3038182577282127,2.4981919758774453,2.2796663118899003,2.308250340621039,2.3029609836267144,2.3033500800633204,2.2588129657976737,1.2370634842010115,1.8294900153675746
2022-02-11 00:00:00+00:00,2.012514466619635,2.333681975557752,2.531931599863345,2.293747689789622,2.3383088021044096,2.3328520121845147,2.3333473828561684,2.2874215718373176,1.2495080304837665,1.8412384804401263
2022-02-14 00:00:00+00:00,1.9791654866482864,2.2909642297448727,2.483234637744104,2.273205736966211,2.2954376498565607,2.2901848063792025,2.2906660359621482,2.2462537849034927,1.2364098366338612,1.8243210134869021
2022-02-15 00:00:00+00:00,1.967407236350701,2.280249249900414,2.4733469082636828,2.2690605260084906,2.2847608369819286,2.2794489003876643,2.2798793992750483,2.236073678772154,1.2304622094415976,1.8217446891392786
2022-02-16 00:00:00+00:00,1.9593364539882745,2.2708581361786893,2.458596114318367,2.2629959131238904,2.275067709583482,2.2700523980701672,2.270546210671061,2.225367801874658,1.2248888562851605,1.8124190702319476
2022-02-17 00:00:00+00:00,1.9565300469140439,2.2697758291628958,2.4612313761328077,2.263177759501587,2.274233218803025,2.268969058571709,2.2694152490479147,2.225418130387046,1.2234267996560155,1.8145114072346598
2022-02-18 00:00:00+00:00,1.9614067892095743,2.274153646451632,2.4662652437990054,2.2648801403320733,2.278605760549216,2.2733768682465247,2.2738816254003917,2.2293493264569593,1.2277924988155369,1.814809154240184
2022-02-21 00:00:00+00:00,1.966335952902126,2.280504804629976,2.4717286250235744,2.266757143899113,2.2848472638896866,2.2797491457641246,2.2803556964654077,2.235068470700836,1.230161103016983,1.814640181239331
2022-02-22 00:00:00+00:00,1.9756194456739664,2.2891435128104574,2.478095235551771,2.269961473889287,2.2933456362017224,2.288348455169794,2.288935133706035,2.2437071886805615,1.2302024135600904,1.819023475084332
2022-02-23 00:00:00+00:00,1.9822930755098587,2.2994079116587915,2.491798485298881,2.275257394776185,2.303768359330543,2.2986764671634026,2.2992536012048146,2.253618150205923,1.232911287157228,1.821367612308547
2022-02-24 00:00:00+00:00,1.9640010871827598,2.2777826508452472,2.468423732972825,2.2644562148257474,2.2821906350080616,2.2770316172570473,2.2775943045131815,2.2326808008778714,1.2269155065381523,1.8129590756640586
2022-02-25 00:00:00+00:00,1.9876221297935235,2.3081515084272213,2.504056553056663,2.2786643407644394,2.3127131451898375,2.307442447633571,2.3080701881635046,2.261913052276307,1.237049568986337,1.8230973668936281
2022-02-28 00:00:00+00:00,1.972770282120435,2.2947296839307585,2.487199525835693,2.2707244928021337,2.299097025178907,2.2939896710931347,2.29471778097205,2.247685871206745,1.232113316220873,1.8119392472195874
2022-03-01 00:00:00+00:00,2.0026971554314716,2.332710009376614,2.5327560153116173,2.2902450534308807,2.337395568196485,2.3320057202384388,2.33286809811091,2.2858578501242173,1.2450082635075777,1.8318920734080089
2022-03-02 00:00:00+00:00,2.010623815840164,2.340226454070886,2.543081768183326,2.2948046638127253,2.3450316896660692,2.33955986070865,2.3403781346771995,2.2945598449437115,1.24694518581469,1.8389553251041173
2022-03-03 00:00:00+00:00,2.0646053852613426,2.41304680254904,2.6303643626009547,2.331235222691893,2.4184248869686296,2.412365377291724,2.413275702660069,2.3677731327950777,1.2693160517147222,1.8724901079931502
2022-03-04 00:00:00+00:00,2.0913795095727377,2.446899169101013,2.6733430621524144,2.3477946957299434,2.4526944133647923,2.4461909660190613,2.44717435951922,2.4005406536363703,1.2785255315724116,1.8846991035221228
2022-03-07 00:00:00+00:00,2.124950261101323,2.493645859672931,2.729360200240553,2.4139070116190973,2.4998184277785156,2.4929307259214974,2.493967517624713,2.4460374702694074,1.2913481282351331,1.9055005553333924
2022-03-08 00:00:00+00:00,2.1467443965662425,2.521346647847846,2.7623811410324306,2.4511452905432245,2.5278467236642133,2.5206258492280407,2.521622744625071,2.474769304833944,1.3090813073756435,1.9366164208619099
2022-03-09 00:00:00+00:00,2.1466992015585378,2.5259439557676506,2.770187312767114,2.4581105722138363,2.5326923848793323,2.5252237704094367,2.526241990753352,2.480640283044008,1.3089562875103786,1.9414026379468148
2022-03-10 00:00:00+00:00,2.108687345842524,2.474786965405132,2.711405603093632,2.404682153929208,2.4812584761944447,2.4740828725602233,2.47504310008711,2.4315908075976167,1.2708928419327954,1.8921092855992934
2022-03-11 00:00:00+00:00,2.1099858737492934,2.4859998182527674,2.7236820213776154,2.419855815036038,2.4925103183566324,2.4852835593548424,2.486274292668445,2.4420351889366176,1.272072399908782,1.8954977118412015
2022-03-14 00:00:00+00:00,2.134212571502991,2.518184358806855,2.763046511693261,2.468259302975661,2.524947758944514,2.517462061286739,2.5184864168667156,2.4742026293958204,1.2809000109596076,1.911126837623995
2022-03-15 00:00:00+00:00,2.141697040471015,2.528629179022127,2.776444804496248,2.4842480965904463,2.535526872171046,2.527905558729931,2.5288970325351676,2.4851843058108884,1.287109902551345,1.9244527736473984
2022-03-16 00:00:00+00:00,2.127456339710208,2.5050010909158846,2.7472942812350647,2.457425913217932,2.5116833477768057,2.5042814505027775,2.5052463895158406,2.4612642396148443,1.2713318094764041,1.8935897489205529
2022-03-17 00:00:00+00:00,2.1396720583925783,2.521622807324342,2.767247200375484,2.481754302544284,2.5284837872251225,2.520924730998305,2.5219294330573336,2.477988238293906,1.2886843179511382,1.9111487660614768
2022-03-18 00:00:00+00:00,2.1448207996981736,2.525425725835336,2.768636690873113,2.480586024698624,2.5321033641611415,2.5247418887481876,2.5258058581192793,2.4810527898207138,1.2892530394479305,1.9084266757816586
2022-03-21 00:00:00+00:00,2.11791113468554,2.4943274262507913,2.7325399625530045,2.4362493228089375,2.5007952907107325,2.4936687279598204,2.4947280988259766,2.45227567972377,1.2699405876334104,1.881549601503536
2022-03-22 00:00:00+00:00,2.168187561883679,2.552937992773794,2.803769855988338,2.519035098279377,2.5600389585401433,2.5522615151360206,2.553340641385227,2.5106643322859457,1.3116648784810436,1.9484899958496218
2022-03-23 00:00:00+00:00,2.1414113121131835,2.5218308711648394,2.76624175895523,2.474467961311218,2.52851672812454,2.5211541130122455,2.5222113341579124,2.479729532747382,1.288808694566431,1.9150974840540702
2022-03-24 00:00:00+00:00,2.187848825364029,2.5847181471746916,2.8434239298271886,2.5662443494080334,2.5920324028511494,2.584021136030898,2.5851636129942506,2.5436143507548135,1.3063027387335604,1.9503420777828344
2022-03-25 00:00:00+00:00,2.2388303542436225,2.6506914042352245,2.921049496233329,2.6588516081513567,2.658526026797094,2.649988222104662,2.651150162645461,2.6093217089691554,1.3560956917693794,2.027059356445927
2022-03-28 00:00:00+00:00,2.2447272513105565,2.666087810096057,2.9367670743414243,2.677469406248784,2.673886043755341,2.665370335767297,2.6665338055231236,2.6235926904170763,1.3664746605448512,2.035668142494722
2022-03-29 00:00:00+00:00,2.2186915682419674,2.628478021833537,2.8909662132479896,2.6221249018705994,2.6358934546939876,2.62775862896254,2.6289086211659716,2.586909833750112,1.355103288346645,2.016558854848289
2022-03-30 00:00:00+00:00,2.243426903646478,2.6564031851116683,2.925936194173111,2.6536550770247818,2.6641169144769603,2.6556983846684648,2.6569553781207422,2.6143513472211732,1.3804598982162557,2.050152445641916
2022-03-31 00:00:00+00:00,2.231224058985306,2.6417929777740845,2.908976444555493,2.6343258475896913,2.649371554470812,2.641089176433593,2.6423193231883157,2.600076059958432,1.362464743943709,2.0371693275329186
2022-04-01 00:00:00+00:00,2.2517533706971067,2.67280905186621,2.944908938520823,2.679264973151412,2.680508250725219,2.6721059369504543,2.6733605653098858,2.6311430263063804,1.3890827748872059,2.0790627931229584
2022-04-04 00:00:00+00:00,2.2476552136829238,2.6660850285934874,2.935614367651879,2.666893831037469,2.673691797104333,2.665380759242048,2.666633995512714,2.6230892521363467,1.3812326795991572,2.06386203517721
2022-04-05 00:00:00+00:00,2.2885300861754634,2.7126919892640124,2.988764194456615,2.729332502489914,2.720471659378167,2.7119575179242874,2.7132356036147156,2.670256539096261,1.4150669699106733,2.115839725993538
2022-04-06 00:00:00+00:00,2.3069326732104396,2.729961371663175,3.008911395119767,2.755134176239383,2.7377321104786208,2.7292142919453317,2.7306117248211295,2.6857764440476433,1.4263908669705592,2.132329049994195
2022-04-07 00:00:00+00:00,2.3208915235778,2.7504453295986946,3.031693160228744,2.7834952880562653,2.7582750724348286,2.749710224190866,2.7511802299322854,2.7051342278031414,1.4316325437542234,2.1422790631785924
2022-04-08 00:00:00+00:00,2.2735596777444873,2.6882332359733803,2.959349532747254,2.6942238197010506,2.6958032043760385,2.6874982108749714,2.6887467425961424,2.6453789390220486,1.382344544272453,2.077852707347573
2022-04-11 00:00:00+00:00,2.2732305417942715,2.684329395146374,2.953537353602879,2.6861950305282036,2.691819840992956,2.683609690737819,2.684997111026085,2.641952715805539,1.379811126620426,2.075714551787515
2022-04-12 00:00:00+00:00,2.246823363290859,2.653955858638338,2.9176916974874274,2.6439816749587113,2.661233983396397,2.6532437305985783,2.6545716019411776,2.6124917095910005,1.3703989717777367,2.062089480491381
2022-04-13 00:00:00+00:00,2.255070259300897,2.6766767856895473,2.94063146982093,2.6635551203581547,2.6838670707876147,2.6759392463452,2.6773525679990096,2.6321497375154386,1.3862899594698102,2.0708819909147502
2022-04-14 00:00:00+00:00,2.2561446049043745,2.680636077473532,2.9474425030244276,2.673782494903911,2.6879650711254124,2.6798937576918873,2.681428819391322,2.6359240004067677,1.3854343903591948,2.0782949494808673
2022-04-15 00:00:00+00:00,2.2832116858254348,2.7167902623463234,2.9909387126615474,2.7259903766486504,2.724353156079977,2.7160622624472883,2.717697913922971,2.671075064773696,1.4134583982961957,2.1203386603278767
2022-04-18 00:00:00+00:00,2.26901963990913,2.699675929569023,2.9654641242329665,2.6945062065158396,2.7068267225627,2.6989305972077706,2.700582389156834,2.6512849173044857,1.3978366353467544,2.080363792573278
2022-04-19 00:00:00+00:00,2.2476245544931404,2.6732038097301793,2.9348360118163717,2.659630531702241,2.6801051497103496,2.672484233881142,2.6741085916141176,2.62544754939655,1.3895338608040912,2.069775495189814
2022-04-20 00:00:00+00:00,2.229300791794568,2.6535070126135443,2.9097559681204723,2.628770193752718,2.660265655877088,2.652825424119066,2.6543036453929227,2.605086603856163,1.3724361080243048,2.040266943311819
2022-04-21 00:00:00+00:00,2.215917268792918,2.6369294667341703,2.8914933494379564,2.609379653732358,2.643521790823819,2.6363038323307193,2.637735077316286,2.589243295712167,1.3648527217035638,2.0261523593443966
2022-04-22 00:00:00+00:00,2.2083528217907054,2.626793985910616,2.87711968876882,2.590930566554773,2.633558670991944,2.6261941340528003,2.627582695586155,2.5787720950991626,1.3608963568895127,2.0191654705849524
2022-04-25 00:00:00+00:00,2.229065019155049,2.6474137935987185,2.8959520823779696,2.6072874988795927,2.6539231860353842,2.646847452981779,2.6483018453135614,2.597223571937452,1.3701422524820952,2.0239435610164174
2022-04-26 00:00:00+00:00,2.2714312037016593,2.701540789000626,2.9637711167538128,2.6352783174517977,2.7085999501859743,2.7009918948109815,2.702519956928028,2.651096407076488,1.387854088307957,2.0544382747799097
2022-04-27 00:00:00+00:00,2.232269889042929,2.648386233062129,2.8970030848128587,2.6067740923143523,2.654822374480092,2.6477426177978214,2.64902148767077,2.5983619201182537,1.3671825537044284,2.0260328196333286
2022-04-28 00:00:00+00:00,2.25095945351924,2.6738145604376253,2.9245496188746207,2.636981182650755,2.6801777714645394,2.6731374999713626,2.6743715042888327,2.6228677227000277,1.386239075214414,2.045971481860418
2022-04-29 00:00:00+00:00,2.2642454288156233,2.6903756381006314,2.9458958863662854,2.645563330134017,2.696852440143286,2.6897046385662735,2.6909846520946332,2.6403631831646224,1.3902906327872389,2.058303687600879
2022-05-02 00:00:00+00:00,2.2792572617425284,2.715372763212387,2.980555678136992,2.660661448844482,2.7225175780597364,2.7146653978926585,2.715863908922559,2.6661903980201256,1.3947957503155346,2.0746239100295716
2022-05-03 00:00:00+00:00,2.2672348469478476,2.6993196576541867,2.9635145485562076,2.6506585155755857,2.706609457441588,2.698591954210927,2.6998326572594493,2.6497816596852806,1.3900613393765944,2.064193765161065
2022-05-04 00:00:00+00:00,2.2942633435451327,2.7345783498784377,3.0051699528494553,2.7021806871849425,2.742090133934426,2.7338084754157492,2.735080201748165,2.6840118394145005,1.4175196777926562,2.0999025892897145
2022-05-05 00:00:00+00:00,2.29355511251371,2.735811303562782,3.003424781729167,2.7009242773040865,2.7429873533474742,2.73495183077874,2.7362198423827198,2.6835175287691193,1.4153690712123297,2.0970496549813973
2022-05-06 00:00:00+00:00,2.2590665889293837,2.6886643030553845,2.949075791025063,2.6775165468008324,2.695547848246939,2.6878447097307117,2.688989449216029,2.636959299370453,1.403098977187166,2.073577206262864
2022-05-09 00:00:00+00:00,2.217066892790963,2.6285788839281348,2.8809906571389177,2.647766319249193,2.6352394960418355,2.6276370075972686,2.6288487244328897,2.578228700834216,1.3831107710011101,2.0479438272120043
2022-05-10 00:00:00+00:00,2.238308207318246,2.6580785202209656,2.9164037258568793,2.662798122614879,2.6649101879923487,2.65714183864759,2.6583856889106987,2.608551598990887,1.391866325770395,2.0660034715893705
2022-05-11 00:00:00+00:00,2.220836857738573,2.6319928461469764,2.8864450994498743,2.6492124555323873,2.6386420777029818,2.631038996062502,2.6322625938344384,2.582427838897391,1.3825857267652166,2.052723361679032
2022-05-12 00:00:00+00:00,2.2140225004304797,2.6162835377540783,2.870824693075235,2.6424605584076883,2.6229295344675276,2.6153243947319815,2.616503543224989,2.5676478704621544,1.3768277968241127,2.04848706510419
2022-05-13 00:00:00+00:00,2.215897519798773,2.622106987417934,2.8779950604742117,2.646425963590784,2.628910446842729,2.6211740247042123,2.6224959173101388,2.5736235082853502,1.3808783500394795,2.052419775492765
2022-05-16 00:00:00+00:00,2.227322510994828,2.6416991320559053,2.901818824846267,2.657114676955931,2.6487156006802124,2.6407628791802384,2.642080952523716,2.5929199149469904,1.385534193152823,2.061669115783408
2022-05-17 00:00:00+00:00,2.2139011864830622,2.6278583957910264,2.8827913223127415,2.648692579276105,2.634683566176093,2.6269212686376395,2.6282540093003655,2.5786375332261002,1.381581232391567,2.053724827597578
2022-05-18 00:00:00+00:00,2.1878760706867784,2.592357402099647,2.8398941589048237,2.629767451463426,2.59900778919601,2.5913579536219724,2.592596827367336,2.5431935999939155,1.3686590200873987,2.037063461259003
2022-05-19 00:00:00+00:00,2.1840555171768656,2.5878475342122167,2.8305220598493768,2.626991506767072,2.5943718440749883,2.586767002019495,2.5879462608760178,2.538415441894873,1.3643007666377283,2.0344385233344027
2022-05-20 00:00:00+00:00,2.19642280917385,2.596247730636795,2.8382527058996874,2.6303562148729323,2.6027015525102466,2.595171699969502,2.5964047193454434,2.5455408138081173,1.3676586705962632,2.0353694605437016
2022-05-23 00:00:00+00:00,2.197236138515392,2.597816632345664,2.83927671205994,2.6301637170065484,2.6041451368512796,2.59673754335993,2.5979572446367754,2.5463888278383404,1.3672036985011318,2.032973720152491
2022-05-24 00:00:00+00:00,2.2092390265227957,2.615707654553106,2.8635534707331445,2.640183432487596,2.6222164468111946,2.6145938348663664,2.6157321846010624,2.564477884127624,1.369904199534009,2.042509168793573
2022-05-25 00:00:00+00:00,2.216917181698486,2.625216059393625,2.8754994696371305,2.6458969756011532,2.631980722576814,2.624113619747155,2.6252727520721626,2.574070216791881,1.3725698004540479,2.0474283728590814
2022-05-26 00:00:00+00:00,2.2119315459181785,2.6189458964940813,2.87084387540732,2.6431377858582112,2.6257414509213053,2.6178435103995814,2.6189899069539937,2.567565238244927,1.3691730125626247,2.0435958948080777
2022-05-27 00:00:00+00:00,2.220415754735129,2.627435734395581,2.8839336520219736,2.6489221185683256,2.634198388647646,2.6263079561952107,2.627521513290759,2.5762115340216716,1.3703808358213474,2.0495696929842193
2022-05-30 00:00:00+00:00,2.196947592649521,2.587067959515298,2.8341267862827455,2.6268350641377607,2.5939122631044023,2.586049898640692,2.5871904952392866,2.5359433020745388,1.3595850609298703,2.0282717184856938
2022-05-31 00:00:00+00:00,2.1464163803700345,2.521385759924887,2.756367879919346,2.593746259885698,2.528007769807314,2.5203129437623066,2.5214200330114145,2.471078109048927,1.3402473362044152,2.000477689185554
2022-06-01 00:00:00+00:00,2.1330301925207578,2.50184099885592,2.730326360344978,2.582789179733755,2.5082705920453696,2.500727570046124,2.5017429554436164,2.4509861223200136,1.3312359273328065,1.9905016969548401
2022-06-02 00:00:00+00:00,2.121242080073889,2.4824135648693746,2.7064079717824154,2.5729140043778096,2.4887909374318884,2.481317181272951,2.482305322349079,2.431397157274319,1.325123074789439,1.9811026079711624
2022-06-03 00:00:00+00:00,2.1105374666186494,2.474474538987099,2.6990183181416927,2.569972549754821,2.480944726760732,2.473403301847772,2.47442115428377,2.424683158118157,1.3235141550297285,1.9823532333997373
2022-06-06 00:00:00+00:00,2.1389082685987395,2.513317410386194,2.74274488761456,2.5898673276713366,2.5199471424308864,2.5122510857412355,2.5133482955662214,2.462765525827292,1.3360509536942362,2.0004430735417413
2022-06-07 00:00:00+00:00,2.1294690792053035,2.502622360913197,2.728593602982917,2.5837855433973123,2.509113869015741,2.501550350037527,2.502584154511319,2.4522485700290293,1.331732077093678,1.995781633912747
2022-06-08 00:00:00+00:00,2.098407612897836,2.4678504884851087,2.688262482769859,2.5664785377099673,2.47424603633008,2.4667577940679326,2.467768853969395,2.4185719879645227,1.3190877807564871,1.9840110971016798
2022-06-09 00:00:00+00:00,2.110062866599564,2.482890436084057,2.7057143985815237,2.5742916339812614,2.4893764053536205,2.4817699430901192,2.4828081558632187,2.434257185050675,1.3224204666237038,1.9928083058903887
2022-06-10 00:00:00+00:00,2.1481551910565417,2.532149278310762,2.7644981816509415,2.6011703089439786,2.5389837954014998,2.5310353274430084,2.5321604218864917,2.483350911642063,1.3394815551498929,2.015795103268049
2022-06-13 00:00:00+00:00,2.177749086329217,2.571427513277738,2.8082537303046187,2.620008914654552,2.578195969003859,2.5702479873360775,2.571279405739462,2.5201962405368343,1.3470995942820303,2.0260705823318967
2022-06-14 00:00:00+00:00,2.1625297350195916,2.5472949715604725,2.778371621458701,2.6073788833695466,2.553847743519217,2.5461397260504723,2.5472269834152823,2.497689433962261,1.3380314632838552,2.0190322354805414
2022-06-15 00:00:00+00:00,2.1792762554523835,2.570524826309197,2.8059246396524493,2.6183015331000954,2.5772089405026177,2.569390640563234,2.570490241143838,2.519030266338618,1.346731693194479,2.023877154266413
2022-06-16 00:00:00+00:00,2.1784078636445967,2.570542752219606,2.8047496643727294,2.6176884067095543,2.577028537571766,2.5694345709625597,2.5705154500292204,2.5189390099217817,1.3483185307442949,2.0232250110335497
2022-06-17 00:00:00+00:00,2.184974068958317,2.581102478417696,2.819541939926096,2.6227589886504674,2.5877970103583623,2.579951855446116,2.581052374746382,2.530260849687947,1.3497518082446964,2.0275848169288206
2022-06-20 00:00:00+00:00,2.189321390445713,2.5885765774015423,2.8318156973812805,2.627916663193937,2.5955228632419596,2.5873756624383883,2.588491553881929,2.538975371576549,1.349191589955427,2.0349557233207918
2022-06-21 00:00:00+00:00,2.2146267226821528,2.6233255868524714,2.8735117895531723,2.6464773092589633,2.630523457093582,2.6221194200078504,2.6232605006652983,2.574188184839669,1.3597876180814454,2.0536788689047
2022-06-22 00:00:00+00:00,2.24787756916245,2.660362802192499,2.919284658770191,2.6664322225500316,2.667818013338369,2.6591482407627134,2.660251902497981,2.6121407760960387,1.372808733845812,2.0733725812372117
2022-06-23 00:00:00+00:00,2.2088503830630515,2.616857619995422,2.8671479291783957,2.6420778498906445,2.6239264314217414,2.6156016700686653,2.6166816842171365,2.5680955451157867,1.3551069074409672,2.0488780804978868
2022-06-24 00:00:00+00:00,2.2270609509003725,2.6428499703909902,2.896984312322613,2.6690398773696784,2.649993781016095,2.641586902621883,2.642843597424225,2.5920447309148065,1.3742583024501,2.0684370865414428
2022-06-27 00:00:00+00:00,2.2143313802135283,2.6226198931867155,2.873363259179325,2.658324727437762,2.62984746837548,2.621375100847314,2.622644363602366,2.5731677357043004,1.367867744168367,2.0602810254498043
2022-06-28 00:00:00+00:00,2.2263029150656126,2.637889402527818,2.891321103413571,2.666072344497577,2.645170150815541,2.6366315765657755,2.637909552551832,2.5874637091873303,1.3725385444471006,2.067108493106069
2022-06-29 00:00:00+00:00,2.2193719057152292,2.6278884148345236,2.8816780793628554,2.6612462080899877,2.6352645034448576,2.626658811429995,2.62786287568915,2.5784629013647873,1.3705140674037157,2.065134180406487
2022-06-30 00:00:00+00:00,2.223765470045283,2.635130873654501,2.8914248107323157,2.6713216093535763,2.6426623481742952,2.633898833042899,2.6350823409276773,2.585321217444176,1.3721266887995496,2.0680216913360727
2022-07-01 00:00:00+00:00,2.2411799089154774,2.6635970694640996,2.9264197596947783,2.7149498373288723,2.6712128651115994,2.6623579025372206,2.6634465603646227,2.6148171620992366,1.3969435114035336,2.1030017064609803
2022-07-04 00:00:00+00:00,2.286412545038922,2.7149233730090443,2.984736404089889,2.7851945912374423,2.722820272192025,2.7136695162633897,2.7148395737442987,2.6638018698314987,1.4340101716052782,2.150532254910582
2022-07-05 00:00:00+00:00,2.2818213977048654,2.716231825469285,2.986215800782727,2.7883420044532197,2.7240382782250743,2.7149510948250017,2.716142032113657,2.6663473387316845,1.4304172207891952,2.152683317002266
2022-07-06 00:00:00+00:00,2.2504572486156538,2.6742816186338327,2.9349895732663533,2.725807904649711,2.6816656023340117,2.6730145865314006,2.6742419272417273,2.62463850587782,1.396348660003933,2.1052979363520232
2022-07-07 00:00:00+00:00,2.259384028469299,2.691189590848168,2.9517667539440526,2.745403297440598,2.6985472360264144,2.6899156008888907,2.691171280967786,2.639896195022412,1.4092811435597126,2.1135274975886738
2022-07-08 00:00:00+00:00,2.3129492077464295,2.759165562279627,3.032798593978086,2.843650994599936,2.7670991914999488,2.757875582217993,2.759209943395292,2.706565277691905,1.4595716107354957,2.1848162964254145
2022-07-11 00:00:00+00:00,2.288890961746657,2.7266729571417514,2.9968190697019255,2.797351140844075,2.7346027181330563,2.7253930993883424,2.7266034520666445,2.6753855167953478,1.4279042347798088,2.147231918600684
2022-07-12 00:00:00+00:00,2.2886736288114884,2.7318422339232726,3.009402027638512,2.812590091791658,2.740208239374011,2.730561216691602,2.731684605267833,2.6825832236016502,1.4228474205879351,2.167410785852889
2022-07-13 00:00:00+00:00,2.289284125083258,2.7305052494517112,3.0058990658927573,2.807720665894563,2.7387531585060265,2.7292102245271694,2.730454598379562,2.680063218149633,1.4148499571710358,2.158872579593114
2022-07-14 00:00:00+00:00,2.269201224395777,2.6980228048693027,2.967806620883599,2.761627349087892,2.705963180606552,2.6967380528592706,2.69795415326152,2.646374854636735,1.3912719912267353,2.1160717297278704
2022-07-15 00:00:00+00:00,2.2993260100488855,2.737024922685031,3.0197751159612167,2.827143393001401,2.745669551850068,2.735701149346731,2.7369376117189717,2.684627773818305,1.4098568689579378,2.1648117727372305
2022-07-18 00:00:00+00:00,2.2774233627224385,2.7110339947273556,2.985810167560563,2.7850163781465267,2.719220573212199,2.7096843798857573,2.7108978425831767,2.6574056618845727,1.390190809939882,2.1250744433198276
2022-07-19 00:00:00+00:00,2.333239945775182,2.774089549608263,3.0618749434942627,2.875993029208514,2.782931342645551,2.772868490193936,2.7739182031210303,2.7197147188222184,1.4418638945067617,2.195171853586526
2022-07-20 00:00:00+00:00,2.35363281933518,2.801478228275879,3.0966694477579786,2.9186240740546583,2.810713729745328,2.8002164455158804,2.801318559944878,2.7473743166395086,1.457838867254992,2.232095261891569
2022-07-21 00:00:00+00:00,2.349718067370496,2.798294027395084,3.0969797245831883,2.920794212685395,2.807724822025944,2.7970492127679214,2.798175812801199,2.745718304067832,1.4580156970343248,2.2362165953999757
2022-07-22 00:00:00+00:00,2.35237930582151,2.8019084447418487,3.101808577145887,2.9242746053068194,2.811420340099737,2.8006121875220407,2.801576063777835,2.749943897089613,1.4457224866868092,2.2357527339719465
2022-07-25 00:00:00+00:00,2.298625489910134,2.7285920077370083,3.014123852167485,2.8113385771695274,2.7375614612485624,2.7272983167575684,2.7281310783154926,2.6763689748704205,1.419530717014291,2.188462611808464
2022-07-26 00:00:00+00:00,2.3255008999897266,2.762711346567815,3.0512762454872244,2.858727831610409,2.771682801353101,2.7614351397682793,2.7621879375991774,2.7092918546611995,1.4495244914666747,2.222601184054461
2022-07-27 00:00:00+00:00,2.3321512623194485,2.771956145714678,3.060534069419238,2.873389589419988,2.780688082934265,2.770705522971081,2.7714397137327045,2.717293075455544,1.450475522290376,2.225079223067311
2022-07-28 00:00:00+00:00,2.3240511088400475,2.763106825122952,3.0501387546516145,2.8627519217674835,2.7716110161292247,2.7618611101438213,2.7625962303876923,2.708571585038232,1.4470611465673413,2.2191811942201984
2022-07-29 00:00:00+00:00,2.3180679772882766,2.7526903645206144,3.0385318244993997,2.84658130081627,2.7612328139607425,2.751423173640858,2.7520984487045377,2.699451858742501,1.4306115202817777,2.207184415185302
2022-08-01 00:00:00+00:00,2.335449912110144,2.7787304777545443,3.0701719236326523,2.886294339005737,2.787402930103127,2.7774540574956714,2.778140083336235,2.7242235823605574,1.4373176550831799,2.220938549277422
2022-08-02 00:00:00+00:00,2.3486009841690962,2.79245192108189,3.079739005022255,2.896022748655301,2.800825557201339,2.7911691675697816,2.791931301106426,2.7365517386161264,1.4415462841254443,2.2228960988075994
2022-08-03 00:00:00+00:00,2.349654360285843,2.7966851877119776,3.086239190149367,2.906264321708166,2.8051265306011675,2.79545940872823,2.7962075530284536,2.7400749951891643,1.4470410518272747,2.2304142540340526
2022-08-04 00:00:00+00:00,2.3693718841221565,2.8237982841738436,3.120700459229282,2.9382073698266353,2.832623201471401,2.8225875303368437,2.823329045967744,2.7673306713038386,1.4687947943489705,2.264993628251424
2022-08-05 00:00:00+00:00,2.3889311160082043,2.850875074963703,3.153211617227828,2.9786921137716704,2.859895347399378,2.8496978762725496,2.8503281491055152,2.7941166360286838,1.4788504913228377,2.2796341243024245
2022-08-08 00:00:00+00:00,2.4294142147108384,2.9032494836675067,3.2202116581735654,3.0626100892147146,2.9130238564068764,2.9020494960545316,2.9026419297196693,2.846990149928365,1.5115744975524066,2.349665546486107
2022-08-09 00:00:00+00:00,2.4053559261625894,2.8773045961237464,3.1873919330311433,3.020383285133491,2.886647926657385,2.8761040408422716,2.876692050169939,2.8221510176243423,1.4911268912943942,2.3159897350875176
2022-08-10 00:00:00+00:00,2.3963438454657773,2.8663534338899774,3.1778839607375473,3.009635999585513,2.8758613795646726,2.8651380017435675,2.8656230764815547,2.8122353250441416,1.485507384900578,2.3137071423057947
2022-08-11 00:00:00+00:00,2.385853485723951,2.8541189238474236,3.166208548930782,2.992819546785749,2.8637405972086394,2.852925468325018,2.8532917617694973,2.8018029231742667,1.4839697212101723,2.3083327574483863
2022-08-12 00:00:00+00:00,2.33892731523631,2.789170974723085,3.0885594776359717,2.894908914587668,2.798270493939383,2.7879754454421923,2.7883440699830553,2.738895670843532,1.4284818284086005,2.2321893404513102
2022-08-15 00:00:00+00:00,2.3271023957372323,2.778289979286477,3.075212245629458,2.878500291454516,2.787143670291125,2.7771061461101048,2.777431367485135,2.7274813637933586,1.4271511699813733,2.213854559752541
2022-08-16 00:00:00+00:00,2.3309262264228092,2.782935073604774,3.0782407703526125,2.8799858221555437,2.7917148804149767,2.7817630043087744,2.782190141681496,2.7303301230463,1.43049955560306,2.208168536526092
2022-08-17 00:00:00+00:00,2.311731585268951,2.7579982753370595,3.042811178702577,2.832897633627119,2.7664127207782094,2.756825372154219,2.7573069354762128,2.705271682042181,1.423611677514968,2.188881886436452
2022-08-18 00:00:00+00:00,2.3113419058346203,2.7599138610140814,3.0418303446744694,2.8331312036459035,2.7682527231602023,2.7587146364079596,2.7590918408403105,2.707026162481644,1.420720338818049,2.1879565010020934
2022-08-19 00:00:00+00:00,2.3755927925089266,2.8412330861077617,3.139504340844688,2.8740103357526356,2.849977449764094,2.840018463273934,2.8405274584887983,2.7875830707732625,1.4454608327769047,2.2306319145999907
2022-08-22 00:00:00+00:00,2.3548927916041493,2.806499283392593,3.0945036539355004,2.8546220294435196,2.814882668694039,2.8052930038143176,2.805780915398177,2.7533486565151404,1.4365648875852914,2.2113307955097845
2022-08-23 00:00:00+00:00,2.338874836268329,2.7857781411843714,3.0677370336842045,2.8320729226408665,2.793954902538961,2.7845544122082186,2.7849317945832297,2.732464534914328,1.4263263662191323,2.1974833592080922
2022-08-24 00:00:00+00:00,2.365555670595548,2.8177667802153623,3.10481193823723,2.8767033846996366,2.825997954921543,2.816547260509563,2.816882499507627,2.76326661436324,1.4556247120900376,2.228464661429792
2022-08-25 00:00:00+00:00,2.434319689955214,2.9050187710987645,3.2128095039645275,2.922721832185698,2.913776077299866,2.903763408744132,2.904097721566861,2.8495977896376576,1.4809365712745535,2.277745509880645
2022-08-26 00:00:00+00:00,2.422711393070034,2.889581565301079,3.1915737789243304,2.9037869341844718,2.898044939968663,2.888320143224978,2.888692545225586,2.832735637027362,1.474253525508376,2.2657964334887484
2022-08-29 00:00:00+00:00,2.3939173241031177,2.8603930727982436,3.1571518774381686,2.8620458034755223,2.868703060782778,2.8591433963677697,2.8594651357287164,2.8028912431078825,1.4634628313162363,2.2479809249289233
2022-08-30 00:00:00+00:00,2.364937996172554,2.8220518585512764,3.1128501785819434,2.8096738512987716,2.8301934404418043,2.8208105617911565,2.8210291785351846,2.7645268995367767,1.4314207014112672,2.203241224755916
2022-08-31 00:00:00+00:00,2.3736124834770824,2.8357113551348125,3.131546776193407,2.831901783429811,2.8441128191659,2.8344685281805537,2.834664133387236,2.778365572491521,1.4436028469041908,2.222936209875857
2022-09-01 00:00:00+00:00,2.3540886502403797,2.803280377327123,3.0853671684049018,2.8124520011648966,2.810988160316883,2.801993061553917,2.802164835247593,2.7443529515550646,1.4321455638204135,2.1973049346730185
2022-09-02 00:00:00+00:00,2.363141684512777,2.815286429008537,3.1058677196507767,2.8306134969445553,2.823314535526043,2.813968943056786,2.8139315668130753,2.758177762899821,1.4418074539643695,2.2213948480513857
2022-09-05 00:00:00+00:00,2.438461435518848,2.916646748699468,3.2221721935315157,2.8795349534280983,2.924955502871657,2.9152769215052623,2.9153078988455157,2.8564029762293965,1.4747624154708978,2.2696615903938655
2022-09-06 00:00:00+00:00,2.4369145378709276,2.912022850729453,3.219009086905432,2.8788391081139157,2.9205007203204865,2.910569471582314,2.9105431334777205,2.8513093235177593,1.468241015256982,2.2674881066369608
2022-09-07 00:00:00+00:00,2.463078418425739,2.9435694734772824,3.2551876837559726,2.892698439729834,2.9520793482569525,2.942132053190605,2.9422742377994546,2.8815232760041307,1.4780467402496438,2.280531316972743
2022-09-08 00:00:00+00:00,2.4529668638159516,2.931325405594139,3.2372779504495965,2.871705323165349,2.9395614436503252,2.9298782775963463,2.930008341233965,2.8683898399236067,1.4702852037443415,2.261872054580819
2022-09-09 00:00:00+00:00,2.4557793140608033,2.9347733566712324,3.240055432533179,2.872730049337006,2.9429402739101005,2.933336379035586,2.933518373848055,2.87135296556762,1.473672156852563,2.261778744951222
2022-09-12 00:00:00+00:00,2.4870636008345737,2.979225889681925,3.289815284034065,2.9280895728498217,2.987470846771495,2.977757643726763,2.9779181111021735,2.916115311158902,1.4844681490289484,2.2843636475813196
2022-09-13 00:00:00+00:00,2.5222563927063963,3.020726276513417,3.341801857503893,2.971425670759389,3.02937275831225,3.019234004217259,3.0194217208204392,2.9582937498395747,1.493717772266984,2.3078440134480815
2022-09-14 00:00:00+00:00,2.5079948551347977,3.01009264657825,3.3288471298772944,2.9604102879783087,3.01861624639221,3.008597921116979,3.0088326963966168,2.9480917680406296,1.475411889406853,2.301167944490408
2022-09-15 00:00:00+00:00,2.510739680397108,3.0179085224147495,3.338672718536545,2.9712908625210845,3.0264421841611635,3.016421383471735,3.016764570826559,2.955562149047212,1.4826549659850703,2.306623206044463
2022-09-16 00:00:00+00:00,2.522416670662846,3.0443828261546217,3.376695572951067,3.0160624220747505,3.0535229729248115,3.0428828333290836,3.0431809429081325,2.984647348495575,1.500022532307009,2.345924213227416
2022-09-19 00:00:00+00:00,2.4688926542622616,2.9744099091509644,3.292103256369419,2.917186756026129,2.9829382446220714,2.9729356926992287,2.973190021314758,2.9172324546401107,1.4750667929087755,2.3122781252268787
2022-09-20 00:00:00+00:00,2.4861397180752496,2.996807624383778,3.3185320570261907,2.94008400787275,3.005481350844136,2.99527284499458,2.995504225136159,2.9386029876243853,1.482431897442176,2.329044457533469
2022-09-21 00:00:00+00:00,2.504919504515158,3.015238743667479,3.3396095340647034,2.964103669343765,3.0239582535669474,3.0135606320000647,3.0137815114215196,2.9567396498734815,1.4859336630715396,2.3381942761187036
2022-09-22 00:00:00+00:00,2.4757506419053787,2.9818391294260125,3.3043956405731896,2.923449926295992,2.990382450872063,2.9802381321263978,2.980616268177962,2.923201436949181,1.4618677470072612,2.3066949216889197
2022-09-23 00:00:00+00:00,2.4388165867675577,2.933991710412864,3.250151459171333,2.860160169236393,2.942403602156837,2.932401150866305,2.9327367774087474,2.8751921315220534,1.425216294797461,2.2530688270195847
2022-09-26 00:00:00+00:00,2.4359458829956826,2.9317397142795296,3.250591884586452,2.8594040125390783,2.940309981751649,2.930145092916595,2.9305885805564236,2.874295159795826,1.421593210127382,2.2582414561563295
2022-09-27 00:00:00+00:00,2.438006702538895,2.926828403120437,3.244325105443244,2.8544839618789353,2.9352143182974966,2.925248943042122,2.9257853883076392,2.8685628358474986,1.422718107540783,2.2559530816566817
2022-09-28 00:00:00+00:00,2.4256013759438164,2.910454439982421,3.2204573593876997,2.827118083750609,2.9183701701044362,2.908869061993079,2.9093689189396335,2.8523054767200158,1.4148000818424193,2.2441092576652535
2022-09-29 00:00:00+00:00,2.4477687054622552,2.9411140452490954,3.254528542020153,2.867216189234898,2.948827798310246,2.939485438973056,2.9400042419999903,2.8829439325753383,1.427462077415612,2.2783633106385723
2022-09-30 00:00:00+00:00,2.488443837794047,3.0092124999366114,3.3371854163714048,2.965466279242869,3.017323606503501,3.007552152138335,3.0081472246601524,2.949457186401206,1.480933348224798,2.3608459996493867
2022-10-03 00:00:00+00:00,2.5103688976024636,3.0359553952657548,3.3678949138609586,3.001490169366954,3.043946201022824,3.034321779412322,3.035076228183141,2.975434367221234,1.4963532010310308,2.3877683175117186
2022-10-04 00:00:00+00:00,2.4705545494568804,2.996968741085988,3.316809265135597,2.94153711177679,3.004592926778735,2.995353887892685,2.9961553725924026,2.936057915699143,1.4641994496956665,2.339613692615665
2022-10-05 00:00:00+00:00,2.4921649100451195,3.0252584535177234,3.3476727775713977,2.9770287805324833,3.0329191964416733,3.0236214569974242,3.0244470009195465,2.960768197927424,1.4784923531180527,2.3603201035666506
2022-10-06 00:00:00+00:00,2.4697730885602067,2.992077719917841,3.302689077328698,2.9216473633030726,2.9993378454315374,2.990459511290584,2.9912698288366073,2.9269691807842437,1.4554677970053298,2.31170057802787
2022-10-07 00:00:00+00:00,2.4784134607540294,3.0042075530775563,3.3229707247612423,2.944978562420601,3.011858468429679,3.002585667928208,3.0033639730818718,2.9409645557737703,1.4629409276878909,2.3386799985991256
2022-10-10 00:00:00+00:00,2.4573750288505813,2.9845267375396936,3.299274003091247,2.933694266942983,2.9919803537149736,2.98286768636744,2.98345178452162,2.9220205381920046,1.453836436332266,2.3272674827482005
2022-10-11 00:00:00+00:00,2.4636989948762418,2.995814580977519,3.314928427829821,2.9473876423324814,3.0034101402669697,2.9941827522678306,2.99476198407369,2.9346714479324367,1.4612296094590551,2.346399963684892
2022-10-12 00:00:00+00:00,2.509865321803028,3.0512445270628517,3.3771298872740676,2.9744826216278866,3.058831748752562,3.0495553708061833,3.0501495974883666,2.98871721205723,1.4759078850004026,2.371098082773739
2022-10-13 00:00:00+00:00,2.531610304291296,3.077783252050934,3.4122280889754326,2.9889397773093167,3.0857824390255097,3.0760512339649306,3.0767106045462898,3.0161545901707374,1.4817860181262226,2.388627624596347
2022-10-14 00:00:00+00:00,2.5543850487892414,3.110716677348524,3.4523523278940895,3.0050053949879243,3.118997269017275,3.108870767293548,3.109691573027384,3.0488680100227725,1.4900424088312916,2.4047025357192977
2022-10-17 00:00:00+00:00,2.566506720935234,3.1255807622386693,3.4698617889425027,3.010175373400461,3.1339609754233635,3.123710803868952,3.1247060200041075,3.061599911526343,1.4900791912262514,2.4083216202903883
2022-10-18 00:00:00+00:00,2.595436717171515,3.159502808056809,3.5135199015888308,3.063658220385756,3.1682149243376507,3.1576279825640894,3.15878903538224,3.0946515552713114,1.500137858098297,2.4263279355743936
2022-10-19 00:00:00+00:00,2.6063071520910053,3.1700356135474617,3.519196913797323,3.0680248684717912,3.1784425452640845,3.1681332519704997,3.1692563702686933,3.1015521537730435,1.5025198995208897,2.4174816674485125
2022-10-20 00:00:00+00:00,2.6183348006748455,3.187592407378308,3.547138771316541,3.100461870719697,3.196550636003307,3.1856769562749627,3.1868300273204078,3.1208270646362095,1.517398880991025,2.4504936507330752
2022-10-21 00:00:00+00:00,2.5386867236427872,3.084398621300838,3.427375482617783,2.995063496555302,3.092840978570109,3.0825141954217905,3.083497529235353,3.021176461544756,1.432220989957429,2.346671720604908
2022-10-24 00:00:00+00:00,2.4908940059465836,3.0283444460767006,3.352807058926699,2.9354516183676935,3.035920428093125,3.02648681642448,3.0274316670730848,2.964987516676493,1.4153492487139616,2.3096377396935877
2022-10-25 00:00:00+00:00,2.4852958682716193,3.0197274089778237,3.3390389285613815,2.9193732106651913,3.026938704406935,3.0178596741342,3.018809120041645,2.9547671811972696,1.405204004304426,2.294879706360116
2022-10-26 00:00:00+00:00,2.437509747681049,2.9628260797707897,3.2768410956794654,2.84970563559484,2.970006052856248,2.9609481228771055,2.961723059516048,2.9009988966598015,1.3635757883738175,2.250587766589016
2022-10-27 00:00:00+00:00,2.4655522008116777,2.99544677610119,3.3200369734662414,2.898049804326337,3.003093335690482,2.993546716628057,2.9943230688776574,2.9338543035445066,1.3802621010797034,2.2929613880061654
2022-10-28 00:00:00+00:00,2.461103588121504,2.9837880585596617,3.3073354685194545,2.8922801240622564,2.991408069864667,2.9819088507904388,2.982791959360976,2.9225746378600026,1.3777288438830155,2.288361745019708
2022-10-31 00:00:00+00:00,2.461401525595911,2.985342768606308,3.311337369400397,2.8935161295176144,2.9931133637825544,2.9834902333109303,2.9844481438359907,2.923692736952709,1.3792251243922056,2.287830430057334
2022-11-01 00:00:00+00:00,2.426280615884505,2.9333490642461513,3.2448175633488687,2.866179233746354,2.9406023379797728,2.931513867835727,2.9324013228078294,2.870258433114566,1.3652150821887379,2.25534637149257
2022-11-02 00:00:00+00:00,2.4658533401559053,2.989728365785869,3.30784752580787,2.8922027409837474,2.9969728123084587,2.9878035726231764,2.9887691040432034,2.9249997187057644,1.3779236417107001,2.2793485644918015
2022-11-03 00:00:00+00:00,2.44405713361942,2.9598391331811733,3.268820022014085,2.8765746528568306,2.9667779683577518,2.9579070936396796,2.958765735919969,2.894146482072184,1.3671466471539948,2.2607590230980334
2022-11-04 00:00:00+00:00,2.443219827025129,2.9562369549324976,3.261551508192724,2.8741435883916333,2.9630524712792066,2.9542893796375886,2.9551735031124267,2.891542653081722,1.3657219469080861,2.262351926575048
2022-11-07 00:00:00+00:00,2.444508370934482,2.9588963528976455,3.266339666007927,2.87669306254068,2.9660287253453816,2.956951104341877,2.957893610930924,2.8952043808984316,1.3674348597333992,2.2686556166275835
2022-11-08 00:00:00+00:00,2.4365830389831737,2.944735318688952,3.2519222856624688,2.868320044954025,2.951726856784488,2.9428261284005726,2.943741098187461,2.881675062145342,1.3650269679010674,2.2615413274346903
2022-11-09 00:00:00+00:00,2.470549451490795,2.9934342467801116,3.3097898896334073,2.892813176585554,3.000597879548326,2.991472535062087,2.9924099473173977,2.9286756340871842,1.3735973616090689,2.2817289969360215
2022-11-10 00:00:00+00:00,2.4601536918463807,2.983697429461954,3.298799422559936,2.8884736363106622,2.9909108728666536,2.981724735833169,2.9825766146134125,2.919588137280939,1.368720961836299,2.279718153158355
2022-11-11 00:00:00+00:00,2.4894206636937453,3.0359614525436402,3.3638939900751867,2.9146081730901803,3.043297957686654,3.0339479750930063,3.03493018508961,2.971096071730258,1.3816470570038433,2.304437668593281
2022-11-14 00:00:00+00:00,2.456513529099145,2.9891614333681606,3.3112956655090664,2.893491736420873,2.9966938262443734,2.987305624061281,2.9881797426452037,2.925526395055223,1.3727869914606605,2.2873893720298057
2022-11-15 00:00:00+00:00,2.431081770064746,2.9572155199259114,3.276182684133415,2.8783591097711207,2.964652136689077,2.9553669128401623,2.956250006694575,2.89332472835542,1.3630770263373113,2.2718785433208515
2022-11-16 00:00:00+00:00,2.4247565059724674,2.956662651156253,3.2738926302844678,2.8777284536126584,2.964074759521993,2.9548242203167434,2.95583882714892,2.8921954709899618,1.3639162619027494,2.2694390424850277
2022-11-17 00:00:00+00:00,2.4167768315573674,2.9445994583238613,3.2615930809237543,2.8726140732152508,2.9521073603950234,2.942672202732834,2.9437670361127193,2.8790580386053164,1.3585299318087696,2.26569393067468
2022-11-18 00:00:00+00:00,2.3838761492995877,2.9077136307308424,3.215325050511924,2.8533855314818894,2.9149014051789583,2.9057905711951464,2.9068105736338152,2.841065955200533,1.348446387825789,2.247523080601818
2022-11-21 00:00:00+00:00,2.40067448580682,2.929826559450628,3.2472209988830936,2.8663494100505864,2.937454080342368,2.927862966633073,2.928961866083719,2.8648093940062895,1.3531673462771123,2.2645983462248576
2022-11-22 00:00:00+00:00,2.431498168117857,2.981800692098279,3.3105567740759985,2.8908697745425997,2.9896347817608047,2.9798280338474123,2.98107183055882,2.9146183063078737,1.3718052444623998,2.2821070900056952
2022-11-23 00:00:00+00:00,2.4339960425579013,2.9861660383496376,3.3157285235670177,2.893917022956777,2.9941224806490423,2.9841745330475034,2.9853950513812233,2.919899948597297,1.37059356866963,2.286235135531191
2022-11-24 00:00:00+00:00,2.442527762411312,3.0023337518722113,3.3367185082653226,2.9024787144024544,3.0104441687534225,3.0003492253866746,3.001454525432461,2.9371146203689973,1.374360812887791,2.2962968550489244
2022-11-25 00:00:00+00:00,2.406057012499364,2.9456974424722158,3.269085111659132,2.875730635454825,2.953479693657271,2.943670345592048,2.9446528787800794,2.881085178151589,1.3572802234456243,2.2736888292316757
2022-11-28 00:00:00+00:00,2.4304179018217686,2.9781333473095204,3.305141909904928,2.8905917379726587,2.985920530609773,2.976038964103395,2.976981813663484,2.912244036569912,1.3635285959115937,2.2860765685120352
2022-11-29 00:00:00+00:00,2.442635117056154,2.9988756531169534,3.329640602729399,2.900078845988331,3.0067920814413696,2.996733033529112,2.9978215817097547,2.932058008820354,1.3664729844964796,2.2928536111956745
2022-11-30 00:00:00+00:00,2.447174495308794,3.007073214357363,3.3418295886691687,2.904264622962549,3.015092568445616,3.004932111173927,3.006076268501741,2.9407749924897826,1.368964967053085,2.297333894741353
2022-12-01 00:00:00+00:00,2.4718676704555937,3.043408579848862,3.384178323735399,2.9218325088792563,3.051547763574289,3.0412327953733858,3.0424098298681064,2.9749333683936547,1.3759626129191425,2.312428254305492
2022-12-02 00:00:00+00:00,2.4161837598327147,2.9699969332941296,3.29815999372518,2.884000178891866,2.97779352388433,2.9678314450191596,2.968893786387402,2.905061377359513,1.3539080819813825,2.284928690607978
2022-12-05 00:00:00+00:00,2.427735269708956,2.9794791502812834,3.311956204998102,2.899955393611884,2.9875188432135866,2.97728327533837,2.9783656297538754,2.9151149121175894,1.3555811500984896,2.2915070166568974
2022-12-06 00:00:00+00:00,2.430322135165522,2.9845717890940553,3.3134567287386103,2.9009280699506164,2.992469276858213,2.982400787971101,2.9833844658395443,2.9183962942291157,1.3546902663120999,2.2889145527422183
2022-12-07 00:00:00+00:00,2.4236017488256905,2.9824943139109856,3.3105497741214025,2.8993949124665486,2.990338302633413,2.9803797998727464,2.9812875102472325,2.917463231736702,1.356812795119274,2.2890029723012892
2022-12-08 00:00:00+00:00,2.467089003958459,3.0363199069006286,3.3721150350506086,2.925300992747383,3.044224191826589,3.034161814295985,3.0351362665938026,2.9695698478837462,1.3700377976731724,2.311832954957584
2022-12-09 00:00:00+00:00,2.4998687010023746,3.0764811228504607,3.4172059938296546,2.9446820788808155,3.0845179421530275,3.074323289412107,3.0752965828615126,3.009684835346619,1.382165733578409,2.3301330669646547
2022-12-12 00:00:00+00:00,2.448223161766878,3.0166695471087963,3.347695949790012,2.9154331551766886,3.0243479746415267,3.014306448725153,3.0152889655383293,2.9512213184717124,1.3643173791972247,2.3064292052374715
2022-12-13 00:00:00+00:00,2.432804174908941,3.0008907919558054,3.3344174412658467,2.9098426767666545,3.0088164883788893,2.9984806233305035,2.9995004528876903,2.937131105265104,1.3590033873444543,2.3030414992697072
2022-12-14 00:00:00+00:00,2.432664357989538,3.006794325103383,3.337528652167497,2.9114766716103495,3.01447251180756,3.004216783085275,3.005445423632754,2.942462587958052,1.3576853610091442,2.3037571787761952
2022-12-15 00:00:00+00:00,2.4243366221714906,2.9922049483344955,3.3201422009698054,2.903759578230975,2.9998057069978734,2.9897292909461113,2.9909598809927207,2.928550644403646,1.352587179100513,2.2992873477436455
2022-12-16 00:00:00+00:00,2.4418645023953287,3.016996361312195,3.3486109139193636,2.915326822627664,3.024675689968262,3.0145731853377935,3.0156999040136863,2.954231423945266,1.3598079313945663,2.312744124217678
2022-12-19 00:00:00+00:00,2.490413239453529,3.0764751685944205,3.4235109876399648,2.9446897473857807,3.0848939398762605,3.074057327962366,3.0751400030495275,3.0146550549955284,1.3759558541611934,2.345464224818803
2022-12-20 00:00:00+00:00,2.4839196063965616,3.069181889735121,3.4145933849098347,2.9349564349118595,3.077557891255671,3.0667483197974335,3.067765531371084,3.0077783814708066,1.3707309638388065,2.3420122523045057
2022-12-21 00:00:00+00:00,2.4865075636455143,3.0773356893519095,3.4282262941866297,2.9523338295974964,3.0859689905802865,3.0748991190530615,3.0758973821767515,3.016777866819015,1.3798763738050936,2.3538502258830896
2022-12-22 00:00:00+00:00,2.5677140482428125,3.178118660087251,3.5492749804417514,3.091185836014236,3.187407560392821,3.1755985967353517,3.1767714800939246,3.115680149018247,1.4024569225695547,2.40334482077596
2022-12-23 00:00:00+00:00,2.6126076970544396,3.241828062834002,3.6243925632641742,3.175392276209664,3.251444645325396,3.239273359527713,3.2403436975692164,3.1796726050035176,1.4494485088001214,2.4735583521404787
2022-12-26 00:00:00+00:00,2.5811357283678085,3.1968631068450506,3.5663911348533928,3.1232984454357173,3.2059165259080604,3.194330596021683,3.1953101843457836,3.133901522066696,1.4163054430826385,2.420500675589938
2022-12-27 00:00:00+00:00,2.5789227236910293,3.205763858744901,3.570172701907747,3.124920147759711,3.21446511921449,3.203220423480232,3.204359044186632,3.1415615276012248,1.4187998608298056,2.4193291432293518
2022-12-28 00:00:00+00:00,2.5967233426758054,3.222237874314376,3.589799891064977,3.1455143699057206,3.231076074990366,3.2196801299594444,3.2207267524530945,3.1583188511016944,1.4307054157883283,2.4379027545917142
2022-12-29 00:00:00+00:00,2.6283229744358936,3.2671212851322133,3.641772162075864,3.2085581283677675,3.2760781605079257,3.2645405435952757,3.2655731208219954,3.203435687884708,1.4395318606304024,2.4599278905354947
2022-12-30 00:00:00+00:00,2.5993396653962417,3.2178123155652365,3.583056871807362,3.1403597205108635,3.226443447065389,3.2152692285259263,3.216371858728184,3.156402082006603,1.4145775105793625,2.416328854307084
2023-01-02 00:00:00+00:00,2.5525728977797906,3.1577035560012536,3.507761137321072,3.080042493279816,3.1658131464279657,3.1552086760910614,3.156179158387597,3.0964705430206934,1.4005722549096082,2.381557150983356
2023-01-03 00:00:00+00:00,2.526298627087468,3.122609662092886,3.469655142564789,3.0463916288394937,3.130756992903635,3.1200500634425197,3.1211910544835355,3.0624383521315837,1.3882716784212634,2.3655842705576724
2023-01-04 00:00:00+00:00,2.500920418227389,3.0952621859825977,3.431838247810683,2.998978613504549,3.1028634495959233,3.092678661220403,3.0937992261470435,3.034821345985351,1.3818498289107293,2.3478409758891403
2023-01-05 00:00:00+00:00,2.4825651222809184,3.0760142491730598,3.404535247702005,2.9681191963791176,3.0832851635887617,3.0734838757435363,3.074674470518565,3.0149984193717088,1.3788994600686326,2.334727234371825
2023-01-06 00:00:00+00:00,2.4897696426369125,3.089149911321315,3.4231945254601652,2.9900654426956423,3.096601344070795,3.086642245715019,3.087935774992697,3.0273801448455426,1.391532158932529,2.3481913286950706
2023-01-09 00:00:00+00:00,2.5310997991389166,3.1431203184257885,3.4861179518680134,3.016179515468906,3.150805594703542,3.1405763048510793,3.141876316832963,3.0802583496159053,1.4055826328978844,2.3734461148476207
2023-01-10 00:00:00+00:00,2.526761843105039,3.140128991053484,3.4840141056980602,3.0144139799386163,3.1479377809516658,3.1375777227368227,3.1387103682538586,3.0791833461999154,1.4010230070190197,2.3754289270241764
2023-01-11 00:00:00+00:00,2.50184785691172,3.104441874485605,3.4393460362240935,2.961613900980286,3.1119433297620165,3.1019097626920593,3.1030519778256997,3.0435418323285406,1.37241023775809,2.336564014097317
2023-01-12 00:00:00+00:00,2.4891302490602247,3.0982783384777193,3.4324225942524142,2.9546667622111022,3.1057461844762106,3.09571790622836,3.096898541537275,3.0378793264186568,1.3601225836087778,2.3343302439695184
2023-01-13 00:00:00+00:00,2.4856483355310814,3.090784327859791,3.4201849435595286,2.9410232342155025,3.0979620723259593,3.0881600223637706,3.0893127371117197,3.0307131569393464,1.3569384995936207,2.327465202583773
2023-01-16 00:00:00+00:00,2.4773447907262405,3.0885295657063274,3.420346247984527,2.9421493073254044,3.095963662585519,3.0859942772568445,3.087162588415367,3.029295429281813,1.357024641845825,2.3281782288073085
2023-01-17 00:00:00+00:00,2.457522692768029,3.0572542401018654,3.3869956020369334,2.9057703778358825,3.064696220469055,3.0546754830167253,3.0557337016430606,2.9996891946033535,1.3308540554477304,2.3057449776523047
2023-01-18 00:00:00+00:00,2.4548287962170985,3.051931433134636,3.3861500234058806,2.905692407638095,3.059727907499911,3.0493442925826746,3.0502901445315236,2.9959329538471264,1.3285051495001121,2.308823871655719
2023-01-19 00:00:00+00:00,2.4977621970726105,3.116931404199948,3.4648413932691446,2.9374950829454813,3.125110472171812,3.1142785300115245,3.1151825200962815,3.0602793756108415,1.346373173780172,2.3428342449098896
2023-01-20 00:00:00+00:00,2.508218367906026,3.1350326844141305,3.481964861698234,2.945119364208452,3.1431821246961733,3.1323991098593016,3.133395802633088,3.0760708595997457,1.3514215247704329,2.343679696406765
2023-01-23 00:00:00+00:00,2.4867816004330594,3.1043452373524345,3.4407460098532403,2.9289388935950456,3.1122002719740367,3.1017227467538016,3.1027881575601564,3.0449725035574273,1.3449344863656898,2.3257451273421172
2023-01-24 00:00:00+00:00,2.4858611402538306,3.105742087322096,3.4383107533070683,2.928749231073543,3.1134646704360627,3.1030953807056636,3.104156278724125,3.0443566213674282,1.342116946345522,2.3212629351596883
2023-01-25 00:00:00+00:00,2.5020883469385526,3.125455760304955,3.4661261210482257,2.9395028710231776,3.133418326572764,3.1227622164581974,3.1236609123012786,3.0649903709987245,1.3445178148093913,2.3354901083355517
2023-01-26 00:00:00+00:00,2.536625366807397,3.168937687617178,3.517501388526942,2.959550478710439,3.176906173701901,3.1661898185103095,3.1671610888913118,3.1074384787315266,1.357057813796,2.3554761594161633
2023-01-27 00:00:00+00:00,2.512668212705528,3.1350600398401625,3.476660676186263,2.942550948160908,3.1427826246698514,3.1323393420299963,3.133148417560023,3.0765279010979785,1.3481967549566651,2.3421546919580614
2023-01-30 00:00:00+00:00,2.512342288993382,3.126620845447768,3.453907814426578,2.9356152092151895,3.1338079566181887,3.12392174824928,3.124512275825329,3.065582254717795,1.3490258694365111,2.3301919658157932
2023-01-31 00:00:00+00:00,2.5689413858010544,3.200249515003868,3.5395336215969526,2.97071379932565,3.207568617518254,3.197572947932939,3.198241968866731,3.137479980231271,1.3690346129366073,2.3618794642235983
2023-02-01 00:00:00+00:00,2.519831174255916,3.1347947863656516,3.4639190851665105,2.9398347173241395,3.1419327889904554,3.1321457674516973,3.132737272092566,3.0732516483884122,1.3492432355011337,2.332512737959398
2023-02-02 00:00:00+00:00,2.5242689354402206,3.141790362926276,3.4688208346818454,2.945291942916377,3.148684686145031,3.13913148703996,3.1397816256879505,3.0771210035741126,1.3488164883846687,2.3235190905303025
2023-02-03 00:00:00+00:00,2.4839390116869624,3.0825920522076626,3.3956164760617225,2.914444898735532,3.089191555808308,3.0799418477841756,3.080442055072341,3.0188158508554466,1.331970490148871,2.2951381716801595
2023-02-06 00:00:00+00:00,2.508241531430278,3.126151205161337,3.445393416908742,2.9668582855088013,3.132888304691525,3.1234889056099675,3.1239792252268144,3.061834638561314,1.3434956327334615,2.3166059714588063
2023-02-07 00:00:00+00:00,2.48332451255349,3.101666238002135,3.4181288154933664,2.956464736395244,3.1085603576939147,3.099016453015773,3.0993828738268414,3.039374496063595,1.3365999019129673,2.311774660289487
2023-02-08 00:00:00+00:00,2.453375651719089,3.064096257322543,3.3760922784619,2.9391474724317868,3.0710237402069267,3.0614513620078228,3.0619499845030984,3.001443881875068,1.327454775633322,2.2929470586373015
2023-02-09 00:00:00+00:00,2.4586602677627134,3.073724548987284,3.387927130887655,2.943312664433214,3.0806710859665896,3.071039241264074,3.0714926874568325,3.00930756583975,1.327290806718368,2.2948042636786017
2023-02-10 00:00:00+00:00,2.4171936926304607,3.022284051668996,3.3283816687468906,2.9188968783376072,3.0291470515955377,3.019626004054744,3.0200755272334145,2.9600720797540387,1.31402187264098,2.2760679295097543
2023-02-13 00:00:00+00:00,2.4342401266082963,3.0388261298135113,3.348933806384476,2.9261973193249715,3.045796293031314,3.036149008268401,3.036637705400408,2.9768507237166943,1.317146640687022,2.284008746162635
2023-02-14 00:00:00+00:00,2.413622775284898,3.008279928423908,3.310210537130122,2.9109808457413755,3.0149121885775942,3.0056328877530003,3.006079059683682,2.94488731587235,1.3091644935387985,2.2648373531269583
2023-02-15 00:00:00+00:00,2.4418267293903964,3.051802163349111,3.3548899743435343,2.930491881258401,3.0583040474225354,3.0491274445521577,3.0495752986247227,2.9857328182043563,1.319603142080844,2.2773634120707347
2023-02-16 00:00:00+00:00,2.4692189661859887,3.0832691104391325,3.389750761586238,2.945932019934053,3.0899211347743027,3.080576598444596,3.081035589809773,3.014737409248233,1.3268189373921926,2.286141749801542
2023-02-17 00:00:00+00:00,2.4894881504391906,3.1067604479362867,3.4223386370048563,2.958727590376256,3.113770581305071,3.1040639302198474,3.104602665167655,3.0386599473335694,1.332723086426906,2.2984826904397155
2023-02-20 00:00:00+00:00,2.5030051339370463,3.1332962205586785,3.4514703641962385,2.9712127429252466,3.140357657097498,3.130595706080085,3.1311679878609184,3.0648407777850157,1.3391141024920685,2.3103398570168725
2023-02-21 00:00:00+00:00,2.50559139448536,3.1419327016173644,3.4608942574741266,2.975307656479371,3.1490635155442948,3.1392409719052954,3.1398907507277847,3.0728211899702473,1.3421522528428942,2.3148758764019717
2023-02-22 00:00:00+00:00,2.557603522157321,3.2064107485235076,3.5409808573316357,3.006189705885021,3.2139318679160924,3.203677729316126,3.204291978961449,3.136186266895526,1.3565970019097908,2.3391200847264804
2023-02-23 00:00:00+00:00,2.528071087327961,3.1700981584651022,3.504171236130972,2.9869685209326815,3.177683562289027,3.1674012059554153,3.168115080326848,3.1012793916802477,1.3477331178981016,2.3251166414544993
2023-02-24 00:00:00+00:00,2.494691691978668,3.127665521080404,3.45306656389808,2.928099340910725,3.134918619517407,3.124993215929461,3.1256898948230516,3.060706400965108,1.3198495298559365,2.287541122898596
2023-02-27 00:00:00+00:00,2.4860676629348717,3.1205393139810216,3.4403845135622264,2.9240617371828903,3.1275431709772064,3.117871071155269,3.1184674001272574,3.051530952490321,1.3149208765415445,2.27848590304497
2023-02-28 00:00:00+00:00,2.4809957399561675,3.111417472093906,3.426002107324694,2.917797231055408,3.117980080725962,3.108736388661755,3.1093956076346627,3.0411123150427075,1.311011654707811,2.268137614428902
2023-03-01 00:00:00+00:00,2.466099729832702,3.086955770335387,3.3945918920317943,2.9049688189306635,3.093042592768352,3.0843489834603695,3.084943446178827,3.015762077645128,1.3078748342055548,2.254271007022467
2023-03-02 00:00:00+00:00,2.475246528049419,3.0895141159883175,3.396614084845126,2.9061026144676076,3.095445303138807,3.086852740900595,3.0874756628313453,3.0180313556293297,1.3055600467954502,2.2558007767363613
2023-03-03 00:00:00+00:00,2.478609293091455,3.1003581887022404,3.405049290228958,2.9104342026603334,3.1062287139854887,3.097677584865307,3.0982623342619444,3.02843070476754,1.3064474920682116,2.2587607409243144
2023-03-06 00:00:00+00:00,2.4086994502215457,3.0043750357095527,3.290646734517324,2.864521135115054,3.0098487898012065,3.001762886536632,3.002240613873651,2.933640994835196,1.2834648624512845,2.2151209081645034
2023-03-07 00:00:00+00:00,2.389105761415273,2.982144446330545,3.2606098019124627,2.852492652887499,2.9875391546973784,2.9795316471829674,2.9801217038497962,2.9097497782923822,1.2767941948881572,2.199674865282156
2023-03-08 00:00:00+00:00,2.4117876545640273,3.020317177130762,3.3067201503997805,2.8714325973239068,3.025983214336907,3.0176617407840927,3.0182782289522017,2.949213008024631,1.2833425078273752,2.2223906062742507
2023-03-09 00:00:00+00:00,2.3996516314927683,2.99592786248107,3.285826192110545,2.8620747229312036,3.0018936869945847,2.9933057609266767,2.993933723232664,2.9267878611481852,1.2762504536151522,2.217526809422201
2023-03-10 00:00:00+00:00,2.364376399399838,2.954832322470638,3.237592655093,2.8418248626704994,2.960579995427808,2.952273439124333,2.953076218274822,2.885696246631388,1.269793429832048,2.197683861962649
2023-03-13 00:00:00+00:00,2.369620039955966,2.9628124972640695,3.2422157503939935,2.8447959572428316,2.968449479662815,2.9602065774046427,2.9608615291281275,2.892638072675905,1.2695136027818512,2.198027106911807
2023-03-14 00:00:00+00:00,2.4061852733315763,3.0054672082186595,3.293707451786702,2.8666753489670804,3.0114800660994003,3.002828605632682,3.0034107185435275,2.935395585326658,1.280054771325679,2.221420046125621
2023-03-15 00:00:00+00:00,2.337357257273371,2.9178225785093734,3.195196136957025,2.8266243415569567,2.923970299581252,2.9152619590595674,2.915711411452647,2.850682129568786,1.2562116872582674,2.1882247716786876
2023-03-16 00:00:00+00:00,2.3072867932625036,2.8771354087768155,3.146308163081586,2.8057041208236244,2.8828712510576047,2.8745514847053912,2.87490497552217,2.809760150285395,1.2428994668589834,2.1674478342722203
2023-03-17 00:00:00+00:00,2.309316014633099,2.8740076601503604,3.1430672735023246,2.8039827646572455,2.8796514279095793,2.871425546086221,2.8717667989742277,2.8064155424302237,1.2407755636241111,2.165263075883149
2023-03-20 00:00:00+00:00,2.3086060085481903,2.8721109059379666,3.1414572750176064,2.8025882913383056,2.8777024817092847,2.869535685636466,2.869917886826658,2.8039782665471695,1.241033006251567,2.1613179052144935
2023-03-21 00:00:00+00:00,2.3202728042276397,2.8935117703733786,3.1691328034846173,2.814095420246373,2.8993045370390607,2.89092904562715,2.891285285511744,2.8258852927770377,1.2444373313900612,2.171087972391642
2023-03-22 00:00:00+00:00,2.3057363442817573,2.877682928094554,3.146031176402273,2.804878921581484,2.8832196889673494,2.8751095653901,2.875454336735275,2.8096790681830326,1.2400754953777873,2.161397583719174
2023-03-23 00:00:00+00:00,2.3011225825911668,2.8814026912564823,3.152696969374068,2.8064727414786432,2.8869702601719553,2.878803571681261,2.8791046984524065,2.813549855696147,1.239968745001256,2.161862778184786
2023-03-24 00:00:00+00:00,2.4074699790514384,3.023595773028075,3.31791671470516,2.875498109252796,3.029546808453298,3.020911411694637,3.021360080113676,2.9538875439339853,1.275688383167107,2.225342990590545
2023-03-27 00:00:00+00:00,2.400739182767566,3.020522852840504,3.3164544684403436,2.874059021330836,3.0264571817011814,3.0178314052482516,3.018333756464653,2.9519738483506,1.2752975108206914,2.2263745338732295
2023-03-28 00:00:00+00:00,2.3763497307003236,2.9908147370145777,3.2811591708638037,2.859468567733635,2.996581822196448,2.9881716025879155,2.9887494272982367,2.922136084914204,1.2676731012906812,2.212611303139027
2023-03-29 00:00:00+00:00,2.399700130224825,3.03026107355367,3.326800275026799,2.8777941204550608,3.0361709816489695,3.0275900459064844,3.0281821741088506,2.9597413350595665,1.275750747857381,2.2263972021097964
2023-03-30 00:00:00+00:00,2.425044278782129,3.0688422926205052,3.36835494888645,2.8960973386888424,3.074719506986527,3.066123533792032,3.066673841285958,2.996214594785608,1.2828927891966493,2.241995406037376
2023-03-31 00:00:00+00:00,2.429476601061034,3.072282515001135,3.368678012568172,2.8960205891361364,3.077949683998814,3.0695701612683113,3.0701068419612816,2.9969719815313502,1.28325019377399,2.237017914748299
2023-04-03 00:00:00+00:00,2.477260693617984,3.1358381762688023,3.443436495079828,2.9260104650626646,3.1418063912427288,3.1330701582898084,3.133601051326806,3.0590960521940187,1.2989371800857135,2.2631926330374084
2023-04-04 00:00:00+00:00,2.478798650144846,3.1349923433665703,3.439915730509631,2.9228576860028346,3.1408053124009796,3.1322273116868726,3.1328604793457053,3.0568018580823435,1.2984406464025797,2.261242413507104
2023-04-05 00:00:00+00:00,2.4583693419363137,3.096061173738076,3.3902444174899764,2.8630770284495526,3.1014315177293037,3.093311357631119,3.0940072282449167,3.017108368492208,1.2873037010438744,2.240771614205809
2023-04-06 00:00:00+00:00,2.5203280184738763,3.1803377957960133,3.4855151263802138,2.9681467857144948,3.1859733176729796,3.177531997694289,3.178236312826945,3.097196693524287,1.3416268636920259,2.308393258119504
2023-04-07 00:00:00+00:00,2.5263463525367156,3.189194812470654,3.4972387553827304,2.9835790766044306,3.1949242441181678,3.1864248899001795,3.1871527039171204,3.1065357465537278,1.3575284634425866,2.32289910702716
2023-04-10 00:00:00+00:00,2.5064462653433575,3.1690214748433876,3.4682813256514584,2.951212542327301,3.1742908035671302,3.166245794757899,3.167019436843511,3.0860096410508833,1.3395439176754165,2.295971944943559
2023-04-11 00:00:00+00:00,2.4950603713193793,3.1531052133195496,3.4515905056679164,2.9315556730502066,3.1584304898124875,3.1503228090660818,3.15103821831784,3.07264513162964,1.3189927481131243,2.2868374517357615
2023-04-12 00:00:00+00:00,2.4708069251745934,3.1277546239540257,3.4165270878454157,2.891266056006492,3.1326573025189908,3.125014951225943,3.125653924277573,3.047420163527934,1.3128919865114952,2.271827931818595
2023-04-13 00:00:00+00:00,2.4659429421816976,3.1189042819034465,3.4031376177055495,2.8768712278479276,3.1236225288972608,3.116162571938362,3.11675628892273,3.038110175829041,1.2987221628097714,2.256491282591577
2023-04-14 00:00:00+00:00,2.462957106701486,3.121072886546852,3.40381368580751,2.8768959763658457,3.1258494370726924,3.11832833710511,3.118838632457808,3.04171193726543,1.303694825249038,2.2633633512721816
2023-04-17 00:00:00+00:00,2.490240292332434,3.157994237971116,3.45464274501818,2.93867871652742,3.1631953405480986,3.1552322170768172,3.1558254315262255,3.0799273504069213,1.3106269444822791,2.2904083208001813
2023-04-18 00:00:00+00:00,2.4337203129936182,3.0855030515458037,3.3759811701467015,2.852653868815613,3.0906567245929604,3.0827975524092537,3.0832684207737597,3.0106101099701834,1.2685665795229322,2.2256404406523034
2023-04-19 00:00:00+00:00,2.452877067881583,3.1183904457755816,3.422159386689024,2.906013261627055,3.1240836544977952,3.1156671587516844,3.1163530490980165,3.044998015911245,1.2838275784981845,2.281437544534625
2023-04-20 00:00:00+00:00,2.4639006072654146,3.1311520599304203,3.4422236671820023,2.9224726052152494,3.137246317106248,3.128429477616207,3.129061394288837,3.05940144945509,1.2856708077155035,2.293054345951358
2023-04-21 00:00:00+00:00,2.474104136734571,3.14845926128353,3.4671209382663593,2.954272610988486,3.1548764106168345,3.14571642056688,3.1463324381131166,3.0765691264830073,1.2871224199380722,2.305970410559387
2023-04-24 00:00:00+00:00,2.497795777175416,3.1856363421831464,3.5128656120177792,3.0060808603775926,3.192301033665907,3.1830390829636563,3.183397662737792,3.1134243979874516,1.3152087453863386,2.3485033781946254
2023-04-25 00:00:00+00:00,2.504331531466106,3.1947114489963617,3.5265127854278324,3.0214899335733216,3.2016352153084546,3.1920138648664294,3.1924758632665062,3.1242120253058463,1.316816450827303,2.368405108349693
2023-04-26 00:00:00+00:00,2.5218766139487494,3.2196528531713433,3.553202133178962,3.048936669076052,3.2264697536115197,3.2169694899025427,3.2175770158859542,3.1477736334273527,1.3382321854014467,2.3877462198740216
2023-04-27 00:00:00+00:00,2.5041776834964913,3.193755933525039,3.5263795336943957,3.0278376508242206,3.2007043824917325,3.1910928127827196,3.191630226641985,3.125003909875264,1.3320437008457635,2.3792921396703592
2023-04-28 00:00:00+00:00,2.4619223864394573,3.123682574221956,3.442041304847628,2.9309473701706565,3.1300743471464574,3.1210431283099234,3.121442653986002,3.0552695458407046,1.3097672676150365,2.3403559122384965
2023-05-01 00:00:00+00:00,2.400847449757507,3.0404804609455236,3.3437661420931657,2.8202081292576997,3.046246041929444,3.037901339273894,3.0381414017468713,2.974729573176442,1.255070045651235,2.252627661895887
2023-05-02 00:00:00+00:00,2.402958245642248,3.045335971008651,3.3440392401424153,2.8199926812394733,3.050797495018259,3.0427007199160756,3.042950116972817,2.9782582315710764,1.252893435793272,2.2448152437524302
2023-05-03 00:00:00+00:00,2.3973813420158603,3.035935208270574,3.3338292093102315,2.8148010076042,3.041310797700708,3.033335176602994,3.033668521863955,2.969944110560999,1.251796462881474,2.244408976354309
2023-05-04 00:00:00+00:00,2.3750357045099544,3.004628079254802,3.2942121899249126,2.799129831820559,3.009750595333096,3.0020322790988327,3.0023333465217967,2.93836997278684,1.2426440138432824,2.2266776632020124
2023-05-05 00:00:00+00:00,2.342392387661076,2.9662386771518703,3.2470515910300657,2.7800551711459622,2.971104837707255,2.9636759254075598,2.964030364719074,2.8997863179060395,1.2348547408077617,2.204910464241823
2023-05-08 00:00:00+00:00,2.3728196644537447,3.0059760141233993,3.3006482777923356,2.8002394942839124,3.01129132402998,3.0034067862651224,3.003849584194591,2.939498044034146,1.2441680520007603,2.2263283128053475
2023-05-09 00:00:00+00:00,2.344319972984634,2.966903315535176,3.256530720352574,2.7821714963808435,2.9721806653252045,2.964363846621126,2.9648780390031035,2.9012156119473613,1.23590028511897,2.2083105517046615
2023-05-10 00:00:00+00:00,2.362516970752732,2.9904901858116375,3.281519729377464,2.792179149443885,2.9957491443864894,2.98791697295319,2.988501718607585,2.923983489967991,1.241021716010958,2.217837638850329
2023-05-11 00:00:00+00:00,2.36598430601205,3.0014696185598386,3.2945511798941816,2.7976815245338766,3.006811419970097,2.9988840619764603,2.99945802004925,2.9341158866958175,1.2427820522491329,2.222710571950646
2023-05-12 00:00:00+00:00,2.3633329120338953,2.995192280665406,3.284607268039194,2.793324709758201,3.0004021298934327,2.992602589384566,2.993159234112998,2.927023018190499,1.2387937182387603,2.214433523004911
2023-05-15 00:00:00+00:00,2.3589364703395237,2.9872113117362407,3.274022763221181,2.7896118460693367,2.992460512198471,2.9846455806123355,2.9853402769016415,2.920263546435202,1.2362437956636256,2.21327520592634
2023-05-16 00:00:00+00:00,2.284659500197797,2.885747335103251,3.157224909949162,2.742993676118519,2.8908583611660954,2.88329514049484,2.883938205155541,2.8207104994425647,1.2112880805269788,2.170809321049005
2023-05-17 00:00:00+00:00,2.29759960632075,2.9040000023965065,3.1804455619086163,2.7519399730494323,2.909244049128224,2.9015138282280595,2.902107726433863,2.8394093037372268,1.2149592017419257,2.180970615515345
2023-05-18 00:00:00+00:00,2.3178772146689854,2.9307545569821056,3.2099007710374967,2.7644213604589427,2.936055774662209,2.9282319429393224,2.928756488070854,2.865221995839461,1.219397529624303,2.191234433147187
2023-05-19 00:00:00+00:00,2.3540291184104567,2.976560511603944,3.2648029298397403,2.7870947546576987,2.9821495558581623,2.9740202068580164,2.9746337423275695,2.909864807556989,1.2323060382235969,2.2127269460507493
2023-05-22 00:00:00+00:00,2.4030885048269965,3.0397149554156737,3.3343071940413678,2.8151803858556352,3.0454340566729927,3.0371176834232094,3.0377431027919197,2.970381659941543,1.2457118577089261,2.233449382991064
2023-05-23 00:00:00+00:00,2.400153697363302,3.0402541804971457,3.3350565239547274,2.8150131745546654,3.0458074662922576,3.0376818346753396,3.038350187452306,2.970807334015443,1.2482493983831038,2.232069135719029
2023-05-24 00:00:00+00:00,2.4274393730394386,3.0821581169477295,3.38412180926561,2.8347332271021304,3.0878374988201234,3.0795390722208795,3.080284594472315,3.012023491919677,1.2576069696517134,2.2492893104223715
2023-05-25 00:00:00+00:00,2.446497457875498,3.1084244343468517,3.412186167286908,2.846941592504939,3.1141577522898425,3.105761427361948,3.1065037300264335,3.038974695947841,1.2623210741174336,2.262257501968057
2023-05-26 00:00:00+00:00,2.4432843069866403,3.1071434560681315,3.411372366715538,2.846678556821221,3.1129160079282783,3.1044953605177406,3.105169972562495,3.040340705893016,1.2658946712238737,2.2670025437131507
2023-05-29 00:00:00+00:00,2.5012982158477737,3.1814639492402246,3.5063597267809676,2.882295294869305,3.187949766389004,3.1787726296135523,3.179424462490806,3.116857358737732,1.2848380906371244,2.304423474967283
2023-05-30 00:00:00+00:00,2.505675368561648,3.189314640813348,3.5107140972180413,2.882375229953187,3.1955741699333995,3.186599695612803,3.1873827034922515,3.121321626936492,1.2833846843422094,2.300260928328484
2023-05-31 00:00:00+00:00,2.5323562622274616,3.227294498397734,3.56350357434907,2.939150551413424,3.2342711704611657,3.2245600713904814,3.2253312627010056,3.1601394617889436,1.308554514638782,2.346216694461122
2023-06-01 00:00:00+00:00,2.5394161480449955,3.239818178767671,3.581482024559116,2.9565626287775837,3.247126365410732,3.2370701413400584,3.237824937448127,3.1734411559267444,1.3118265564014275,2.364135053167313
2023-06-02 00:00:00+00:00,2.5752391448934926,3.2928870711067204,3.644813526800132,3.003172185874638,3.3005276020062344,3.290105925048426,3.2909806651905877,3.2244389887560243,1.3240608039501034,2.3859830982064683
2023-06-05 00:00:00+00:00,2.5844288513864315,3.3017726938614054,3.6537606987044886,3.011271871596574,3.3093956362684853,3.2989579411823753,3.299858438926837,3.2336264436563753,1.3184733872498082,2.3955142757494485
2023-06-06 00:00:00+00:00,2.610901368833045,3.331389391912614,3.689791454651252,3.050680927327736,3.339227166629178,3.328553099211047,3.32950657936028,3.2624796124857363,1.333714846687952,2.4231417492876077
2023-06-07 00:00:00+00:00,2.6448921246596644,3.3773653310164815,3.741473875895248,3.1065313765244724,3.3853096701311407,3.374480142551114,3.3753620224722045,3.3066160394812085,1.354838543790535,2.4640597879435897
2023-06-08 00:00:00+00:00,2.6186515455158736,3.344544312565201,3.7042882244336437,3.0689799157570223,3.352283705473691,3.3417019362867295,3.3426602321353913,3.2753871567376067,1.3389801529136263,2.435785878371942
2023-06-09 00:00:00+00:00,2.6430674005692802,3.377676818504711,3.7465708094846444,3.1190566677736404,3.3856567600446197,3.3748444602329704,3.3757860451507007,3.309740859896049,1.36622001937243,2.481799482282199
2023-06-12 00:00:00+00:00,2.6731922434288213,3.418369283906496,3.794177108230313,3.1717199136389915,3.426532249121398,3.415498726185338,3.416559230117172,3.3494139065272,1.3742674315477987,2.501395012261931
2023-06-13 00:00:00+00:00,2.66927908863773,3.415639228091691,3.7893153283145047,3.1674743837807977,3.4236812065293805,3.4127811002776296,3.4137982458543292,3.348062954040778,1.3703835657713126,2.5020288175269236
2023-06-14 00:00:00+00:00,2.6809160634366176,3.426752152616049,3.7984945549057496,3.1738005287865914,3.434692465826533,3.4239032724032787,3.425035915402879,3.3548143988164147,1.3774581105400674,2.496729030716097
2023-06-15 00:00:00+00:00,2.6853064560092292,3.4312349126820636,3.8048024880827733,3.177760202666832,3.4392826462724813,3.4283594881334354,3.429411941894227,3.360234174756823,1.3777627382482103,2.5008365885906705
2023-06-16 00:00:00+00:00,2.709338410736262,3.454383511512264,3.8304033624375786,3.2101501710309983,3.4623522548801993,3.451468053331543,3.4524937429828637,3.3833236518577903,1.380656777209506,2.5130074907735445
2023-06-19 00:00:00+00:00,2.7145598249792053,3.458976693831004,3.8335634593771784,3.2121408009695234,3.466763825188413,3.4560980650751465,3.4571589347768,3.385800169060201,1.3874595727476788,2.50728980978775
2023-06-20 00:00:00+00:00,2.7157655282536366,3.460761541794813,3.8345943706090444,3.21453938379302,3.4684818695622175,3.4578871627728156,3.4590840049133775,3.385849234624127,1.3857951166642815,2.5059990183774823
2023-06-21 00:00:00+00:00,2.679637460655411,3.411677669225693,3.7741678756896384,3.14323962030585,3.4189824379866423,3.408860729347808,3.4099785198301005,3.3389785661747204,1.3616600724708154,2.4537299138654243
2023-06-22 00:00:00+00:00,2.679787214343761,3.4116060175172405,3.7774966990723975,3.146717466187216,3.4191065586188207,3.408770848530888,3.409938180752623,3.3403823385025575,1.3580039129730113,2.458392633285319
2023-06-23 00:00:00+00:00,2.6721593398860333,3.4041685689887435,3.765679234579798,3.135037667381147,3.4113526189458403,3.401338823460744,3.402406014110956,3.3303725327788984,1.355477771269384,2.4419435293450893
2023-06-26 00:00:00+00:00,2.675491492819311,3.4134044747806276,3.779786708733693,3.154363921662665,3.420813912706924,3.4106176734975975,3.411381144033174,3.3421049906800975,1.3654104297781982,2.460290494679001
2023-06-27 00:00:00+00:00,2.6941452081299584,3.442163101016172,3.8162405356208446,3.1972306273390774,3.4498842523110995,3.439406719237225,3.4402828654227533,3.370917467448878,1.388318503686026,2.5027181654870563
2023-06-28 00:00:00+00:00,2.7392949924489436,3.5143897372761197,3.9032858390301572,3.2941973759770735,3.522809781116332,3.5116751410659153,3.5127624823513233,3.443049782469645,1.4371487712341438,2.585491464271874
2023-06-29 00:00:00+00:00,2.76299771369315,3.5470586471045933,3.94601345341902,3.341175615892811,3.5561051999676208,3.544366886106103,3.5454489319383065,3.47732252808344,1.4423006497778066,2.601648702619709
2023-06-30 00:00:00+00:00,2.757480130676471,3.548774250396432,3.9463043906654094,3.341463925651195,3.5576519081215525,3.546118098982404,3.5471625745261317,3.4772468949752486,1.442196143815538,2.6012206600388055
2023-07-03 00:00:00+00:00,2.786552350226958,3.5765637935782104,3.9760530990617586,3.3732731309405986,3.5854536227001317,3.573884335747096,3.5749369153482884,3.504439960372993,1.456417237622627,2.625361983097061
2023-07-04 00:00:00+00:00,2.782232197033378,3.569277630320853,3.968244602290111,3.3662852180324685,3.5782252044934113,3.5665950543435803,3.5676760557724183,3.500563143506624,1.4538031745496582,2.626462642030921
2023-07-05 00:00:00+00:00,2.77235775588888,3.5591947673806885,3.960625770762039,3.3583635883530794,3.568355300723608,3.5565350207536777,3.557636111516676,3.4922779179143943,1.4524714026234864,2.6242957646274894
2023-07-06 00:00:00+00:00,2.756099511351772,3.5372308487826043,3.9396402684602188,3.335567286077845,3.5466007024731634,3.5345696981433594,3.5355938514585232,3.4713696382264625,1.4459178784304294,2.617101385853703
2023-07-07 00:00:00+00:00,2.719380152092107,3.4855726470146244,3.879549603134727,3.26789548938175,3.4946818045770343,3.482964063171263,3.48385190776701,3.422763316658251,1.4344249751440956,2.594717660672885
2023-07-10 00:00:00+00:00,2.699021167869314,3.4585932061707365,3.8456865788435133,3.229603579956784,3.4673772514144483,3.45602643552149,3.456915066123944,3.3942483975387154,1.4167267178901537,2.5596115682368454
2023-07-11 00:00:00+00:00,2.664161507865915,3.418782739807957,3.800657599862438,3.1809485312978585,3.4274457439415738,3.4162405045848176,3.4170738135179173,3.354828282919467,1.391372524666976,2.519967961042765
2023-07-12 00:00:00+00:00,2.6987291822623143,3.466777383209484,3.8606293215337497,3.2297717798171104,3.4759582396582958,3.4642043224804584,3.465093167992968,3.4034358438472685,1.4027137798795821,2.546668276707291
2023-07-13 00:00:00+00:00,2.643143178019993,3.375513585611491,3.747318183985291,3.1850305745799337,3.383892186832253,3.372996114473402,3.373905975252326,3.3115336926380508,1.3808148349491143,2.4978892546541935
2023-07-14 00:00:00+00:00,2.640120807819829,3.3640068973151793,3.734638835009017,3.179404180267804,3.3722750228719756,3.361483185424262,3.3624296367661017,3.2994869316164737,1.3766912182555513,2.491584883403232
2023-07-17 00:00:00+00:00,2.631197890184656,3.3519446678399913,3.718015329008741,3.1726977435823187,3.360028222463731,3.349438080115717,3.3503414252051393,3.286814227618838,1.3744574577878053,2.482449067576802
2023-07-18 00:00:00+00:00,2.7158257817379177,3.4648586956293665,3.8564255964307046,3.2266783760059305,3.4735977572574805,3.462287203911012,3.463371598899033,3.3973387997952655,1.4018950576449907,2.534712153610398
2023-07-19 00:00:00+00:00,2.7350030563653362,3.4947756047986624,3.8884081562669413,3.240886854073909,3.5035056370440003,3.492194506358229,3.49344536781262,3.428788077313342,1.409283056139507,2.552882561261565
2023-07-20 00:00:00+00:00,2.7302815982671373,3.48800192283206,3.8844939588926906,3.235094885341868,3.4965853893321723,3.485422819038894,3.4866691653679465,3.422172404356587,1.4078463001643178,2.550636655054441
2023-07-21 00:00:00+00:00,2.6689775217819465,3.405197263864649,3.7874115950274025,3.1295530732585406,3.4131027414625006,3.402665734114583,3.4041509285713842,3.3404800156900194,1.3875118327800333,2.512922398743318
2023-07-24 00:00:00+00:00,2.634150243231059,3.362737305181746,3.736865939555992,3.074575773530621,3.3703147834730003,3.360224077629423,3.3616578193464486,3.2993640522788543,1.3598746516761993,2.4718879987935587
2023-07-25 00:00:00+00:00,2.615812049670168,3.3389360142662876,3.7143039706768053,3.0651449280336074,3.3466991857335255,3.336442868928999,3.337854550872071,3.277740094812681,1.3560703480437049,2.4664371587905034
2023-07-26 00:00:00+00:00,2.5790607652616524,3.294483015830291,3.658298052903853,3.0434439700531417,3.3018214914294286,3.2920184209316936,3.2932878066711013,3.2346416151644486,1.3452633636245026,2.4463867397364014
2023-07-27 00:00:00+00:00,2.5943115178287313,3.3195587098521315,3.690787721422511,3.055207885283487,3.327050005088347,3.3170782293078878,3.3183263174804076,3.259415779304887,1.3501198343049476,2.458100761350333
2023-07-28 00:00:00+00:00,2.537685518292221,3.238002882689778,3.596426400360475,3.018779639349807,3.2453018337113897,3.2356032564782202,3.236777662583199,3.179355306440283,1.3314147800310054,2.4227122005675943
2023-07-31 00:00:00+00:00,2.5787293131494575,3.28955159762709,3.6539433633578016,3.0418533659761104,3.296898829214998,3.2871163368911867,3.2882943117334285,3.2297890936498606,1.3424400536000274,2.4415086064739753
2023-08-01 00:00:00+00:00,2.550647617435043,3.249671009753026,3.6061306250505782,3.0225633602158166,3.2567465978458334,3.247266575660937,3.2484647815334537,3.1903906970924534,1.3342980868221805,2.4235179861306286
2023-08-02 00:00:00+00:00,2.581213172770921,3.2898016490487985,3.6563239518046053,3.042050621112798,3.2971454236039026,3.2873644157378754,3.28858527890786,3.2295109672723252,1.3425660738550682,2.4399643839529697
2023-08-03 00:00:00+00:00,2.544912023614266,3.2420629997460506,3.604358591010562,3.0206967060986822,3.249393412657854,3.2396606694137042,3.2409071809125916,3.1836372498545056,1.330778302564082,2.4227609055925248
2023-08-04 00:00:00+00:00,2.5728540486419975,3.2834116857410502,3.652308004257731,3.040513328721084,3.290949823107334,3.2810054946972014,3.282265769433813,3.225371150912205,1.3436991364443032,2.4451481381224274
2023-08-07 00:00:00+00:00,2.568144813420103,3.2774253217482783,3.649675095053123,3.0396815146516207,3.2852884337078536,3.275055146673161,3.276377553620558,3.2199535393015317,1.3448580718378627,2.446140335002976
2023-08-08 00:00:00+00:00,2.553783109194134,3.257699557932426,3.6311210910731915,3.0320021829655963,3.265612360237686,3.255330069902831,3.256528127898038,3.2011848649244543,1.3391230554559894,2.4398146583768145
2023-08-09 00:00:00+00:00,2.591213112261981,3.305710660317673,3.690782758100819,3.0547188321380263,3.313954116003717,3.3033376299792168,3.3045754227884543,3.2493671507264517,1.350277269580745,2.459488866086444
2023-08-10 00:00:00+00:00,2.5659802176315165,3.267654316721383,3.647058284079058,3.0377143271310594,3.2759999938649407,3.265281079299404,3.266580611305081,3.212652140077638,1.3397254118724846,2.4456696228705033
2023-08-11 00:00:00+00:00,2.5577315218938494,3.254644957373003,3.628181132639985,3.0300325972197837,3.2627559091646012,3.252290578805003,3.253509354533231,3.197315925901527,1.3378403102885477,2.432206766593236
2023-08-14 00:00:00+00:00,2.5115306740116,3.1972517516278605,3.56452660400825,3.0049245634476205,3.2053528819422246,3.1947817949496438,3.1961309301155008,3.1410221866579984,1.3222978631137703,2.410854162856374
2023-08-15 00:00:00+00:00,2.5095797508045052,3.195896198590511,3.5680926339695977,3.005276859460206,3.2042179279867526,3.1934256886335546,3.194826640503289,3.1405525667937275,1.321398047502161,2.4109275677640314
2023-08-16 00:00:00+00:00,2.4942157348783702,3.1649100688937617,3.5282635003646408,2.9891064108257526,3.1728770908433717,3.162442101811517,3.163785100921033,3.1085979112195155,1.3139788587506733,2.3922750790852367
2023-08-17 00:00:00+00:00,2.5958554930155913,3.299038667290493,3.681849716486233,3.0510304371970114,3.3073385652121274,3.296461802578981,3.2978212769242408,3.2396269097600263,1.3459280219746885,2.4458937246359462
2023-08-18 00:00:00+00:00,2.5834591657061243,3.2892086423690845,3.673116172446957,3.04740771841276,3.297608073717865,3.286581639596475,3.2878910797816876,3.229854045035846,1.3409699732211144,2.443412164270128
2023-08-21 00:00:00+00:00,2.6086001130423364,3.3230097816159163,3.713437070942419,3.0633307592588124,3.3319646841868624,3.3202647404912953,3.3217768214360075,3.2645356347354357,1.3454299744032512,2.4588287079516236
2023-08-22 00:00:00+00:00,2.6191533619850733,3.3327690732268467,3.725398596415111,3.0691743552633444,3.342031330753478,3.329953627345776,3.3314255613178476,3.274477135347252,1.3484703074035551,2.465747969664467
2023-08-23 00:00:00+00:00,2.637302568034031,3.352718299018332,3.750099699006361,3.078759462183113,3.362244462769747,3.3498849707471057,3.3513971461990266,3.294710457893794,1.3518055279901235,2.475229272444969
2023-08-24 00:00:00+00:00,2.644526345938224,3.3705038537937146,3.7663084872945567,3.0837883845820344,3.379738793803707,3.36765945337219,3.3692555371738737,3.310682006566394,1.35331253046071,2.479908792447341
2023-08-25 00:00:00+00:00,2.6283961072206306,3.353163610473589,3.7434165280644582,3.0568098130150507,3.3621548510192985,3.350318663228723,3.351887109831552,3.292875183754366,1.3389963628514512,2.4602948424868445
2023-08-28 00:00:00+00:00,2.6346740589866617,3.3599096337547403,3.751496274893295,3.0652626018036817,3.3689229947806614,3.357006476845857,3.358581758251108,3.299307176200061,1.3349840505557882,2.4661607998336774
2023-08-29 00:00:00+00:00,2.6506840270873195,3.3899322271671304,3.783397651934219,3.0974906610420705,3.3989120655816887,3.386958072232235,3.388387541419753,3.3289580456200563,1.3373947309542669,2.478683159884604
2023-08-30 00:00:00+00:00,2.631172529256606,3.3770439474962495,3.7748325320750866,3.088500295562579,3.3864658310782523,3.3741003651536854,3.3755297808140305,3.319821082732921,1.3332979219746934,2.487202739637156
2023-08-31 00:00:00+00:00,2.590857861755116,3.323446532375434,3.711712236668,3.018898275229848,3.332682110510725,3.3205381221869334,3.321974602819083,3.268779496221277,1.2956024630802117,2.4396141490232433
2023-09-01 00:00:00+00:00,2.5434234078428117,3.261010092088622,3.6387248734441537,2.940919823598962,3.2699484180661216,3.25821022388236,3.2594448592028797,3.2070491742593257,1.2690684525657674,2.373334291563715
2023-09-04 00:00:00+00:00,2.5592631894074787,3.2800832057778226,3.665967126527568,2.9682424257648408,3.2895080620555115,3.2772305956932777,3.2784731343738676,3.22809645547077,1.2732688485573134,2.38817816767522
2023-09-05 00:00:00+00:00,2.501586079004006,3.2010235280868997,3.5731239636818737,2.9325680510988006,3.2101794234414753,3.1981837983064887,3.1992338895627457,3.151385694503905,1.2537358056853811,2.3545462174451575
2023-09-06 00:00:00+00:00,2.5188445778573176,3.2203083331490325,3.5964235728630465,2.9407479122363425,3.2298709681566815,3.217472612183029,3.21864366035946,3.171719147023634,1.2582953197043378,2.3685533770963647
2023-09-07 00:00:00+00:00,2.500862557069493,3.1927157605532477,3.566344872645336,2.928539849530819,3.202251746038185,3.1898765994169755,3.1910265138589007,3.1448742525988234,1.2508965341525207,2.358788918479275
2023-09-08 00:00:00+00:00,2.508398801200805,3.1928404855749832,3.5648382103074634,2.927741938634109,3.202318712767602,3.1899790380322472,3.190997232158862,3.146081161813188,1.2476771864344842,2.359999291063256
2023-09-11 00:00:00+00:00,2.506185992722742,3.1903376698856674,3.564549087150282,2.9263186810013098,3.1999224504761385,3.1874819734645543,3.1885644830787703,3.143758118105725,1.247339448050136,2.3600507115835097
2023-09-12 00:00:00+00:00,2.5063532336336243,3.1889389816981635,3.5580362507629664,2.9233673692615487,3.198177418887423,3.186081657049885,3.1871817252491295,3.140114272701662,1.2478907237130537,2.3522828683261063
2023-09-13 00:00:00+00:00,2.499013595049925,3.173802508605155,3.5374129796186917,2.9158027652812923,3.1828198332146123,3.1709061447279767,3.1719550719229113,3.124488797701095,1.243480222941029,2.3434120976905732
2023-09-14 00:00:00+00:00,2.5109426242336093,3.1918477184784595,3.564841973907022,2.9260893883193937,3.2012636132823244,3.188943623198042,3.189923608723629,3.141461965285207,1.2454490949351957,2.3496335476880983
2023-09-15 00:00:00+00:00,2.5138623997517295,3.199588350466059,3.5766813030522937,2.9296191263631592,3.2091562211909914,3.1966186452438663,3.1977182380647218,3.149518284998099,1.2458456438958885,2.354451251243182
2023-09-18 00:00:00+00:00,2.561986538568134,3.2656064306416104,3.655557195309218,2.960088892427451,3.2754782550350483,3.262541216359839,3.2636571569350563,3.2150265774292386,1.2603747363678295,2.385227329598147
2023-09-19 00:00:00+00:00,2.6088588583607066,3.3268728554783324,3.7389544465399456,2.9895939273019634,3.3374830712559653,3.323762958420637,3.324980515806082,3.2780407841634545,1.27247753033993,2.4152668746838177
2023-09-20 00:00:00+00:00,2.6316006888919556,3.3591988562768433,3.7805939673034468,3.0050746536497948,3.370347474095855,3.3561069473650025,3.3573728173130872,3.311185193126269,1.2819282798048928,2.432241005861557
2023-09-21 00:00:00+00:00,2.6082889059090086,3.3388139613086767,3.7543171407716582,2.9952533736601192,3.349832195272304,3.3357244385499634,3.336893343234588,3.2906331948544305,1.2782756616042397,2.422497773033383
2023-09-22 00:00:00+00:00,2.57843831376622,3.3030595780785723,3.713332129361451,2.979620719197579,3.313925743888828,3.3000037718098008,3.3010355941966507,3.257483986096177,1.269240320634444,2.4119222177023985
2023-09-25 00:00:00+00:00,2.601026679544252,3.337312419326674,3.7596552313719878,2.996898545238176,3.3488396810797494,3.334224337030532,3.3352394810775268,3.295092914372584,1.2759440044982089,2.43511916523653
2023-09-26 00:00:00+00:00,2.550210346876022,3.274552202902064,3.688372371035072,2.968502502392759,3.285749705950772,3.271510603460297,3.2726570853789454,3.2350764551563205,1.258634295204174,2.412469515689227
2023-09-27 00:00:00+00:00,2.575183284582418,3.3125952477153144,3.7397253825361867,2.9873397649785365,3.3244006648028233,3.3095653710288335,3.310771532540297,3.2735330183274565,1.2698572336092955,2.430885643696286
2023-09-28 00:00:00+00:00,2.550495012218656,3.2748328180457,3.6944961019367453,2.9702446570402716,3.286579558704956,3.27175722779822,3.2730433953489384,3.2359483366456283,1.2604400427504991,2.415136711237539
2023-09-29 00:00:00+00:00,2.526647601817768,3.243057621560436,3.659323069217254,2.9564796884622244,3.25488761250279,3.24007561065916,3.2412378784030422,3.205111017170313,1.2545220667510055,2.405845023592412
2023-10-02 00:00:00+00:00,2.5300446453890757,3.253324105864571,3.6709901417174584,2.960733937193749,3.2651788078251203,3.2502477838869317,3.251463401691633,3.2142167296314894,1.253924263726997,2.4064448579150186
2023-10-03 00:00:00+00:00,2.527312453225135,3.2507977914857684,3.664134012552871,2.958291382715326,3.2623820364121503,3.2476499295395462,3.2488483272504616,3.2105812209339804,1.2511951594913446,2.3996501713578855
2023-10-04 00:00:00+00:00,2.530610975344866,3.253199117242342,3.668817770860526,2.9609461884413295,3.2650291095338484,3.250058407812847,3.2513158659670487,3.2142726768016088,1.2504591032317405,2.4064724153261294
2023-10-05 00:00:00+00:00,2.504745970941757,3.225195125159057,3.6348205260509183,2.93336058363573,3.2368701787548653,3.2219787961631727,3.2233012350223182,3.18630564114164,1.2316238800610586,2.386189982617306
2023-10-06 00:00:00+00:00,2.481008247745865,3.1896953213907198,3.5902671668689923,2.9161320269228472,3.2010682936930515,3.1865326261976805,3.187817034075432,3.1495954908404817,1.2250679089329433,2.3644946490598784
2023-10-09 00:00:00+00:00,2.465805262510904,3.1670580902340864,3.5634136085034993,2.9058958965827753,3.1781900434219814,3.1639474979498217,3.165230084713087,3.1272087231078607,1.2219096973062205,2.3564050963689147
2023-10-10 00:00:00+00:00,2.4898900180756205,3.2130128140946845,3.6200173528120696,2.926949765659046,3.2245368838845967,3.2098430534639797,3.211136411789194,3.1733729882878383,1.2304548310099843,2.375957060401061
2023-10-11 00:00:00+00:00,2.486815988465734,3.2156973379506852,3.6232539933928147,2.92751417777363,3.227255686506493,3.212547728165402,3.213907612049634,3.1753555930310746,1.232446552076506,2.3750788381516696
2023-10-12 00:00:00+00:00,2.470305430278075,3.1962369951836918,3.598988195318931,2.9183614277479877,3.2077774801566044,3.193109500238787,3.1945088747640282,3.1565228443386966,1.2282273639925878,2.3676996235699224
2023-10-13 00:00:00+00:00,2.526110538719046,3.2725559774010575,3.6933924983710473,2.954770032232765,3.284811459026394,3.269351411957773,3.2708748029674486,3.233461372204558,1.2446736991128227,2.406176054126732
2023-10-16 00:00:00+00:00,2.515392065769662,3.267712749467894,3.688275119051247,2.95202380494322,3.279845240868321,3.264514608346098,3.265977092618974,3.2279295700575985,1.2449352777712626,2.3995173410224893
2023-10-17 00:00:00+00:00,2.536787693546848,3.305408095935938,3.7378330856724236,2.970059988852669,3.3180030118412436,3.3021486787970185,3.3036908160889613,3.2656151753341622,1.2509256489076905,2.4162735879857653
2023-10-18 00:00:00+00:00,2.5380546672831525,3.3111590824573502,3.7456309517540523,2.972134363753186,3.3237818239744303,3.307886291239472,3.309549956062661,3.2717789148358714,1.251425952953965,2.418769806857487
2023-10-19 00:00:00+00:00,2.551181811055898,3.326084589642149,3.771713498851181,2.981439249758549,3.3393416067392194,3.3227705026443983,3.3245307826835484,3.285790588312743,1.2525729102825685,2.423549957496158
2023-10-20 00:00:00+00:00,2.569742501815452,3.351224692530107,3.7975657595122176,2.991054587255795,3.36429611578821,3.3478349968239507,3.349754422146899,3.3091484239395927,1.2565653116717506,2.4293947486353225
2023-10-23 00:00:00+00:00,2.584551141639961,3.3658912965043304,3.813612568193791,2.9965962524630396,3.3790311544634726,3.362480779974615,3.364329138364884,3.3251670620449976,1.2605465487040353,2.4381290940348155
2023-10-24 00:00:00+00:00,2.5785929052967456,3.358371537461889,3.8081082845009884,2.9929806109985377,3.3716179102552175,3.354948263974688,3.356784616454686,3.318783735691572,1.2570020097580716,2.435102796797256
2023-10-25 00:00:00+00:00,2.6055876729233463,3.3881814047401058,3.8381805436514793,3.0024461416371087,3.4013937542758748,3.3847227406128546,3.3865694896508964,3.346679057671357,1.260287022302373,2.443155478857503
2023-10-26 00:00:00+00:00,2.665041205611497,3.4597826395686755,3.9277797189102466,3.0715276534130593,3.473738981829129,3.4563174134206305,3.4582580515354375,3.4176487417755785,1.300212674253271,2.511647538382555
2023-10-27 00:00:00+00:00,2.6589750421167104,3.4565708427917934,3.921670583463626,3.0642776993234557,3.47041125477042,3.453071064944008,3.4550176539010575,3.4160127731026066,1.2979069927181317,2.5129290390196846
2023-10-30 00:00:00+00:00,2.66513337391213,3.4704741169644913,3.9390790123002812,3.0853639788305505,3.484411935907175,3.4670046854005636,3.4691169911613593,3.428282704794429,1.3044349196812512,2.5167774176363813
2023-10-31 00:00:00+00:00,2.660811829213491,3.4676524933094064,3.943806803745144,3.092554465803166,3.4820537911696414,3.4641510844544947,3.46614818002513,3.427389617396614,1.2996266303151258,2.5200283887853563
2023-11-01 00:00:00+00:00,2.6451259513010417,3.44448039986554,3.9101999907819174,3.055211763993885,3.458390777489577,3.440988601673176,3.442918509336163,3.4037293879410297,1.2845678416740978,2.4891069421856704
2023-11-02 00:00:00+00:00,2.6289964477259713,3.423858791981872,3.8800248218982336,3.023510820794527,3.4372935438229537,3.4203704103318398,3.4222569925046717,3.381683153654025,1.2796999878124045,2.4721047702305228
2023-11-03 00:00:00+00:00,2.6694539759681866,3.474075352630805,3.9370086637764676,3.0833933584462283,3.487459869711798,3.4705403296604316,3.4726104593443416,3.429577913330414,1.303822569011393,2.5159534137944948
2023-11-06 00:00:00+00:00,2.684016137136283,3.5040295735261524,3.9800910166798085,3.1159937255525603,3.51796868809627,3.500495741221254,3.5025076929846586,3.460358622919997,1.3229573700722195,2.5618283697850246
2023-11-07 00:00:00+00:00,2.6905640034379914,3.512345308161933,3.996487927293587,3.1359526983168067,3.5267098070344756,3.508817200860874,3.510860023410271,3.4719052403618265,1.326890369342374,2.589152316590581
2023-11-08 00:00:00+00:00,2.733854265428548,3.5769214759968766,4.075742756091501,3.221436449431402,3.5919620837157766,3.573370327425897,3.575416962315311,3.535899234431703,1.368955943166646,2.661301317287447
2023-11-09 00:00:00+00:00,2.729036275989623,3.5740710666731217,4.070243050243007,3.215575310717873,3.588973108263457,3.5705360610947325,3.5725584530599317,3.531539028535426,1.3698435270058922,2.649443786634575
2023-11-10 00:00:00+00:00,2.7275695994666487,3.568407156353894,4.062841424539371,3.2090047968976436,3.583190347460915,3.5648845456525002,3.566989090022734,3.5241391080271143,1.369962911904904,2.6438912208013745
2023-11-13 00:00:00+00:00,2.7097315917030387,3.552428073122646,4.0395717349878,3.185616340215108,3.5667967915900594,3.5488873530101555,3.5509904041884064,3.509086585570579,1.3642999284212207,2.632643106338262
2023-11-14 00:00:00+00:00,2.720242952196436,3.5605483873971657,4.050960061831584,3.196068997640209,3.5751008220597664,3.556986631793468,3.5590904152966707,3.5169910432809393,1.3707136990114088,2.637186463463524
2023-11-15 00:00:00+00:00,2.7631677312265936,3.616566572495785,4.119762306281793,3.2692942075722424,3.6316125065722216,3.612944922741023,3.615032228331906,3.572686750964897,1.3798587869487144,2.666888383361169
2023-11-16 00:00:00+00:00,2.7708946651089446,3.630877815344775,4.133546946811145,3.2840455273356897,3.6458002816452924,3.627237221111487,3.6293996352648032,3.58579325487285,1.3928679065403982,2.675087629320038
2023-11-17 00:00:00+00:00,2.768407412498522,3.6245643428370102,4.120923363518822,3.2704142971187387,3.639152233052119,3.6209374825134306,3.6230817175071177,3.577789158478136,1.388932305696933,2.655689828549758
2023-11-20 00:00:00+00:00,2.8011501431494295,3.6725656202702552,4.175851295333158,3.325307054803024,3.6873985764360095,3.6688620198320026,3.6709118806770062,3.624059591709064,1.4051200528591934,2.6956154119938662
2023-11-21 00:00:00+00:00,2.7703616755708915,3.625407260443447,4.117817983298131,3.264890216613579,3.6398004320807225,3.6216789259996975,3.6236651906091515,3.5764480497776905,1.375156146082209,2.638101021624414
2023-11-22 00:00:00+00:00,2.741192359256312,3.585914255606948,4.064901627879127,3.208046414689252,3.5996504300018697,3.5821668233388118,3.58417577477014,3.537395061348668,1.3658503275931566,2.6149258256334913
2023-11-23 00:00:00+00:00,2.7434254397991937,3.596603760920196,4.075964907607294,3.218133797612651,3.610337820071602,3.592862380263861,3.59484889763231,3.5488972286317444,1.3667854271050357,2.619932624551342
2023-11-24 00:00:00+00:00,2.7486836887240353,3.602498939371891,4.077724521812265,3.217648561067315,3.6159428773828757,3.5987430597742707,3.6005260434643507,3.5536600663640305,1.3656998537113205,2.609758385616129
2023-11-27 00:00:00+00:00,2.744902494775142,3.585821425422344,4.052399467060618,3.1904903815914913,3.598721367856627,3.5820452611800193,3.5838846097317334,3.5346702680460886,1.3551390149073126,2.5804942383326215
2023-11-28 00:00:00+00:00,2.7492079284224094,3.594127577078348,4.070560662518093,3.2106859745508713,3.6074438220618736,3.5903433457090586,3.592340600514624,3.5453010721031624,1.3631853444803896,2.603305548869019
2023-11-29 00:00:00+00:00,2.70633543833047,3.5437175848344,4.0184780858186775,3.158356802657344,3.55711505426963,3.5399696425167773,3.5418351874257072,3.4969305936979693,1.3489801166086828,2.580877164405162
2023-11-30 00:00:00+00:00,2.753619936162414,3.6125817928752624,4.104323982795096,3.246601206995575,3.626567729623648,3.6087656629698377,3.6107719326180145,3.5645634877526557,1.3840742791248863,2.6476853871264616
2023-12-01 00:00:00+00:00,2.76539715104196,3.6248714039130276,4.115099572078885,3.255197319329901,3.638692156713491,3.620993651825702,3.622897761114645,3.5754461365887553,1.3847413029209499,2.6481291437802525
2023-12-04 00:00:00+00:00,2.7815836519167383,3.643420096516272,4.141908331253122,3.2844827158446295,3.657418845258532,3.6395274471746526,3.6414220465355114,3.5952464693349055,1.3949713203040857,2.678368508135699
2023-12-05 00:00:00+00:00,2.79803010269734,3.661539195102349,4.160714088537975,3.3068240992095173,3.675320648410985,3.657651688656535,3.6597009114263734,3.612865560419308,1.4006821179188678,2.696795412469962
2023-12-06 00:00:00+00:00,2.779657680482009,3.635949890354604,4.125839242403597,3.2695899842806884,3.6490935716119832,3.632072386992003,3.634158693989033,3.585027348008014,1.3852678409092498,2.6559040223369736
2023-12-07 00:00:00+00:00,2.7191380704793047,3.5574205072648413,4.032569966500072,3.1945134148799044,3.570132795428537,3.5536700853654457,3.5554122568438085,3.5089048794754625,1.3450396299038945,2.573023215389427
2023-12-08 00:00:00+00:00,2.7597290889556017,3.609637445323396,4.094756251695896,3.257754354528688,3.62268959225028,3.6058623815814244,3.6076882252769162,3.562767624725772,1.3580561210910935,2.601239185751407
2023-12-11 00:00:00+00:00,2.7637272742440127,3.616486969596657,4.101081835119994,3.2582451033091613,3.6294310410560287,3.6126505569345775,3.614598727072279,3.5689759709249014,1.3573613018939634,2.6008419257668907
2023-12-12 00:00:00+00:00,2.711463172806516,3.5410273238228505,4.010727955044336,3.163045758616339,3.5537098059134298,3.5373360957540876,3.539331971310369,3.4941693635963995,1.3213816590952956,2.524142679695066
2023-12-13 00:00:00+00:00,2.67952829896486,3.496346977218376,3.9602923397992345,3.1112069794204946,3.5089397555425026,3.4926430950498975,3.4946019128409485,3.4496727487694376,1.288133540606135,2.477235048447502
2023-12-14 00:00:00+00:00,2.650972128168009,3.4655173305593547,3.9222564224173246,3.096974355061208,3.4778439103613152,3.4618887340281517,3.463699956365856,3.419386249507867,1.283994346727656,2.4634758960533727
2023-12-15 00:00:00+00:00,2.5973266792423386,3.382682714256221,3.8285082832357498,3.0618090856101956,3.394857446814823,3.379136159542428,3.380934552615049,3.3388628794106703,1.2674168141879274,2.4321306060165377
2023-12-18 00:00:00+00:00,2.625486669985414,3.408375252976987,3.8643126794975897,3.0746514601267365,3.4209584643093254,3.4048074846205973,3.4065860245748314,3.363859594332503,1.2738077527884564,2.446030954486398
2023-12-19 00:00:00+00:00,2.686874937718377,3.500763655894791,3.974767162103048,3.115887208550116,3.5138187561996372,3.4971204584077045,3.4991173259141126,3.4557505680203313,1.2960145974409614,2.490012023971825
2023-12-20 00:00:00+00:00,2.6798031776345206,3.4889202007437,3.956803717104341,3.1094126623523293,3.501676668779825,3.48527897082072,3.487251005601756,3.4430212179604256,1.2916874858172707,2.482094271565154
2023-12-21 00:00:00+00:00,2.7038808445490075,3.5240908210650574,3.9953828133604246,3.123596425736619,3.5367932301065026,3.5204312067265544,3.5225492047654714,3.4777208090792673,1.2991505071020077,2.496837524964237
2023-12-22 00:00:00+00:00,2.661099446657274,3.465667288388803,3.9220241370451703,3.0965272969053266,3.4778862652885754,3.4620719877544306,3.464135007285886,3.419039384049967,1.2877303171651755,2.471122479751548
2023-12-25 00:00:00+00:00,2.6280117607189033,3.410717556075047,3.8552689507901095,3.0711253325922976,3.4224366072261807,3.4072004849259483,3.409329578436545,3.3646530241477532,1.2772975660881958,2.447778785254837
2023-12-26 00:00:00+00:00,2.6403192211784012,3.4297607734572484,3.8822836728836445,3.080214422143962,3.4418700307047247,3.426153297071882,3.428387717445268,3.3836994456970793,1.2809057587030521,2.456604020236625
2023-12-27 00:00:00+00:00,2.6727040473675623,3.474970288213843,3.9340533637331263,3.099458093699429,3.4872165218888065,3.4712418806236207,3.473653150696997,3.4268536445397597,1.2880268182661283,2.4699807394629985
2023-12-28 00:00:00+00:00,2.637704998507702,3.4241275423567195,3.871655826144845,3.0756394684506434,3.4359100296206875,3.420448841522135,3.422650054919761,3.3765720807873,1.2763112927329916,2.446895066823534
2023-12-29 00:00:00+00:00,2.655423985971527,3.4400995780564414,3.885011195735818,3.080521158705249,3.4515967336777327,3.436407711548912,3.4386850606142927,3.390021184616052,1.2806364620244373,2.4469468532019127
2024-01-01 00:00:00+00:00,2.620476286668579,3.3957712098638115,3.832625831330406,3.061372482877167,3.407110095821905,3.3921666609558385,3.394304716899075,3.345464381677523,1.2704546427877899,2.428447401111557
2024-01-02 00:00:00+00:00,2.618936517473995,3.4033293385045384,3.848150040736353,3.066769320331957,3.415124095038193,3.3997263102207835,3.4019186527036487,3.353052399722126,1.2708799089096399,2.434050332483055
2024-01-03 00:00:00+00:00,2.611034440797147,3.3897524173578817,3.8298268074101287,3.05851256800624,3.401172785816882,3.386159990402982,3.388399089878756,3.338673470350632,1.2695787750737142,2.422763991742202
2024-01-04 00:00:00+00:00,2.592252099132414,3.3616795803489916,3.7939220728126513,3.045912265170293,3.372815278884646,3.3579829540919945,3.3601047069832313,3.309625105756451,1.2610103719987795,2.4101117025523062
2024-01-05 00:00:00+00:00,2.6522626638920115,3.4439469646278265,3.88816980949452,3.0814590272628384,3.4553413101301107,3.4401729645098365,3.4423735572969414,3.3895819378407013,1.2785622890219406,2.439225885796833
2024-01-08 00:00:00+00:00,2.5955974230172165,3.37010877434139,3.803532389436326,3.0484766909150363,3.381109378511933,3.36637760333076,3.3684184043982404,3.318888500819037,1.261232168753763,2.4163385370158212
2024-01-09 00:00:00+00:00,2.5833635985227312,3.3604334634132327,3.7895156402685024,3.042990498976248,3.371146030122306,3.3566448007116723,3.358747516548873,3.3088994838758197,1.259062217178754,2.412744537008796
2024-01-10 00:00:00+00:00,2.5775244294598343,3.3455515163015033,3.7706220048143466,3.036235848661684,3.356066927410979,3.3416150178039556,3.343576082862932,3.2950592521345805,1.2504285194541762,2.4094834542085506
2024-01-11 00:00:00+00:00,2.639327983968422,3.4315126152811923,3.8688596033229277,3.0737756864290673,3.4422839103822,3.427470572316599,3.4294886421204396,3.3793680620370155,1.266588335822061,2.4387520893672274
2024-01-12 00:00:00+00:00,2.6420757785621487,3.4330281270550786,3.869874929897044,3.0741526200284004,3.443706173849459,3.429005807084203,3.430973291091257,3.3826563198609567,1.2681665516026994,2.442803628695979
2024-01-15 00:00:00+00:00,2.679222276581511,3.475620573369892,3.9225481670546554,3.0907970622618817,3.48661092717578,3.4715487689903335,3.473463189488799,3.4257975037122974,1.2750759841603658,2.461183052270376
2024-01-16 00:00:00+00:00,2.701622626691628,3.5165604682430205,3.9718348599673954,3.139803116164182,3.5278840629690955,3.5123612566560762,3.5141604910824076,3.468190713187825,1.2834165739262993,2.4811442555083616
2024-01-17 00:00:00+00:00,2.6816593373615993,3.4915782294147704,3.9407844640935625,3.10726126834834,3.502549963861467,3.487377382788256,3.489163641279276,3.446014282452855,1.2746741306475586,2.4736168775931713
2024-01-18 00:00:00+00:00,2.712596898408948,3.531295912522069,3.9834283372754875,3.1239809252302,3.542207029629429,3.5270305364434367,3.5288209387279954,3.4859723274621737,1.2825882481565969,2.489851755723573
2024-01-19 00:00:00+00:00,2.7140765936949696,3.5373468607648357,3.9881325336456985,3.1253908986736496,3.548148961211666,3.5330512115242336,3.5348661563307284,3.492723450346049,1.2831917740404373,2.492384977238615
2024-01-22 00:00:00+00:00,2.698301014320366,3.5152279681274154,3.9664293249351745,3.116772778612124,3.5262464788044334,3.5109568178120663,3.5128254325586807,3.472494925126514,1.2765956195860872,2.4863687548409366
2024-01-23 00:00:00+00:00,2.72483327764165,3.5547317879801645,4.019390428377486,3.172471188441539,3.566277725068139,3.5504179535988487,3.552351011794454,3.512316060055572,1.2969252622219725,2.5295285542697417
2024-01-24 00:00:00+00:00,2.7127461841553995,3.5396959032254696,3.9977380431200094,3.1482256660595893,3.5508210398436932,3.535373271807714,3.5373820197025236,3.497081531966828,1.2849804848817774,2.5128131168931493
2024-01-25 00:00:00+00:00,2.6999178542500473,3.5296298636980903,3.98625355742149,3.1360855844295688,3.5408455970416597,3.5252614429840987,3.5272563269589994,3.487079662314976,1.279904374045854,2.503569257899537
2024-01-26 00:00:00+00:00,2.6845499655455884,3.5080747655995337,3.9587036446787796,3.1068097597619335,3.5190420585929543,3.5037031699355663,3.5056292734704044,3.465167311540341,1.2647366626197065,2.479615598357441
2024-01-29 00:00:00+00:00,2.689716277623308,3.5254702379674296,3.980643762728892,3.1291482865392743,3.5367076422301196,3.5211054055834654,3.5230620867735736,3.482403724859019,1.267826767085882,2.4892597394785527
2024-01-30 00:00:00+00:00,2.6406665136817296,3.451643383759261,3.887669126584157,3.0551981002956654,3.462304417988633,3.4473481216884663,3.449249403586426,3.409388461990269,1.2324878502278105,2.428359999094669
2024-01-31 00:00:00+00:00,2.662497381933402,3.487286137623229,3.933695008061356,3.1041930375681144,3.4982919006327293,3.482907610068888,3.484819675695645,3.4440633006200785,1.2489325778742661,2.461535247738979
2024-02-01 00:00:00+00:00,2.647258773723213,3.466339460901778,3.9062472500796273,3.09333190348718,3.4770477584400843,3.461997336743292,3.4638807802303715,3.4223912751140104,1.2431932222662487,2.4488060628383175
2024-02-02 00:00:00+00:00,2.617820794841976,3.4245760695170304,3.8562512264385034,3.0441126323331313,3.4349190146442283,3.420244172543597,3.4220915412441677,3.382576159476781,1.233563726498319,2.430837302852023
2024-02-05 00:00:00+00:00,2.6592589282053876,3.4913600844438477,3.9312701625215456,3.1203531337915305,3.501801485361265,3.486941665171171,3.4886819357144194,3.446570403572489,1.268252182238215,2.486674716520536
2024-02-06 00:00:00+00:00,2.7096102063120644,3.5496849724170874,3.9992806743595857,3.1434389015116566,3.5602707925740553,3.5451318722610865,3.54690414587375,3.5030179600394966,1.276378522933191,2.5088821939492645
2024-02-07 00:00:00+00:00,2.716597476542547,3.563661041922945,4.013384068426195,3.1572056656619845,3.5742229308590097,3.5590456167731084,3.5607152364244308,3.5161591297561716,1.2744423608069808,2.5110622568618095
2024-02-08 00:00:00+00:00,2.7030695101659203,3.5423064935566537,3.986391461622111,3.1278587109094,3.5526748730701607,3.5377224378831675,3.539509485767629,3.49464786276296,1.2587866546145345,2.481800804416367
2024-02-09 00:00:00+00:00,2.647508880194815,3.4634844734599484,3.897891473190833,3.0350354799503516,3.4738397581226708,3.459017794255362,3.4606153804131825,3.4191044204598904,1.2447684663641545,2.4444292133968193
2024-02-12 00:00:00+00:00,2.6425701920417963,3.4580223921066766,3.893420665776819,3.0328271335784818,3.468338139758914,3.453500756068902,3.4553612146889914,3.412915928070913,1.2395141046127096,2.440787309474894
2024-02-13 00:00:00+00:00,2.6076030162971375,3.4151981328981567,3.8419281892595736,3.0141600782962406,3.4253137769522803,3.410760670835904,3.4125376196520976,3.370516539921512,1.23413317542339,2.4201058586864885
2024-02-14 00:00:00+00:00,2.6195164840894387,3.4393599831775465,3.8645342515823002,3.023697486030158,3.449310991324297,3.4348313616966357,3.4367448715832096,3.3934950956501653,1.237681242695044,2.4262475314601137
2024-02-15 00:00:00+00:00,2.5825168239960203,3.3798202885327138,3.7943746258388416,2.998042665948492,3.38957411919325,3.375384764106627,3.377140019790812,3.336049040130002,1.227001883657579,2.4046042713545748
2024-02-16 00:00:00+00:00,2.6196645446662714,3.4264811086511098,3.8506145788084147,3.0198828479855933,3.436608614649839,3.4219774717395914,3.4237168494226116,3.382795810225576,1.2343098254418847,2.4269414694667377
2024-02-19 00:00:00+00:00,2.6477046934608763,3.461897226622227,3.893570824392297,3.035383401089349,3.4721864043810116,3.4573669806041187,3.4592486453802103,3.4180275113584515,1.242973856333842,2.4410351322789894
2024-02-20 00:00:00+00:00,2.659930380253195,3.47592781055375,3.9132630484269675,3.0424066719340646,3.4864372896966036,3.4713762067680616,3.47341700207117,3.432269505688182,1.2476656618682485,2.4502488291110005
2024-02-21 00:00:00+00:00,2.678564604858506,3.4999866029037214,3.94034482679293,3.0522402916945452,3.510565059987628,3.4953527309098553,3.4974617332123645,3.455834396968983,1.2534253797056452,2.4581745482504087
2024-02-22 00:00:00+00:00,2.6779576379662124,3.492676992400059,3.9282312052572887,3.0480915952373198,3.5031468507583194,3.4881230046078624,3.490168085893321,3.447959379196534,1.2529029419791387,2.4545935227930515
2024-02-23 00:00:00+00:00,2.66670388317051,3.4666973712383804,3.896731184068823,3.0371588248900045,3.477108738837824,3.462192222055917,3.464236568213475,3.422825839897516,1.2471063001629406,2.4467100792896423
2024-02-26 00:00:00+00:00,2.6422323677170603,3.435685671746681,3.862144028812172,3.024672105925017,3.4460975476635247,3.4312312587923044,3.4331720629158085,3.3942030840081587,1.2407347910861974,2.4395634259124512
2024-02-27 00:00:00+00:00,2.6754171521998322,3.4776076042049633,3.9121572204874293,3.0431200486136367,3.4882344569602592,3.473079638448321,3.4751027283808993,3.4345191275630405,1.248739606073809,2.4525033221338575
2024-02-28 00:00:00+00:00,2.697740537153278,3.5169938439189306,3.960995366193249,3.0586287262106064,3.527807435631316,3.512439999194667,3.5147489232650684,3.473437774325039,1.2552783189408854,2.4649858711621855
2024-02-29 00:00:00+00:00,2.7304534674754484,3.566337657700684,4.022662857061046,3.120936989350769,3.5776245331794003,3.5617472512262833,3.56401872513088,3.5240675041304494,1.265562387358998,2.48945804330808
2024-03-01 00:00:00+00:00,2.728539051784498,3.5678629320224524,4.029875162985414,3.1294223058786663,3.579388149131924,3.5632307905989458,3.5656243465102704,3.5241807531374207,1.2616919626801624,2.48934914839388
2024-03-04 00:00:00+00:00,2.740522070711573,3.589664386631706,4.053323999835414,3.154425051030575,3.601082426415162,3.5850008797451567,3.5874214639170274,3.544027190568265,1.2687470585131726,2.502866206389978
2024-03-05 00:00:00+00:00,2.7418735943849257,3.5880062451081325,4.04512680426643,3.1422460806118906,3.5990834937230973,3.583350062526335,3.5856185591216807,3.540878344456617,1.273359543303703,2.4850761812431195
2024-03-06 00:00:00+00:00,2.752253034830684,3.60732456769712,4.073809079199954,3.1725976726696765,3.6188902817729884,3.602646849906938,3.6049060253520695,3.5626354203733395,1.2812606886237312,2.5129044140414893
2024-03-07 00:00:00+00:00,2.7157910111165138,3.557227805843388,4.0134404068935305,3.1107937067701164,3.568359534637482,3.5526238376497146,3.554879713744037,3.515609631902321,1.273873359963912,2.489936614513108
2024-03-08 00:00:00+00:00,2.7017776325367002,3.5310605101268377,3.975723229774306,3.0689121421720054,3.5414615962910787,3.526489586750858,3.5287685182280226,3.4875239168829832,1.2606537394436,2.45151962439628
2024-03-11 00:00:00+00:00,2.7173762339627454,3.556421776178785,4.015198074782833,3.07894602543141,3.5675702320560796,3.551727231674685,3.55416952435633,3.5168481344120566,1.2676779739753716,2.471637086565249
2024-03-12 00:00:00+00:00,2.698787524959081,3.524826672431428,3.979615382491023,3.0474635232206713,3.5358574345944875,3.5201089038518414,3.522685400402054,3.4862407541174774,1.2465037782663277,2.4533680298339635
2024-03-13 00:00:00+00:00,2.669768599411859,3.4748550663819953,3.9227108804153956,2.989618233670647,3.4856863074689595,3.470021996165381,3.472716699691199,3.44022831823708,1.2115551671206712,2.4182607090254757
2024-03-14 00:00:00+00:00,2.6961851865549655,3.50409743019499,3.946743300103095,3.0076560054572195,3.5145717351145955,3.4991883611812846,3.5019527170763007,3.4666325244882312,1.225115996790466,2.426585418601999
2024-03-15 00:00:00+00:00,2.6968117165644556,3.5063438954426287,3.9495871560218614,3.007939141346925,3.5169126469415026,3.5014142864341284,3.5042679438027693,3.4704632249423595,1.2220645529793248,2.4297750642875084
2024-03-18 00:00:00+00:00,2.7293347306254363,3.550002862790912,3.9989121510362584,3.057012622239539,3.56055382214703,3.5449610639366402,3.547998417533663,3.5123970751190057,1.242764191375651,2.4678125175604038
2024-03-19 00:00:00+00:00,2.772016205927336,3.6092385685181063,4.071545710375173,3.1283800746103894,3.620300136398994,3.6041361385923945,3.6070578435879073,3.5727127212169174,1.2774242133023517,2.532617501253991
2024-03-20 00:00:00+00:00,2.76991948474624,3.6125932062519395,4.068998866883737,3.12487984765,3.6235396147708783,3.607508874916405,3.6102389389027096,3.5743788076793384,1.277748408740864,2.525852277857476
2024-03-21 00:00:00+00:00,2.7904292869427976,3.639770553246251,4.096638112551761,3.151814891028087,3.6505421446594783,3.6346573563183426,3.6373364521794174,3.6007814141264514,1.2947281815340481,2.547844734203757
2024-03-22 00:00:00+00:00,2.7318689087774883,3.569095653334716,4.009260814748163,3.083075546312867,3.5793068878090253,3.564062882088979,3.5665858154730414,3.528415644143785,1.2585548786719924,2.468132189002772
2024-03-25 00:00:00+00:00,2.754604235798143,3.598136043396938,4.045101512957905,3.1187822401249106,3.608605072314368,3.5930663179096833,3.595764365909462,3.5551029678551913,1.2631025103287798,2.47761698109702
2024-03-26 00:00:00+00:00,2.744885142250491,3.5860119258084553,4.027114332995793,3.0985898639056386,3.596270114139474,3.5809658941643003,3.583653925232631,3.5424070145513906,1.2595850396101647,2.456521240111997
2024-03-27 00:00:00+00:00,2.7533740168856875,3.5972333674650443,4.037967073684591,3.1063784619537835,3.607454602213707,3.592196575933903,3.5949697288858204,3.5514846726076974,1.2624374094915745,2.4533303826882276
2024-03-28 00:00:00+00:00,2.7466884807487633,3.5903452301236616,4.033609857648032,3.102494498110462,3.600843441761382,3.5853780952787733,3.588128183591844,3.546712280888392,1.2588686222742158,2.4620527007097897
2024-03-29 00:00:00+00:00,2.68702330125546,3.51774029431188,3.9485230176110777,3.0206491899373304,3.5275888265818294,3.5128268357461394,3.5155996468695214,3.472826178027944,1.2434164966726955,2.429093416637511
2024-04-01 00:00:00+00:00,2.666209356503523,3.4943696862688096,3.9224290191011835,3.0104807349342355,3.5041845819252733,3.4894329867774885,3.492095119296481,3.449864602943652,1.2369945413597936,2.420199873042864
2024-04-02 00:00:00+00:00,2.5984326991670557,3.403533588579442,3.8143605609064193,2.972058624298139,3.4128998712384293,3.398713185600466,3.401184305373653,3.3612508782782373,1.2175171400521916,2.380743337203433
2024-04-03 00:00:00+00:00,2.6117960445484254,3.4151610381805173,3.8276377333390985,2.977089955960225,3.424576725052327,3.410295942717179,3.41268547434283,3.3722928543244683,1.2160870118974085,2.3845707987091767
2024-04-04 00:00:00+00:00,2.591488741569727,3.3986609899995375,3.811868936356351,2.9700531459838406,3.4081682374278843,3.393799690022209,3.396009468111861,3.3579252121606618,1.2105423074974377,2.382931323151353
2024-04-05 00:00:00+00:00,2.6114824277466004,3.4287888849455275,3.8528889961063215,2.98419793954701,3.438722190011248,3.4238516104351944,3.426259863230661,3.3883976776261853,1.2160671354402908,2.399487430419847
2024-04-08 00:00:00+00:00,2.632737783349096,3.4579709870064623,3.887960578926498,2.99643394519914,3.4680219259027343,3.4530031588670065,3.4554818554594156,3.418216063304731,1.2240937611251523,2.412369464063882
2024-04-09 00:00:00+00:00,2.671158365482778,3.509321413406272,3.9512763851089727,3.017758653837429,3.5196363289136516,3.5042725064922444,3.5069622166576973,3.4677738288006075,1.233125763176876,2.4314259387989448
2024-04-10 00:00:00+00:00,2.707149131825487,3.5611671149296704,4.017418325216605,3.0419149419382894,3.572032380037226,3.5560363968245596,3.558897194911543,3.519705525374072,1.2439049299891352,2.4569648350132853
2024-04-11 00:00:00+00:00,2.724734062872916,3.580231405957481,4.045426559511111,3.0494588127549225,3.591604928165862,3.575038551927296,3.5777266222717574,3.5400648739803895,1.2468288646303336,2.4677174528270975
2024-04-12 00:00:00+00:00,2.762473606889142,3.6326534632717964,4.104361205782147,3.1068511834329082,3.644091160055092,3.6273428272190635,3.63006376503812,3.590041042430946,1.2716232872359339,2.500487379773124
2024-04-15 00:00:00+00:00,2.801106390641588,3.6945053118608433,4.176124851056052,3.1562227577495396,3.70620963949876,3.689118743510211,3.692020671714445,3.650143216041767,1.2823371648011537,2.5226751599605417
2024-04-16 00:00:00+00:00,2.818638886385838,3.7154566941528038,4.199647934584017,3.1789096790905735,3.727219278724948,3.7100669228307064,3.713097687908488,3.671408748790602,1.2920610526381109,2.5414313132749764
2024-04-17 00:00:00+00:00,2.8001903805053265,3.6905543005917454,4.165891260544521,3.145436199353262,3.7018848023239816,3.685194018305905,3.688161968358094,3.645998232865472,1.2855974546708644,2.5283632073623035
2024-04-18 00:00:00+00:00,2.84806873435543,3.7566161804151132,4.256104973520617,3.235249915541169,3.7691579597005953,3.7511958282439997,3.754380925975513,3.7112920326190353,1.3017730425580771,2.5612470107284735
2024-04-19 00:00:00+00:00,2.8132339773617083,3.7042173337510813,4.190097486817129,3.1874089035805038,3.7161881483558625,3.6988353339479794,3.7018666122625676,3.6592161771674667,1.2892365572716113,2.537145929391126
2024-04-22 00:00:00+00:00,2.847880759179204,3.7501730865516376,4.249875077868984,3.2495161769586973,3.7626933396555167,3.744746173422442,3.7478439268722568,3.7055444898244256,1.3186875321442626,2.583828525179452
2024-04-23 00:00:00+00:00,2.8096333153215785,3.70164811297026,4.186851629710836,3.1817770697128127,3.7136032432742714,3.6962106659576115,3.6993171442149477,3.657085711590086,1.305744848945048,2.5577927226937835
2024-04-24 00:00:00+00:00,2.8253880927657207,3.7200212240420694,4.212272692307219,3.208704679911771,3.73231645264649,3.7144688955826277,3.717621251047377,3.6763009019358877,1.3065960924716264,2.5798688045920923
2024-04-25 00:00:00+00:00,2.836141641743908,3.725969496445865,4.22703776838585,3.2255813476289,3.738894035168334,3.720432231396748,3.723507614420964,3.6827390728477316,1.3076229407603566,2.596667700088164
2024-04-26 00:00:00+00:00,2.8581227210865374,3.7695751534529864,4.281671196336018,3.283725781415517,3.783043578264407,3.7640370814516353,3.7672336099631014,3.726247559435662,1.318414514593773,2.6218408721074913
2024-04-29 00:00:00+00:00,2.8820106313336162,3.797758275365935,4.311363501762644,3.310922710283813,3.811098172885955,3.7921570857683595,3.7953767038162654,3.7542751309804414,1.3319014032800867,2.647285794604024
2024-04-30 00:00:00+00:00,2.8652945451602365,3.7868182371558965,4.304541224854497,3.3062275332324003,3.800396971635546,3.781240287194078,3.784487178461691,3.743275043166873,1.3251356116627422,2.6461043269199402
2024-05-01 00:00:00+00:00,2.887758825012542,3.825601525883185,4.351642595676831,3.3544889459335074,3.8395236303036944,3.8199513554150264,3.823290099029247,3.7813206493917257,1.3456542330759353,2.684262388994891
2024-05-02 00:00:00+00:00,2.8841021034256906,3.817422392550476,4.339776193425994,3.3399739171852727,3.8312020016530615,3.8117605654160154,3.815135814094221,3.774772241235742,1.333661687957173,2.6735563619160505
2024-05-03 00:00:00+00:00,2.8641595562660367,3.7938004112332786,4.310542526309998,3.3073985102601053,3.8074211277053576,3.7881723775937375,3.791433276730085,3.750571363896466,1.3270288864367568,2.6574355879231653
2024-05-06 00:00:00+00:00,2.8440899845299192,3.774992157665864,4.280386134007619,3.2831584278532335,3.788007711026953,3.7693972700621408,3.7724410904982273,3.730399049763959,1.3115711196375177,2.6215212260882015
2024-05-07 00:00:00+00:00,2.838546057891833,3.768795743386673,4.276002724012795,3.2765453623449683,3.7820853986908234,3.763211225128161,3.7664033572614537,3.725870737379739,1.3118546702008331,2.6199029312419713
2024-05-08 00:00:00+00:00,2.826313193915766,3.7592067987838433,4.26099618819212,3.2572948281883094,3.7724699148428407,3.753475007724724,3.7567000173962675,3.716196995434956,1.3080468514087396,2.609573356263613
2024-05-09 00:00:00+00:00,2.8484827606509904,3.793626723464337,4.296589989834366,3.290157800866263,3.80668884752174,3.7878075805417097,3.79085746162068,3.748099776759243,1.3218140168039714,2.6330052193933224
2024-05-10 00:00:00+00:00,2.8058752352309435,3.7379102918285474,4.234266824649159,3.24120345830912,3.750833782805619,3.7321500370761136,3.735282429707844,3.6924544726778104,1.294856016012568,2.5788760735941785
2024-05-13 00:00:00+00:00,2.847069983272003,3.8054023761407256,4.31276955781012,3.32188128281521,3.818344214275106,3.7996567686260407,3.802934075129487,3.7587456845581535,1.3319513870833481,2.645247078745484
2024-05-14 00:00:00+00:00,2.8529745594938407,3.814295179239416,4.320714453432726,3.328597259786894,3.827311670907401,3.8085565551069376,3.811949091280327,3.768277540342946,1.3333938522012314,2.6455148831321558
2024-05-15 00:00:00+00:00,2.8456312650401907,3.791536488437752,4.283824049329386,3.288405245736986,3.8039407127325764,3.7856801087813245,3.789195935546555,3.7415715602549784,1.3130361070511434,2.5949993326301715
2024-05-16 00:00:00+00:00,2.8645908563202274,3.8181589829171116,4.318045734037525,3.3215266106036263,3.8306984440497844,3.8122376056007306,3.8155802118063944,3.7695028905506724,1.3253007867616804,2.6247851790848777
2024-05-17 00:00:00+00:00,2.881398442319451,3.8482883260597607,4.351915441406394,3.3439080440488422,3.8607365190244036,3.8423418622237153,3.8460071970883005,3.795785714787293,1.3322371205287387,2.6342633717662487
2024-05-20 00:00:00+00:00,2.8331251468681864,3.783664665070778,4.272478665678294,3.3100991697394586,3.795715372628728,3.777733320250505,3.781175771749556,3.732280415772501,1.3188151892337394,2.6022010541769918
2024-05-21 00:00:00+00:00,2.827346661964544,3.770981505723504,4.250523268936195,3.2820651301736796,3.782541788720191,3.76503319244459,3.7683201940829543,3.7174938778223274,1.3085802097476227,2.5748871557587294
2024-05-22 00:00:00+00:00,2.8278194506435175,3.7736188206673984,4.251110343811585,3.282164714806342,3.7851265507521474,3.767603658476332,3.7709246868352726,3.718511899565296,1.309422386857095,2.572129916760805
2024-05-23 00:00:00+00:00,2.8033453003864106,3.740300074545361,4.2160597082976174,3.267470065583824,3.7517640589638246,3.7344123128773243,3.737815654896583,3.6865146026253526,1.3058259097164102,2.563011870701656
2024-05-24 00:00:00+00:00,2.835842391645627,3.7885863166163554,4.278339955273638,3.289526834579581,3.8001340206001197,3.782631630567933,3.786128559498349,3.7354799342754803,1.3157404817554494,2.5877941748207896
2024-05-27 00:00:00+00:00,2.8008098390347618,3.7337495159200396,4.211593468307938,3.2642315854544526,3.7447768650004782,3.727940323882862,3.7313798115970847,3.680649707528139,1.306170154464431,2.562027642870848
2024-05-28 00:00:00+00:00,2.8053728281487245,3.7450329541268164,4.222156753667369,3.2690051914657765,3.7560497492444123,3.739226050021106,3.74264868050795,3.6901116949352426,1.3109988897470024,2.562331075278379
2024-05-29 00:00:00+00:00,2.7616820401291005,3.6793701378654435,4.145319496913078,3.2406512902629947,3.6902612321481514,3.6736701464980306,3.6770986372490433,3.6255581542300352,1.298048019307611,2.537035957418071
2024-05-30 00:00:00+00:00,2.7522413043273275,3.6686252968111024,4.129916622542301,3.2337002228303766,3.679335940384107,3.6629034624704286,3.6661822555510306,3.6140654585115883,1.2945540883445519,2.528589248571449
2024-05-31 00:00:00+00:00,2.7667072140464075,3.689840846119434,4.156923745230479,3.2429908409392514,3.7007366145698595,3.684179273850387,3.6875573873413994,3.6340864008128677,1.299630864861079,2.5334982161779496
2024-06-03 00:00:00+00:00,2.74067972465569,3.6484382932413912,4.111653669901329,3.2260247808082685,3.6593541923331725,3.6428875776542378,3.6463981455986225,3.5941679205668806,1.2937243376003824,2.5208000817234217
2024-06-04 00:00:00+00:00,2.7666211862064514,3.6790507180712937,4.145504343260118,3.2380398522152807,3.6899843902752307,3.6734958966057505,3.677147511972296,3.624727976770465,1.3017954393441118,2.533533919655017
2024-06-05 00:00:00+00:00,2.7677980807342997,3.677606988342259,4.1470078614376735,3.236400966569496,3.6885318481204488,3.6720605653739424,3.675881562286968,3.623877776421397,1.3020534719606451,2.5322379999608846
2024-06-06 00:00:00+00:00,2.780237254971614,3.696334668299424,4.162744897070884,3.242259393430532,3.7068378661431183,3.690758642979783,3.6945979981989674,3.641323827038867,1.3048038712109404,2.5349254116546023
2024-06-07 00:00:00+00:00,2.8170815273862555,3.7440730783999836,4.221148680817496,3.2640410384631826,3.754943380698604,3.738423604133009,3.742225147085312,3.690229325679561,1.3141236008880914,2.55729760104027
2024-06-10 00:00:00+00:00,2.8243275499847065,3.7501162356709132,4.232885559761817,3.2673462040886667,3.7610367648086434,3.7445062124267197,3.748266690421162,3.6965453817339697,1.3170111950743277,2.5591218515382637
2024-06-11 00:00:00+00:00,2.8527647837280097,3.801002223333112,4.297925589264665,3.291515772767284,3.8122955699667647,3.795305721267715,3.79923168215885,3.747423522710663,1.3243507514793502,2.5818083444806956
2024-06-12 00:00:00+00:00,2.8040279030167703,3.723467571086733,4.2011315668473115,3.2562608664442236,3.734152440363433,3.717892463077723,3.721691195567807,3.6703187161899384,1.3077819169215008,2.5477999591880307
2024-06-13 00:00:00+00:00,2.8246495036585095,3.754212697693724,4.2432456210841565,3.271418643302862,3.7654094661767923,3.7485874974655506,3.7524064852285877,3.702771828745955,1.3144091619180545,2.5636464928377505
2024-06-14 00:00:00+00:00,2.8308437465601592,3.7701922572274467,4.254119571250076,3.276390995409205,3.781267984355032,3.7645911826382217,3.7682157736701223,3.7164510347648547,1.3182048185264994,2.5654560074952335
2024-06-17 00:00:00+00:00,2.828932073386343,3.770505524896486,4.256385853900876,3.2764731327964856,3.7814476430365134,3.764761719763683,3.768584776610529,3.7169198065702607,1.3160090949061345,2.565506999448087
2024-06-18 00:00:00+00:00,2.79371123528135,3.712962142995752,4.185617381745182,3.252068420479336,3.723618103447459,3.7072394047540316,3.7109517395450906,3.6599593326561597,1.3035437506529959,2.546206741651813
2024-06-19 00:00:00+00:00,2.8332362791153924,3.7679223464270795,4.255224813925182,3.277750415670746,3.779100269791661,3.7620226500181673,3.765676929493175,3.7162455604636575,1.3133616853887013,2.570374770586365
2024-06-20 00:00:00+00:00,2.8723123977748464,3.8271516751591372,4.324480215613042,3.3028385341470696,3.8385799100389093,3.821172545873935,3.8249723729352234,3.7730044382511605,1.3243469495264766,2.5852122015385337
2024-06-21 00:00:00+00:00,2.9014671969027193,3.8717763652057884,4.378581648513938,3.3201446824674905,3.8838013003338188,3.8655491964799533,3.869350909211019,3.8189002213764915,1.3278799860400141,2.6043195371384105
2024-06-24 00:00:00+00:00,2.871781760940205,3.826321163354842,4.325859939521341,3.269458293802611,3.8381950415328565,3.820165937007952,3.823903476768255,3.7736190841810977,1.309493067336607,2.5642599003869795
2024-06-25 00:00:00+00:00,2.9007297989813368,3.8583465732515263,4.374260748742845,3.3196748225181114,3.8710600205838066,3.852158313195757,3.8560708491739666,3.807774675641617,1.3293425320721923,2.6064701516717843
2024-06-26 00:00:00+00:00,2.886227804499997,3.832181887858279,4.346984864812386,3.29094727086756,3.844810743055093,3.825971804605996,3.829766861189087,3.783692139932756,1.322486934441338,2.5996392623506757
2024-06-27 00:00:00+00:00,2.9204434299862316,3.884957928533125,4.406111038690304,3.3497692442737756,3.897642004935487,3.8787155599545673,3.8827078809579976,3.8354947554901018,1.3574742343245887,2.638298560686274
2024-06-28 00:00:00+00:00,2.892530976213916,3.851896228569897,4.357221785895316,3.29777645915835,3.8639210280538423,3.8456874239868712,3.8496940462268117,3.7997347979146445,1.3430786696094372,2.589716587450157
2024-07-01 00:00:00+00:00,2.958685050240948,3.9593779699419294,4.487443045058645,3.4263874950807485,3.972131476403235,3.9530130508904486,3.957108149484649,3.9067577269728884,1.4006880632048329,2.6933516482455264
2024-07-02 00:00:00+00:00,3.0098614774219534,4.023545653924774,4.567291221312844,3.510781846118966,4.036680848311565,4.0169785064050245,4.021318408120614,3.9686975245010943,1.407664038783507,2.7214775679451555
2024-07-03 00:00:00+00:00,3.0085453109882665,4.01290890871051,4.555449339693273,3.4992863963276353,4.025959223783129,4.00635703629021,4.010597339821125,3.955957182648033,1.4025449563358003,2.7036536459666505
2024-07-04 00:00:00+00:00,2.982732938299162,3.9663985063116276,4.498809970628813,3.4432063860961777,3.9790827309793055,3.959879661611424,3.9639201768119183,3.9093363198945053,1.3793327731388916,2.6599871472712047
2024-07-05 00:00:00+00:00,2.983420612268062,3.971730574859524,4.513446256241376,3.459329383092469,3.9848510192776616,3.965207902117854,3.969229180052384,3.9173693686555704,1.3799070761974597,2.6802954204423437
2024-07-08 00:00:00+00:00,2.9659591886873122,3.942765506760389,4.481296418120345,3.428687329201052,3.9559089468538327,3.9362731997256377,3.940242216304553,3.890613111469723,1.3611343348148623,2.662454767614725
2024-07-09 00:00:00+00:00,2.9794279613451,3.9625401077381737,4.509773316839617,3.4585647572333125,3.976032235448626,3.9559766542901023,3.959879294639434,3.9124533818550975,1.3642790649574748,2.6852859159836906
2024-07-10 00:00:00+00:00,2.9746455451667284,3.956394589303617,4.4946145250934855,3.4388693738758147,3.9693225360845816,3.9498712943248373,3.9539437524852135,3.9053811515388945,1.3653568769598825,2.6761132775805794
2024-07-11 00:00:00+00:00,2.9929051642237745,3.9893829920522674,4.531968738175829,3.474428784556306,4.0021579383788515,3.982729492707317,3.9867831583528224,3.938138249412726,1.374256142143016,2.7080765285909103
2024-07-12 00:00:00+00:00,3.0179170144404046,4.022467877275066,4.572731790710728,3.516451132864153,4.035457058030695,4.01568336794266,4.01976735797129,3.969013812641294,1.3797650509027959,2.7219166449455168
2024-07-15 00:00:00+00:00,3.020812851526228,4.023609313620897,4.569937890568848,3.5109777069161288,4.036358624814108,4.016748643544489,4.02093726827334,3.9697298480285115,1.3796765455684576,2.7182579432987573
2024-07-16 00:00:00+00:00,2.948029439778233,3.922425504224131,4.44748770108415,3.3855673287327344,3.934438564732236,3.9156809989645405,3.919717772988513,3.871773601740069,1.3552068776250454,2.6711978760884376
2024-07-17 00:00:00+00:00,2.9899580135116057,3.9746376593934807,4.51190078382866,3.4532118905377502,3.986918719212699,3.9678673257393404,3.9721444394341856,3.923981521919975,1.3867324038330127,2.735492192824254
2024-07-18 00:00:00+00:00,2.9934231128246203,3.9869871937367156,4.52574274830261,3.4660529615131823,3.9991271496945435,3.9801898792458066,3.9845632467125087,3.933647652411218,1.3971110910204314,2.7395778696527455
2024-07-19 00:00:00+00:00,3.015769403802319,4.024379982976482,4.566471493199778,3.506115114874902,4.0364287477818666,4.017623938075578,4.02209527638737,3.970357515602025,1.4203161742775934,2.769792544420201
2024-07-22 00:00:00+00:00,3.0092616255048124,4.020190029544164,4.563820173667787,3.502788755533897,4.032430397395607,4.013185324486933,4.018055191814699,3.9677876446341465,1.4160646702467847,2.7704208470860148
2024-07-23 00:00:00+00:00,3.03502589612788,4.059134927722999,4.610429246807001,3.548645054618529,4.071317309127683,4.052098701602027,4.056996339795492,4.005558985878329,1.4386429733680786,2.8090429113713866
2024-07-24 00:00:00+00:00,3.0218295336368595,4.040073124780496,4.58628059578907,3.523934776944519,4.052115869247845,4.032939941030508,4.0376658430415056,3.987730077300434,1.4313874612323587,2.7977037988709905
2024-07-25 00:00:00+00:00,3.0693902325474043,4.1113084324492855,4.678923313088267,3.62137057438621,4.12405899822342,4.104131269884412,4.108942398777963,4.0600601926659765,1.4719786777556845,2.8830894342112776
2024-07-26 00:00:00+00:00,3.0058846059433058,4.021891962917627,4.572572987088915,3.513242675606118,4.034257205606096,4.014870080575022,4.019603160328436,3.970378167614223,1.4252477929649303,2.7914346040714286
2024-07-29 00:00:00+00:00,3.0057352953396936,4.0229318548437325,4.575511555930351,3.5205527067774036,4.035271756303813,4.015897862233784,4.020731488166036,3.9733464561700282,1.4255753201258792,2.8056029210476505
2024-07-30 00:00:00+00:00,2.9480778490831097,3.9405322990269185,4.470657984422255,3.412473674276215,3.9519815852996625,3.9336542452164713,3.9381800191615306,3.8916771316617984,1.383415805184797,2.716252984555016
2024-07-31 00:00:00+00:00,2.8961028631635837,3.872661675295409,4.394361982474081,3.335930073702821,3.88385701069569,3.8658791753822097,3.870445424652755,3.8276442889173037,1.3429603165321937,2.659680525958117
2024-08-01 00:00:00+00:00,2.9115583205556814,3.896525269388119,4.422742079708836,3.3468656549605833,3.9078783028198263,3.8896777990911637,3.8942595465286445,3.851905221109915,1.34615214776263,2.67189608317373
2024-08-02 00:00:00+00:00,2.900915483481638,3.8782012733775826,4.397030833460391,3.337951084304341,3.889344101837756,3.8714027761033845,3.875911092622713,3.83511827690515,1.3442527419734542,2.665711384052279
2024-08-05 00:00:00+00:00,2.8686873412778504,3.836022467671816,4.350148711470532,3.32122176049444,3.8472409064578836,3.829303694655572,3.8336267463134814,3.7955591354007336,1.3386725286367038,2.6550851289003004
2024-08-06 00:00:00+00:00,2.884462535619808,3.847732412627931,4.366259799842251,3.326455810485584,3.8591213261965565,3.8410172322713434,3.845375513926878,3.8075067346422466,1.3424156517684875,2.6609263729550934
2024-08-07 00:00:00+00:00,2.8159397120925465,3.7592158489257983,4.25926121867234,3.2876252210678754,3.770116280380509,3.7526406713515157,3.7569890587667985,3.7194770455694894,1.3239116213674489,2.6212643071520163
2024-08-08 00:00:00+00:00,2.7820073322676895,3.710401973896594,4.195936881351674,3.264975270107642,3.7208229407483313,3.7039295041570024,3.708269444169968,3.669852997472414,1.3150700014050662,2.5970080343441206
2024-08-09 00:00:00+00:00,2.7655867416149724,3.679376008641474,4.1590216380216525,3.2516896707032026,3.68965614687742,3.672969764734052,3.677204288992898,3.6388630640334387,1.3067252594561463,2.582658825846921
2024-08-12 00:00:00+00:00,2.7429521102868057,3.64539466827694,4.122174966669213,3.2368086764806887,3.6556381456861193,3.6390870223118603,3.6433766137756334,3.6046960579168736,1.3015362803509376,2.566109854422112
2024-08-13 00:00:00+00:00,2.7437331017553674,3.642697836377108,4.121697490281028,3.235347982399993,3.6530223696692947,3.636407051358191,3.64076488014238,3.6038410379806614,1.3044576957476102,2.568165557679509
2024-08-14 00:00:00+00:00,2.79587831604673,3.7185303712249893,4.209981249525098,3.2676908645561715,3.729042305603143,3.7121277520713463,3.7168564747689654,3.676812828409113,1.321876967491953,2.5911040042831974
2024-08-15 00:00:00+00:00,2.754339683050015,3.665649375149094,4.145705073529116,3.2437555731680856,3.6758164636484776,3.6593395429517765,3.664093108633315,3.6244692650104464,1.310996013188498,2.570278703721735
2024-08-16 00:00:00+00:00,2.757960844744503,3.677334419405745,4.164683660339405,3.2486750123661667,3.68768511907055,3.671024605089903,3.675886261697428,3.6383812522836334,1.3148755700876282,2.57881787655923
2024-08-19 00:00:00+00:00,2.7509929853688746,3.671332069324123,4.162360513393891,3.24741158616073,3.6818617971419094,3.6650259884255836,3.66990265607831,3.632990070208334,1.3125784420965547,2.578805132972864
2024-08-20 00:00:00+00:00,2.7331019333213424,3.6365244773122614,4.121563189581678,3.2316736871675222,3.646864032304938,3.6302821059764425,3.6350631051571733,3.5977928453731707,1.305261355820248,2.5614158118344457
2024-08-21 00:00:00+00:00,2.7157260380170376,3.611666996513522,4.0887117872709675,3.2198690642366787,3.621838145738838,3.6054783544572238,3.6101822221262365,3.5729434174265093,1.299526322338459,2.5510612458843918
2024-08-22 00:00:00+00:00,2.6758820103006973,3.560876987025195,4.026903210251429,3.196167363166026,3.5708412378266603,3.5547578701784253,3.5593821853595284,3.522030174756152,1.287264473914286,2.5276791002211785
2024-08-23 00:00:00+00:00,2.6394933873998467,3.5095617993448602,3.9684082548290416,3.1740118088277898,3.5194503147411185,3.5035396659540865,3.5081652278362876,3.472071644715834,1.2777753060646009,2.509420757587482
2024-08-26 00:00:00+00:00,2.631576348300474,3.493565980988481,3.939955864420163,3.1652800512498454,3.502971784468356,3.4875608038988597,3.492072106440271,3.453082738483211,1.2726270043668464,2.4963725824206064
2024-08-27 00:00:00+00:00,2.6157124633119087,3.469697273099715,3.914367625142086,3.155379952611775,3.4791690419962134,3.4637830291461036,3.468315302320705,3.4299934015585616,1.271482621673686,2.488470983442808
2024-08-28 00:00:00+00:00,2.596667082623946,3.4401348471886855,3.877383254450026,3.1414040255370974,3.4493719695799983,3.434257331354456,3.4388262911552454,3.3998123951850427,1.2662153514583503,2.4749285436869823
2024-08-29 00:00:00+00:00,2.5503398080855355,3.3799281110325152,3.807033949151208,3.1141478187423473,3.3889675421179524,3.3741293750956554,3.37859032225487,3.341411601861763,1.2522530596653634,2.4566477748068376
2024-08-30 00:00:00+00:00,2.5766633246807733,3.416810444052728,3.8578542688837474,3.131433073439179,3.4262539082184422,3.410958673058277,3.4155725876606504,3.3787451295567954,1.2580265610585826,2.4720876885377057
2024-09-02 00:00:00+00:00,2.598318082527331,3.450923744729655,3.8907039158956165,3.1452730838154395,3.460145457120243,3.4450292951458747,3.4497231495469767,3.4106805054833065,1.2653217111890236,2.480674955390293
2024-09-03 00:00:00+00:00,2.638349512008054,3.5076847926840795,3.959587629557166,3.1711348764160805,3.517204881177532,3.5016973446649,3.5064911150106317,3.4667271937290693,1.2766369534328545,2.5042479956952013
2024-09-04 00:00:00+00:00,2.6298268809883747,3.5029041615367937,3.956442616435195,3.1687394393644404,3.5124803094511474,3.4968479283617016,3.5016118544438415,3.462318266725059,1.274183047962566,2.5001532971442146
2024-09-05 00:00:00+00:00,2.6428669393413067,3.528909241287806,3.9878041450903012,3.1810542193136535,3.538711272413954,3.5228143341207887,3.5276686854482078,3.4879075244534574,1.2787438901240011,2.5126902488769827
2024-09-06 00:00:00+00:00,2.633289532569926,3.509612755905797,3.9603399811307747,3.1712814848309137,3.519150753600151,3.5036159885133245,3.508526048466105,3.468917488190706,1.2743430765485677,2.503933143908191
2024-09-09 00:00:00+00:00,2.6750830432093125,3.5665180205771425,4.02613104537966,3.196620402153765,3.5762151237573527,3.5604257856988504,3.565563129843938,3.526356220619545,1.2858033402191804,2.5300266934184106
2024-09-10 00:00:00+00:00,2.726617160787623,3.641957602991165,4.1113936373878595,3.228427373073098,3.6516755886175463,3.635716351715696,3.641009031470449,3.5988845920748473,1.3014495840047595,2.5542232981373942
2024-09-11 00:00:00+00:00,2.7756201999731864,3.705153000521524,4.184196686671048,3.255999169949012,3.71509819381571,3.6987878847357387,3.704074097687354,3.6614530492159116,1.3152133831081694,2.579144947891178
2024-09-12 00:00:00+00:00,2.7546589805744195,3.6698683843998734,4.14436148660156,3.239782862435616,3.6796878644665516,3.6635567032914835,3.668799943474757,3.626353057248782,1.3081826997614152,2.5645724650492143
2024-09-13 00:00:00+00:00,2.755575811011243,3.6788914663294316,4.152876667236489,3.2424825006035465,3.6886410688256457,3.6725898275988444,3.6777299833558112,3.6338417167477735,1.3110397181945137,2.564605996532961
2024-09-16 00:00:00+00:00,2.7263480863252902,3.6389600432721005,4.099454535384738,3.222704662222393,3.64810508344332,3.632713280030333,3.637590004223936,3.5923225287982934,1.3028498541875602,2.54246719765175
2024-09-17 00:00:00+00:00,2.7101854629394455,3.6142746115431907,4.074501635589855,3.2132796463757862,3.6235868632210804,3.608054036399437,3.6127740956339376,3.5704164336190543,1.2960113200241465,2.536357808095983
2024-09-18 00:00:00+00:00,2.7212812449184898,3.631448037028798,4.089269426117701,3.21938977116878,3.640491925698056,3.6252079629229987,3.6299023112895994,3.586320132264117,1.2992383927483857,2.5397435756529734
2024-09-19 00:00:00+00:00,2.712706279522299,3.6227546078663244,4.082419836165439,3.2165743144530206,3.6320248917373252,3.616431807001281,3.621207317885488,3.5782035178911693,1.2928957642707386,2.5389225648019735
2024-09-20 00:00:00+00:00,2.7309353915333916,3.6412283523092372,4.116195799475691,3.225111652872982,3.651381196386716,3.634895635657489,3.6397214150341872,3.598989210525537,1.2986998477716643,2.5548964488163155
2024-09-23 00:00:00+00:00,2.751511813866634,3.672103422738855,4.159058869169645,3.2717573210168567,3.6828480009606706,3.66580350786779,3.6707773811804953,3.6300683629394377,1.3076071288664644,2.570376999192539
2024-09-24 00:00:00+00:00,2.762742522216999,3.6906613016332988,4.17825778495052,3.2942937513954473,3.701228353669867,3.684301962984712,3.6891216347118463,3.6476815768729454,1.3094072654141227,2.5739084210686625
2024-09-25 00:00:00+00:00,2.71375071090052,3.6198643967980546,4.0930691144172275,3.2046880897791383,3.6299721806104595,3.613541436294788,3.618238729765681,3.5763469703624033,1.2637067846473657,2.5055962271382906
2024-09-26 00:00:00+00:00,2.698624194814528,3.6014356270794217,4.067706199154375,3.1737075750622767,3.6111588243043884,3.5951150676789085,3.599762857433353,3.558636951223233,1.2503065486640408,2.4898410546382523
2024-09-27 00:00:00+00:00,2.689383164737142,3.5946686104448937,4.059650458402406,3.1649607053198925,3.604260242387502,3.5883125196724266,3.5929361293240887,3.552201758770576,1.2456557978957736,2.4849182508449723
2024-09-30 00:00:00+00:00,2.6537059790203656,3.5530377939506903,4.008116085418564,3.1134013825353355,3.562204979610163,3.546788154882953,3.551451833086664,3.5104741482410993,1.2284202282403467,2.439980832635494
2024-10-01 00:00:00+00:00,2.6690834452290364,3.5748864546991928,4.04098493917536,3.1470720935586316,3.584632833738551,3.5686458229499696,3.573167134598723,3.532295943426833,1.239532172622129,2.464275276078358
2024-10-02 00:00:00+00:00,2.696539527688457,3.6120814484759665,4.08357926593485,3.191414450636647,3.621944935182703,3.6058092528936014,3.610374773084136,3.5683618963207344,1.260712211186224,2.494135267675404
2024-10-03 00:00:00+00:00,2.6636167813487908,3.5727868968524654,4.035401521539295,3.152686562846899,3.5824305073868503,3.5666275559846627,3.5711675047219065,3.528201239686615,1.2432535089308558,2.4423866593832453
2024-10-04 00:00:00+00:00,2.6632292189023623,3.575375969332785,4.03675531653144,3.148235758826759,3.5850300136295736,3.569212423337405,3.573836624458183,3.5295005472759082,1.246432794419093,2.4404582461948063
2024-10-07 00:00:00+00:00,2.6132858728825754,3.5043802940514994,3.951287730056608,3.1144765919336623,3.5135211556438186,3.4983563474340804,3.502913383288844,3.4602566213774177,1.2314810265289264,2.4089597979639126
2024-10-08 00:00:00+00:00,2.579302877560689,3.451355013896177,3.889234958020027,3.049555326974121,3.460205176170473,3.445385050588079,3.449844755104809,3.4092422504072513,1.199913951094175,2.364590748808691
2024-10-09 00:00:00+00:00,2.583259706684924,3.4649232633143088,3.9005109913098948,3.0551274103720574,3.4737031938966156,3.4589366409019155,3.4634170774830246,3.422743553291657,1.2025849402680244,2.36723639163676
2024-10-10 00:00:00+00:00,2.613774230484608,3.5137166881269133,3.961865347960242,3.0775201997641997,3.522919186647639,3.507685485895308,3.5124537462771475,3.471345774006576,1.2167006175339992,2.3903578761018096
2024-10-11 00:00:00+00:00,2.5314174751501044,3.394051006462753,3.8178742182450525,3.0257231752801403,3.4027382563541537,3.388182476319351,3.3926542600671588,3.3528459963393193,1.190885164881904,2.3375587115420484
2024-10-14 00:00:00+00:00,2.572147550550874,3.4497634315231944,3.8827724377945185,3.050631971967451,3.458714672219816,3.443853547123939,3.448522145209793,3.4078448043279996,1.2042861850149176,2.360506659305553
2024-10-15 00:00:00+00:00,2.595970700338067,3.485332658485192,3.9237658782104226,3.065471360070448,3.4943378235181877,3.4793403328275314,3.4838673935571736,3.443718786406476,1.208744394338083,2.378481794975805
2024-10-16 00:00:00+00:00,2.597509899441488,3.4837922734990454,3.9212692629871393,3.064114658832196,3.4927221332689715,3.477786624348602,3.482223542003158,3.4432216311536528,1.2074344236544303,2.3801990552207846
2024-10-17 00:00:00+00:00,2.6079197991061407,3.494638853373693,3.9375018590043642,3.069795787080488,3.5037187158253382,3.4886062294057014,3.4931660646723124,3.4555007359115546,1.2102195532769002,2.3887273737458896
2024-10-18 00:00:00+00:00,2.5659240249763533,3.438310205872108,3.8647648299274486,3.0442260174275995,3.4469609714506673,3.432343520510661,3.436715528375154,3.3994271742957465,1.1960518061670662,2.3642178215129332
2024-10-21 00:00:00+00:00,2.5885283777672,3.474754209104015,3.9026841078356327,3.0582147900622747,3.4832148022844174,3.46873028794659,3.473264713274412,3.434579273244508,1.2044115238954394,2.3746388869125656
2024-10-22 00:00:00+00:00,2.5330995822249536,3.4058553173045336,3.817437118990328,3.0264797771511915,3.413911029046355,3.3999589432804775,3.404420185751665,3.3659369701983284,1.1894777071649512,2.3466667775712486
2024-10-23 00:00:00+00:00,2.545459231609493,3.4124441570317363,3.8260740688255037,3.0291424204206234,3.4204962083178936,3.406538427822903,3.4110620179105156,3.3723733479239923,1.1893419993368028,2.3471554048184786
2024-10-24 00:00:00+00:00,2.580624443371213,3.4662980319185284,3.8960157113676894,3.054134705470769,3.4746738651103306,3.4602748412007895,3.4649297918851727,3.427245960628885,1.1994602058002684,2.3709597910573588
2024-10-25 00:00:00+00:00,2.54105269008076,3.41375296034795,3.833630975814798,3.0307823527871784,3.4219964480885183,3.4078297557532236,3.412313655646458,3.376695909959871,1.1897323543156846,2.3546057204418687
2024-10-28 00:00:00+00:00,2.5286510445120545,3.39636380092429,3.8099042224875124,3.0222480750392053,3.404396760402502,3.3904827633009855,3.394980878803434,3.3588353940720657,1.1854511968362884,2.3465071459249796
2024-10-29 00:00:00+00:00,2.481649299337297,3.3242451476160877,3.7236751032416286,2.990006808004179,3.332126004624811,3.31850244682849,3.3229230536525027,3.2862563738340733,1.1716746783817178,2.3169631252423777
2024-10-30 00:00:00+00:00,2.5048838956568615,3.352519186301206,3.7542488436040644,3.001443877713902,3.3603530716877006,3.346737637626097,3.3510798803574318,3.3143533117876953,1.1778610121183946,2.3242358326020147
2024-10-31 00:00:00+00:00,2.446612344148011,3.2727092869869754,3.6587239834134877,2.965601869159196,3.280308022124176,3.2670944793965346,3.271228008628343,3.2358134079634513,1.1623852325915935,2.294469286169947
2024-11-01 00:00:00+00:00,2.4299162122727855,3.2551310741882573,3.638697876329149,2.9583559425551718,3.262942315862118,3.2495427714816416,3.25356577546345,3.2185857484805065,1.1577459099456953,2.2901671962065984
2024-11-04 00:00:00+00:00,2.4686185364226567,3.317671832356862,3.71315335132784,2.987090219032249,3.3257707076709995,3.311961951978699,3.31627978474808,3.2808802635468592,1.1695690655288817,2.3160030856044904
2024-11-05 00:00:00+00:00,2.4185010193716328,3.2461349434921702,3.628348796741749,2.95403608369645,3.2538386036650557,3.240557730205745,3.244811597941354,3.2101340607593123,1.157523778740213,2.288040155340255
2024-11-06 00:00:00+00:00,2.3984732827786193,3.2276321536951533,3.6015753592886015,2.9435815353634327,3.2350441717925893,3.2220862799394214,3.2263306317917775,3.1897471691849026,1.152608042214342,2.272895327245779
2024-11-07 00:00:00+00:00,2.4511453787310753,3.3042800134239925,3.6937960897966824,2.979522486227909,3.3120395210392743,3.2986036145664204,3.3029495601276713,3.264874540027082,1.1678407508187756,2.3042422940297245
2024-11-08 00:00:00+00:00,2.4522879750479194,3.3005228535471076,3.686044259361011,2.976176706224999,3.308057359775504,3.2948654546570944,3.2991731666971496,3.26033434891696,1.168035262965071,2.301596855084863
2024-11-11 00:00:00+00:00,2.468682616997065,3.3197381790570395,3.7092404146594484,2.9861943655645464,3.3274384545524054,3.314061410276043,3.3184093909238292,3.2802044783888364,1.1709336076910934,2.313673358084572
2024-11-12 00:00:00+00:00,2.457161041621495,3.2994936235517516,3.685023533842671,2.9754209983526483,3.306918042250458,3.2938805051771243,3.298285951468823,3.259003259901785,1.1668671156662702,2.300445667545247
2024-11-13 00:00:00+00:00,2.431303002489705,3.2550087224970397,3.6339198646332904,2.955960813843142,3.262425178587759,3.24949083434604,3.253905049778883,3.214837871377586,1.1586776966963575,2.2844694752653534
2024-11-14 00:00:00+00:00,2.4055221814187306,3.2196057319642004,3.591846876225681,2.9390445746125753,3.2269119273066966,3.2141044904608798,3.218290021097804,3.1798340384801227,1.15060981794907,2.26870772541929
2024-11-15 00:00:00+00:00,2.3766812748846355,3.178820116968265,3.54486737445931,2.9196434867258,3.1859345255486957,3.1733807721989264,3.1775009099549036,3.1391929995590844,1.1414465969043706,2.252666101429843
2024-11-18 00:00:00+00:00,2.3977390202902837,3.2071865899879257,3.568291114352327,2.9299368778494936,3.2139565476690812,3.201668351403109,3.2057661043984385,3.1661348595399046,1.1439494394709933,2.2602403402425835
2024-11-19 00:00:00+00:00,2.4323471312184033,3.2626915388117204,3.6355687354624964,2.9563225920772203,3.269815562582519,3.25706491283164,3.2612241953423067,3.2209235908840355,1.152691382624758,2.28083759490408
2024-11-20 00:00:00+00:00,2.421114217404507,3.2479227051515247,3.6153388140566878,2.9486864936994883,3.2548424654091663,3.2423157626613444,3.2464709571546413,3.2064541901091017,1.1491931615719155,2.275132540275682
2024-11-21 00:00:00+00:00,2.413239311981173,3.2404474588855052,3.6174993663446626,2.9498014459134914,3.248041437085171,3.2348785171244647,3.2388959413964664,3.202436585728754,1.1470209112621945,2.2840690257701266
2024-11-22 00:00:00+00:00,2.3872681403095837,3.2008617094340677,3.57054128892889,2.932698714511347,3.2083925485180464,3.1953454318821453,3.1991934103936233,3.163822457490392,1.1383611265977909,2.272597407019481
2024-11-25 00:00:00+00:00,2.4275580274479927,3.2592969021239835,3.6453594424891818,2.960057420136591,3.2669243955611504,3.253638346847046,3.2575751604426033,3.2249495545074116,1.150685044595866,2.300177270479162
2024-11-26 00:00:00+00:00,2.4054611947119744,3.2234737948064676,3.6064069017452125,2.9439710859943875,3.231053881271201,3.2178276889722284,3.221587637913301,3.188849442360642,1.1413911045496947,2.2846004119522547
2024-11-27 00:00:00+00:00,2.389224132888569,3.199798037042879,3.5742487747548424,2.93154067907224,3.2070883480934325,3.1941053067941065,3.197844829677278,3.1660418869860094,1.1355946896243503,2.2762299382100224
2024-11-28 00:00:00+00:00,2.3497697558838775,3.1487035960303786,3.5112211924554106,2.9078010416951385,3.1558010482821297,3.143141482497008,3.1468198139116796,3.1154481931398736,1.1249731090703878,2.2547904345727683
2024-11-29 00:00:00+00:00,2.3342014137155527,3.1239613931273396,3.4783077630306676,2.8958609765440646,3.1308923793554695,3.1184363498896768,3.1221024961919075,3.0896523950834824,1.1201222895670848,2.2416065692033316
2024-12-02 00:00:00+00:00,2.3396503428208617,3.12904559341576,3.48421163937544,2.89856617506891,3.136110331030411,3.1235254988679335,3.127214677529795,3.095001929935728,1.1216000840197566,2.2444248766308985
2024-12-03 00:00:00+00:00,2.352360736482784,3.1440155780430645,3.5031028929612926,2.9059263014772294,3.1512463704119025,3.1384531807289755,3.1420332643548106,3.111009074369054,1.1231411708815862,2.253036573205815
2024-12-04 00:00:00+00:00,2.382047940778153,3.187347735330746,3.5582849023001164,2.926001319769946,3.194860430487549,3.1817101104893846,3.1853868872481947,3.1544034728170165,1.1325774747583173,2.2692438586724584
2024-12-05 00:00:00+00:00,2.3967374304443427,3.208547092438742,3.5856695454923186,2.9362333789933097,3.216147357667261,3.202861104411315,3.206459055737884,3.1757728786380657,1.1357555208130587,2.278571860365401
2024-12-06 00:00:00+00:00,2.4351623504195863,3.261824160301507,3.6474826236833664,2.9603038513856075,3.2697060668278874,3.2560479541382654,3.259723529052734,3.228143251176071,1.146563423615879,2.3002567794146285
2024-12-09 00:00:00+00:00,2.435051448053354,3.256603365734082,3.6452387874100407,2.9589035431419712,3.2645712718435504,3.2508198921198583,3.2547126026531523,3.2216335829350724,1.1433116340920035,2.2940930399016923
2024-12-10 00:00:00+00:00,2.4219287016942848,3.238419578550058,3.622837173010451,2.949496776498662,3.246191554348588,3.2326797063823056,3.2366572560340727,3.202451603458997,1.1401797716834776,2.2830689658947922
2024-12-11 00:00:00+00:00,2.474066086923202,3.3148217254103134,3.7147445006812982,2.984563850470652,3.3230964610134364,3.3089530508448295,3.313169163378097,3.2774180340252346,1.1553289277489316,2.314825718450331
2024-12-12 00:00:00+00:00,2.511347526753592,3.373577264798878,3.781720834247405,3.008812804320366,3.3821036256630914,3.3676092310001247,3.371886064171737,3.334624075436401,1.1647672145560544,2.3320085533403128
2024-12-13 00:00:00+00:00,2.51816374215318,3.383900437522857,3.79533669751118,3.025065255315746,3.392438046254783,3.377903069090703,3.3821191284345615,3.3447109037841862,1.1719557178063837,2.339640257257732
2024-12-16 00:00:00+00:00,2.5038348889865976,3.368076861006132,3.7697036654168703,2.9976057101395415,3.375985530088121,3.36209964659103,3.3662382409759264,3.324388396195904,1.1620862374042518,2.3056416437470992
2024-12-17 00:00:00+00:00,2.5462710853323065,3.4239129234272108,3.8370359250855812,3.050939780422675,3.432157588187369,3.4178517341536274,3.4221502826467343,3.380012823343796,1.1948750868409237,2.3563585057843546
2024-12-18 00:00:00+00:00,2.5413252512880993,3.418790890744085,3.8267895827537344,3.0381992255099135,3.426670096391229,3.4127372764999233,3.4169405369112322,3.3755133084422106,1.1924092378532607,2.352932000763621
2024-12-19 00:00:00+00:00,2.6104314848045638,3.5157617479992678,3.941854221383971,3.1578405114106984,3.524143417416894,3.5095270651936574,3.513821635577722,3.4723914174542583,1.2381799105207945,2.44571129992128
2024-12-20 00:00:00+00:00,2.6174266245013835,3.522588729544438,3.944167663257777,3.1597570183141572,3.530615881977257,3.516340857958314,3.5208779981652714,3.475695385172511,1.2374980236191953,2.4369211429738735
2024-12-23 00:00:00+00:00,2.641301396747869,3.55433572010545,3.9849405519263863,3.203226445960575,3.5626682456343386,3.548056483180635,3.55271838788394,3.507140983779773,1.243460710148293,2.451578887609113
2024-12-24 00:00:00+00:00,2.641917490424875,3.5590977698627597,3.9898112705624627,3.2086646050859233,3.567420417995414,3.5527975178901503,3.557533809910416,3.51169160793311,1.2461526586724618,2.4557930101211194
2024-12-25 00:00:00+00:00,2.6202972920079954,3.5367494537265216,3.9581952195805203,3.182556545301073,3.544628493602823,3.530482240070089,3.535164140417753,3.487840567820973,1.230045021325622,2.420753844309923
2024-12-26 00:00:00+00:00,2.5839892000920894,3.4926940491892444,3.9055297347784315,3.1290903426187264,3.500264048866477,3.486507522822375,3.491078506845629,3.445315487104715,1.223060442972165,2.4015747018824016
2024-12-27 00:00:00+00:00,2.5450592071371876,3.434538559613012,3.833567179808373,3.0531486474012675,3.4416257749442654,3.428485323598301,3.4330964213995507,3.3859123219165506,1.2125831410688888,2.3701939833199415
2024-12-30 00:00:00+00:00,2.5616084579981058,3.4562847172692153,3.8651435744453178,3.0833018698056267,3.463925356307673,3.4501686885646787,3.454746334617637,3.410720878892104,1.2185025949703774,2.404128138452552
2024-12-31 00:00:00+00:00,2.509845685750027,3.3864502298522248,3.7800441700666,2.9926710706114505,3.393446210807221,3.380403533477111,3.384872846355382,3.3417616584176844,1.1747763662678248,2.3281972487043388
